Marker,Jour,Mois,Année,Plongeur,Début - lat.,Début - long.,Fin - lat.,Fin - long.,Depth,Site,Transect,section,SEX,SIZE,Escape,Sa,Va,Du,Al,Co,Gr,Ca,type,commentaire
1,4,8,2006,Gpaulin,4552.954,6327.644,4552.967,6327.719,30,FH,L1-T1,1,,,,0,0,1,1,1,1,0,Simple,
2,4,8,2006,Gpaulin,4552.954,6327.644,4552.967,6327.719,30,FH,L1-T1,2,,,,,,,,,,,Simple,
3,4,8,2006,Gpaulin,4552.954,6327.644,4552.967,6327.719,30,FH,L1-T1,3,,,,,,,,,,,Simple,LS
4,4,8,2006,Gpaulin,4552.954,6327.644,4552.967,6327.719,30,FH,L1-T1,4,,,,,,,,,,,Simple,LS
5,4,8,2006,Gpaulin,4552.954,6327.644,4552.967,6327.719,30,FH,L1-T1,5,,,,,,,,,,,Simple,
6,4,8,2006,Gpaulin,4552.954,6327.644,4552.967,6327.719,30,FH,L1-T1,6,,,,,,,,,,,Simple,
7,4,8,2006,Gpaulin,4552.954,6327.644,4552.967,6327.719,30,FH,L1-T1,7,,,,,,,,,,,Simple,
8,4,8,2006,Gpaulin,4552.954,6327.644,4552.967,6327.719,30,FH,L1-T1,8,,,,,,,,,,,Simple,
9,4,8,2006,Gpaulin,4552.954,6327.644,4552.967,6327.719,30,FH,L1-T1,9,,,,,,,,,,,Simple,
10,4,8,2006,Gpaulin,4552.954,6327.644,4552.967,6327.719,30,FH,L1-T1,10,,,,,,,,,,,Simple,
11,4,8,2006,Gpaulin,4552.954,6327.644,4552.967,6327.719,30,FH,L1-T1,11,,,,,,,,,,,Simple,LS
12,4,8,2006,Gpaulin,4552.954,6327.644,4552.967,6327.719,30,FH,L1-T1,12,,,,,,,,,,,Simple,LS
13,4,8,2006,Gpaulin,4552.954,6327.644,4552.967,6327.719,30,FH,L1-T1,13,,,,,,,,,,,Simple,
14,4,8,2006,Gpaulin,4552.954,6327.644,4552.967,6327.719,30,FH,L1-T1,14,,,,,,,,,,,Simple,
15,4,8,2006,Gpaulin,4552.954,6327.644,4552.967,6327.719,30,FH,L1-T1,15,,,,,,,,,,,Simple,
16,4,8,2006,Gpaulin,4552.954,6327.644,4552.967,6327.719,30,FH,L1-T1,16,M,109,,,,,,,,,Simple,
17,4,8,2006,Gpaulin,4552.954,6327.644,4552.967,6327.719,30,FH,L1-T1,17,,,,,,,,,,,Simple,LS
18,4,8,2006,Gpaulin,4552.954,6327.644,4552.967,6327.719,30,FH,L1-T1,18,,,,,,,,,,,Simple,
19,4,8,2006,Gpaulin,4552.954,6327.644,4552.967,6327.719,30,FH,L1-T1,19,,,,,,,,,,,Simple,
20,4,8,2006,Mcomeau,4552.954,6327.644,4552.967,6327.719,30,FH,L1-T1,1,,,,,,,,,,,Simple,
21,4,8,2006,Mcomeau,4552.954,6327.644,4552.967,6327.719,30,FH,L1-T1,2,,,,,,,,,,,Simple,
22,4,8,2006,Mcomeau,4552.954,6327.644,4552.967,6327.719,30,FH,L1-T1,3,,,,,,,,,,,Simple,
23,4,8,2006,Mcomeau,4552.954,6327.644,4552.967,6327.719,30,FH,L1-T1,4,,,,,,,,,,,Simple,
24,4,8,2006,Mcomeau,4552.954,6327.644,4552.967,6327.719,30,FH,L1-T1,5,,,,,,,,,,,Simple,
25,4,8,2006,Mcomeau,4552.954,6327.644,4552.967,6327.719,30,FH,L1-T1,6,,,,,,,,,,,Simple,
26,4,8,2006,Mcomeau,4552.954,6327.644,4552.967,6327.719,30,FH,L1-T1,7,,,,,,,,,,,Simple,
27,4,8,2006,Mcomeau,4552.954,6327.644,4552.967,6327.719,30,FH,L1-T1,8,,,,,,,,,,,Simple,
28,4,8,2006,Mcomeau,4552.954,6327.644,4552.967,6327.719,30,FH,L1-T1,9,,,,,,,,,,,Simple,
29,4,8,2006,Mcomeau,4552.954,6327.644,4552.967,6327.719,30,FH,L1-T1,10,,,,,,,,,,,Simple,
30,4,8,2006,Mcomeau,4552.954,6327.644,4552.967,6327.719,30,FH,L1-T1,11,,,,,,,,,,,Simple,
31,4,8,2006,Mcomeau,4552.954,6327.644,4552.967,6327.719,30,FH,L1-T1,12,,,,,,,,,,,Simple,
32,4,8,2006,Mcomeau,4552.954,6327.644,4552.967,6327.719,30,FH,L1-T1,13,,,,,,,,,,,Simple,
33,4,8,2006,Mcomeau,4552.954,6327.644,4552.967,6327.719,30,FH,L1-T1,14,,,,,,,,,,,Simple,
34,4,8,2006,Mcomeau,4552.954,6327.644,4552.967,6327.719,30,FH,L1-T1,15,,,,,,,,,,,Simple,LS
35,4,8,2006,Mcomeau,4552.954,6327.644,4552.967,6327.719,30,FH,L1-T1,16,,,,,,,,,,,Simple,LS
36,4,8,2006,Mcomeau,4552.954,6327.644,4552.967,6327.719,30,FH,L1-T1,17,,,,,,,,,,,Simple,
37,4,8,2006,Mcomeau,4552.954,6327.644,4552.967,6327.719,30,FH,L1-T1,18,,,,,,,,,,,Simple,LS
38,4,8,2006,Fsavoie,4552.949,6327.826,4552.962,6327.901,30,FH,L1-T2,1,,,,,,,,,,,Simple,
39,4,8,2006,Fsavoie,4552.949,6327.826,4552.962,6327.901,30,FH,L1-T2,2,,,,,,,,,,,Simple,
40,4,8,2006,Fsavoie,4552.949,6327.826,4552.962,6327.901,30,FH,L1-T2,3,,,,,,,,,,,Simple,
41,4,8,2006,Fsavoie,4552.949,6327.826,4552.962,6327.901,30,FH,L1-T2,4,,,,,,,,,,,Simple,
42,4,8,2006,Fsavoie,4552.949,6327.826,4552.962,6327.901,30,FH,L1-T2,5,,,,,,,,,,,Simple,
43,4,8,2006,Fsavoie,4552.949,6327.826,4552.962,6327.901,30,FH,L1-T2,6,,,,,,,,,,,Simple,
44,4,8,2006,Fsavoie,4552.949,6327.826,4552.962,6327.901,30,FH,L1-T2,7,,,,,,,,,,,Simple,
45,4,8,2006,Fsavoie,4552.949,6327.826,4552.962,6327.901,30,FH,L1-T2,8,,,,,,,,,,,Simple,LS
46,4,8,2006,Fsavoie,4552.949,6327.826,4552.962,6327.901,30,FH,L1-T2,9,,,,,,,,,,,Simple,
47,4,8,2006,Fsavoie,4552.949,6327.826,4552.962,6327.901,30,FH,L1-T2,10,,,,,,,,,,,Simple,
48,4,8,2006,Fsavoie,4552.949,6327.826,4552.962,6327.901,30,FH,L1-T2,11,,,,,,,,,,,Simple,LS
49,4,8,2006,Fsavoie,4552.949,6327.826,4552.962,6327.901,30,FH,L1-T2,12,,,,,,,,,,,Simple,
50,4,8,2006,Fsavoie,4552.949,6327.826,4552.962,6327.901,30,FH,L1-T2,13,,,,,,,,,,,Simple,
51,4,8,2006,Fsavoie,4552.949,6327.826,4552.962,6327.901,30,FH,L1-T2,14,,,,,,,,,,,Simple,
52,4,8,2006,Fsavoie,4552.949,6327.826,4552.962,6327.901,30,FH,L1-T2,15,,,,,,,,,,,Simple,
53,4,8,2006,Fsavoie,4552.949,6327.826,4552.962,6327.901,30,FH,L1-T2,18,,,,,,,,,,,Simple,
54,4,8,2006,Fsavoie,4552.949,6327.826,4552.962,6327.901,30,FH,L1-T2,19,,,,,,,,,,,Simple,
55,4,8,2006,Fsavoie,4552.949,6327.826,4552.962,6327.901,30,FH,L1-T2,20,,,,,,,,,,,Simple,
56,4,8,2006,Grobichaud,4552.949,6327.826,4552.962,6327.901,30,FH,L1-T2,1,,,,,,,,,,,Simple,
57,4,8,2006,Grobichaud,4552.949,6327.826,4552.962,6327.901,30,FH,L1-T2,2,,,,,,,,,,,Simple,
58,4,8,2006,Grobichaud,4552.949,6327.826,4552.962,6327.901,30,FH,L1-T2,3,,,,,,,,,,,Simple,
59,4,8,2006,Grobichaud,4552.949,6327.826,4552.962,6327.901,30,FH,L1-T2,4,,,,,,,,,,,Simple,
60,4,8,2006,Grobichaud,4552.949,6327.826,4552.962,6327.901,30,FH,L1-T2,5,,,,,,,,,,,Simple,
61,4,8,2006,Grobichaud,4552.949,6327.826,4552.962,6327.901,30,FH,L1-T2,6,,,,,,,,,,,Simple,
62,4,8,2006,Grobichaud,4552.949,6327.826,4552.962,6327.901,30,FH,L1-T2,7,,,,,,,,,,,Simple,
63,4,8,2006,Grobichaud,4552.949,6327.826,4552.962,6327.901,30,FH,L1-T2,8,,,,,,,,,,,Simple,
64,4,8,2006,Grobichaud,4552.949,6327.826,4552.962,6327.901,30,FH,L1-T2,9,,,,,,,,,,,Simple,
65,4,8,2006,Grobichaud,4552.949,6327.826,4552.962,6327.901,30,FH,L1-T2,10,,,,,,,,,,,Simple,
66,4,8,2006,Grobichaud,4552.949,6327.826,4552.962,6327.901,30,FH,L1-T2,11,,,,,,,,,,,Simple,
67,4,8,2006,Grobichaud,4552.949,6327.826,4552.962,6327.901,30,FH,L1-T2,12,f,87,,,,,,,,,Simple,
68,4,8,2006,Grobichaud,4552.949,6327.826,4552.962,6327.901,30,FH,L1-T2,13,,,,,,,,,,,Simple,
69,4,8,2006,Grobichaud,4552.949,6327.826,4552.962,6327.901,30,FH,L1-T2,15,,,,,,,,,,,Simple,
70,4,8,2006,Grobichaud,4552.949,6327.826,4552.962,6327.901,30,FH,L1-T2,20,,,,,,,,,,,Simple,
71,1,8,2006,Fsavoie,4552.612,6326.047,4552.626,6326.122,22,FH,L3-T1,1,,,,,,,,,,,Simple,
72,1,8,2006,Fsavoie,4552.612,6326.047,4552.626,6326.122,22,FH,L3-T1,3,,,,,,,,,,,Simple,
73,1,8,2006,Fsavoie,4552.612,6326.047,4552.626,6326.122,22,FH,L3-T1,5,,,,,,,,,,,Simple,
74,1,8,2006,Fsavoie,4552.612,6326.047,4552.626,6326.122,22,FH,L3-T1,6,,,,,,,,,,,Simple,
75,1,8,2006,Fsavoie,4552.612,6326.047,4552.626,6326.122,22,FH,L3-T1,7,,,,,,,,,,,Simple,
76,1,8,2006,Fsavoie,4552.612,6326.047,4552.626,6326.122,22,FH,L3-T1,8,,,,,,,,,,,Simple,
77,1,8,2006,Fsavoie,4552.612,6326.047,4552.626,6326.122,22,FH,L3-T1,9,i,71,CANNER,,,,,,,,Simple,
78,1,8,2006,Fsavoie,4552.612,6326.047,4552.626,6326.122,22,FH,L3-T1,10,,,,,,,,,,,Simple,
79,1,8,2006,Fsavoie,4552.612,6326.047,4552.626,6326.122,22,FH,L3-T1,11,,,,,,,,,,,Simple,
80,1,8,2006,Fsavoie,4552.612,6326.047,4552.626,6326.122,22,FH,L3-T1,12,,,,,,,,,,,Simple,
81,1,8,2006,Fsavoie,4552.612,6326.047,4552.626,6326.122,22,FH,L3-T1,13,,,,,,,,,,,Simple,
82,1,8,2006,Fsavoie,4552.612,6326.047,4552.626,6326.122,22,FH,L3-T1,14,,,,,,,,,,,Simple,
83,1,8,2006,Fsavoie,4552.612,6326.047,4552.626,6326.122,22,FH,L3-T1,15,,,,,,,,,,,Simple,
84,1,8,2006,Fsavoie,4552.612,6326.047,4552.626,6326.122,22,FH,L3-T1,16,,,,,,,,,,,Simple,LS
85,1,8,2006,Fsavoie,4552.612,6326.047,4552.626,6326.122,22,FH,L3-T1,20,,,,,,,,,,,Simple,
86,1,8,2006,Elandry,4552.582,6325.883,4552.595,6325.958,28,FH,L3-T2,1,,,,,,,,,,,Simple,
87,1,8,2006,Elandry,4552.582,6325.883,4552.595,6325.958,28,FH,L3-T2,4,,,,,,,,,,,Simple,
88,1,8,2006,Elandry,4552.582,6325.883,4552.595,6325.958,28,FH,L3-T2,5,f,72,,,,,,,,,Simple,
89,1,8,2006,Elandry,4552.582,6325.883,4552.595,6325.958,28,FH,L3-T2,6,m,18,,,,,,,,,Simple,
90,1,8,2006,Elandry,4552.582,6325.883,4552.595,6325.958,28,FH,L3-T2,7,,,,,,,,,,,Simple,
91,1,8,2006,Elandry,4552.582,6325.883,4552.595,6325.958,28,FH,L3-T2,8,m,62,,,,,,,,,Simple,
92,1,8,2006,Elandry,4552.582,6325.883,4552.595,6325.958,28,FH,L3-T2,9,,,,,,,,,,,Simple,
93,1,8,2006,Elandry,4552.582,6325.883,4552.595,6325.958,28,FH,L3-T2,10,,,,,,,,,,,Simple,
94,1,8,2006,Elandry,4552.582,6325.883,4552.595,6325.958,28,FH,L3-T2,11,,,,,,,,,,,Simple,
95,1,8,2006,Elandry,4552.582,6325.883,4552.595,6325.958,28,FH,L3-T2,12,,,,,,,,,,,Simple,
96,1,8,2006,Elandry,4552.582,6325.883,4552.595,6325.958,28,FH,L3-T2,13,,,,,,,,,,,Simple,
97,1,8,2006,Elandry,4552.582,6325.883,4552.595,6325.958,28,FH,L3-T2,14,,,,,,,,,,,Simple,
98,1,8,2006,Elandry,4552.582,6325.883,4552.595,6325.958,28,FH,L3-T2,15,,,,,,,,,,,Simple,
99,1,8,2006,Elandry,4552.582,6325.883,4552.595,6325.958,28,FH,L3-T2,16,,,,,,,,,,,Simple,
100,1,8,2006,Elandry,4552.582,6325.883,4552.595,6325.958,28,FH,L3-T2,17,,,,,,,,,,,Simple,
101,1,8,2006,Elandry,4552.582,6325.883,4552.595,6325.958,28,FH,L3-T2,18,,,,,,,,,,,Simple,
102,1,8,2006,Elandry,4552.582,6325.883,4552.595,6325.958,28,FH,L3-T2,19,,,,,,,,,,,Simple,
103,1,8,2006,Elandry,4552.582,6325.883,4552.595,6325.958,28,FH,L3-T2,20,m,110,,,,,,,,,Simple,
104,1,8,2006,Bcomeau,4552.582,6325.883,4552.595,6325.958,28,FH,L3-T2,1,m,35,,,,,,,,,Simple,
105,1,8,2006,Bcomeau,4552.582,6325.883,4552.595,6325.958,28,FH,L3-T2,2,,,,,,,,,,,Simple,
106,1,8,2006,Bcomeau,4552.582,6325.883,4552.595,6325.958,28,FH,L3-T2,3,,,,,,,,,,,Simple,
107,1,8,2006,Bcomeau,4552.582,6325.883,4552.595,6325.958,28,FH,L3-T2,4,,,,,,,,,,,Simple,
108,1,8,2006,Bcomeau,4552.582,6325.883,4552.595,6325.958,28,FH,L3-T2,5,f,69,,,,,,,,,Simple,
109,1,8,2006,Bcomeau,4552.582,6325.883,4552.595,6325.958,28,FH,L3-T2,6,m,61,,,,,,,,,Simple,
110,1,8,2006,Bcomeau,4552.582,6325.883,4552.595,6325.958,28,FH,L3-T2,7,,,,,,,,,,,Simple,
111,1,8,2006,Bcomeau,4552.582,6325.883,4552.595,6325.958,28,FH,L3-T2,8,,,,,,,,,,,Simple,
112,1,8,2006,Bcomeau,4552.582,6325.883,4552.595,6325.958,28,FH,L3-T2,9,,,,,,,,,,,Simple,
113,1,8,2006,Bcomeau,4552.582,6325.883,4552.595,6325.958,28,FH,L3-T2,10,,,,,,,,,,,Simple,
114,1,8,2006,Bcomeau,4552.582,6325.883,4552.595,6325.958,28,FH,L3-T2,12,,,,,,,,,,,Simple,
115,1,8,2006,Bcomeau,4552.582,6325.883,4552.595,6325.958,28,FH,L3-T2,13,,,,,,,,,,,Simple,
116,1,8,2006,Bcomeau,4552.582,6325.883,4552.595,6325.958,28,FH,L3-T2,15,,,,,,,,,,,Simple,
117,1,8,2006,Bcomeau,4552.582,6325.883,4552.595,6325.958,28,FH,L3-T2,18,,,,,,,,,,,Simple,
118,1,8,2006,Bcomeau,4552.582,6325.883,4552.595,6325.958,28,FH,L3-T2,19,,,,,,,,,,,Simple,
119,1,8,2006,Bcomeau,4552.582,6325.883,4552.595,6325.958,28,FH,L3-T2,20,,,,,,,,,,,Simple,
120,1,8,2006,Fsavoie,4552.551,6325.712,4552.564,6325.787,25,FH,L3-T3,16,,,,,,,,,,,Simple,LS
121,1,8,2006,Fsavoie,4552.551,6325.712,4552.564,6325.787,25,FH,L3-T3,17,m,80,,,,,,,,,Simple,
122,1,8,2006,Fsavoie,4552.551,6325.712,4552.564,6325.787,25,FH,L3-T3,18,,,,,,,,,,,Simple,
123,1,8,2006,Fsavoie,4552.551,6325.712,4552.564,6325.787,25,FH,L3-T3,19,,,,,,,,,,,Simple,
124,1,8,2006,Fsavoie,4552.551,6325.712,4552.564,6325.787,25,FH,L3-T3,20,,,,,,,,,,,Simple,
125,1,8,2006,Fplante,4552.551,6325.712,4552.564,6325.787,25,FH,L3-T3,9,,,,,,,,,,,Simple,
126,1,8,2006,Fplante,4552.551,6325.712,4552.564,6325.787,25,FH,L3-T3,16,,,,,,,,,,,Simple,
127,1,8,2006,Fsavoie,4552.557,6326.099,4552.571,6326.175,22,FH,L3-T4,1,,,,,,,,,,,Simple,
128,1,8,2006,Fsavoie,4552.557,6326.099,4552.571,6326.175,22,FH,L3-T4,2,,,,,,,,,,,Simple,
129,1,8,2006,Fsavoie,4552.557,6326.099,4552.571,6326.175,22,FH,L3-T4,3,,,,,,,,,,,Simple,
130,1,8,2006,Fsavoie,4552.557,6326.099,4552.571,6326.175,22,FH,L3-T4,4,,,,,,,,,,,Simple,
131,1,8,2006,Fsavoie,4552.557,6326.099,4552.571,6326.175,22,FH,L3-T4,5,,,,,,,,,,,Simple,
132,1,8,2006,Fsavoie,4552.557,6326.099,4552.571,6326.175,22,FH,L3-T4,6,i,75,CAN,,,,,,,,Simple,
133,1,8,2006,Fsavoie,4552.557,6326.099,4552.571,6326.175,22,FH,L3-T4,7,,,,,,,,,,,Simple,
134,1,8,2006,Fsavoie,4552.557,6326.099,4552.571,6326.175,22,FH,L3-T4,8,,,,,,,,,,,Simple,
135,1,8,2006,Fsavoie,4552.557,6326.099,4552.571,6326.175,22,FH,L3-T4,10,,,,,,,,,,,Simple,
136,1,8,2006,Fsavoie,4552.557,6326.099,4552.571,6326.175,22,FH,L3-T4,11,,,,,,,,,,,Simple,
137,1,8,2006,Fsavoie,4552.557,6326.099,4552.571,6326.175,22,FH,L3-T4,12,,,,,,,,,,,Simple,
138,1,8,2006,Fsavoie,4552.557,6326.099,4552.571,6326.175,22,FH,L3-T4,13,,,,,,,,,,,Simple,
139,1,8,2006,Fsavoie,4552.557,6326.099,4552.571,6326.175,22,FH,L3-T4,16,,,,,,,,,,,Simple,
140,1,8,2006,Fsavoie,4552.557,6326.099,4552.571,6326.175,22,FH,L3-T4,17,,,,,,,,,,,Simple,
141,1,8,2006,Fsavoie,4552.557,6326.099,4552.571,6326.175,22,FH,L3-T4,18,,,,,,,,,,,Simple,
142,1,8,2006,Fsavoie,4552.557,6326.099,4552.571,6326.175,22,FH,L3-T4,19,,,,,,,,,,,Simple,
143,1,8,2006,Fsavoie,4552.557,6326.099,4552.571,6326.175,22,FH,L3-T4,20,,,,,,,,,,,Simple,
144,1,8,2006,Elandry,4552.526,6325.917,4552.539,6325.991,24,FH,L3-T5,1,m,125,,,,,,,,,Simple,
145,1,8,2006,Elandry,4552.526,6325.917,4552.539,6325.991,24,FH,L3-T5,2,,,,,,,,,,,Simple,
146,1,8,2006,Elandry,4552.526,6325.917,4552.539,6325.991,24,FH,L3-T5,3,,,,,,,,,,,Simple,
147,1,8,2006,Elandry,4552.526,6325.917,4552.539,6325.991,24,FH,L3-T5,4,,,,,,,,,,,Simple,
148,1,8,2006,Elandry,4552.526,6325.917,4552.539,6325.991,24,FH,L3-T5,5,,,,,,,,,,,Simple,LS
149,1,8,2006,Elandry,4552.526,6325.917,4552.539,6325.991,24,FH,L3-T5,6,,,,,,,,,,,Simple,
150,1,8,2006,Elandry,4552.526,6325.917,4552.539,6325.991,24,FH,L3-T5,7,,,,,,,,,,,Simple,
151,1,8,2006,Elandry,4552.526,6325.917,4552.539,6325.991,24,FH,L3-T5,8,,,,,,,,,,,Simple,
152,1,8,2006,Elandry,4552.526,6325.917,4552.539,6325.991,24,FH,L3-T5,9,,,,,,,,,,,Simple,
153,1,8,2006,Elandry,4552.526,6325.917,4552.539,6325.991,24,FH,L3-T5,10,,,,,,,,,,,Simple,
154,1,8,2006,Elandry,4552.526,6325.917,4552.539,6325.991,24,FH,L3-T5,11,,,,,,,,,,,Simple,
155,1,8,2006,Elandry,4552.526,6325.917,4552.539,6325.991,24,FH,L3-T5,12,,,,,,,,,,,Simple,
156,1,8,2006,Elandry,4552.526,6325.917,4552.539,6325.991,24,FH,L3-T5,13,,,,,,,,,,,Simple,
157,1,8,2006,Elandry,4552.526,6325.917,4552.539,6325.991,24,FH,L3-T5,14,,,,,,,,,,,Simple,
158,1,8,2006,Elandry,4552.526,6325.917,4552.539,6325.991,24,FH,L3-T5,16,m,80,,,,,,,,,Simple,
159,1,8,2006,Elandry,4552.526,6325.917,4552.539,6325.991,24,FH,L3-T5,17,,,,,,,,,,,Simple,
160,1,8,2006,Elandry,4552.526,6325.917,4552.539,6325.991,24,FH,L3-T5,18,,,,,,,,,,,Simple,
161,1,8,2006,Elandry,4552.526,6325.917,4552.539,6325.991,24,FH,L3-T5,19,,,,,,,,,,,Simple,
162,1,8,2006,Gpaulin,4552.526,6325.917,4552.539,6325.991,24,FH,L3-T5,1,,,,,,,,,,,Simple,
163,1,8,2006,Gpaulin,4552.526,6325.917,4552.539,6325.991,24,FH,L3-T5,2,m,64,,,,,,,,,Simple,
164,1,8,2006,Gpaulin,4552.526,6325.917,4552.539,6325.991,24,FH,L3-T5,3,,,,,,,,,,,Simple,
165,1,8,2006,Gpaulin,4552.526,6325.917,4552.539,6325.991,24,FH,L3-T5,4,,,,,,,,,,,Simple,
166,1,8,2006,Gpaulin,4552.526,6325.917,4552.539,6325.991,24,FH,L3-T5,6,,,,,,,,,,,Simple,
167,1,8,2006,Gpaulin,4552.526,6325.917,4552.539,6325.991,24,FH,L3-T5,7,,,,,,,,,,,Simple,
168,1,8,2006,Gpaulin,4552.526,6325.917,4552.539,6325.991,24,FH,L3-T5,8,,,,,,,,,,,Simple,
169,1,8,2006,Gpaulin,4552.526,6325.917,4552.539,6325.991,24,FH,L3-T5,9,,,,,,,,,,,Simple,
170,1,8,2006,Gpaulin,4552.526,6325.917,4552.539,6325.991,24,FH,L3-T5,10,,,,,,,,,,,Simple,
171,1,8,2006,Gpaulin,4552.526,6325.917,4552.539,6325.991,24,FH,L3-T5,11,,,,,,,,,,,Simple,
172,1,8,2006,Gpaulin,4552.526,6325.917,4552.539,6325.991,24,FH,L3-T5,12,,,,,,,,,,,Simple,
173,1,8,2006,Gpaulin,4552.526,6325.917,4552.539,6325.991,24,FH,L3-T5,13,,,,,,,,,,,Simple,
174,1,8,2006,Gpaulin,4552.526,6325.917,4552.539,6325.991,24,FH,L3-T5,14,,,,,,,,,,,Simple,
175,1,8,2006,Gpaulin,4552.526,6325.917,4552.539,6325.991,24,FH,L3-T5,15,,,,,,,,,,,Simple,
176,1,8,2006,Gpaulin,4552.526,6325.917,4552.539,6325.991,24,FH,L3-T5,16,,,,,,,,,,,Simple,LS
177,1,8,2006,Gpaulin,4552.526,6325.917,4552.539,6325.991,24,FH,L3-T5,17,m,85,,,,,,,,,Simple,
178,1,8,2006,Gpaulin,4552.526,6325.917,4552.539,6325.991,24,FH,L3-T5,18,,,,,,,,,,,Simple,
179,1,8,2006,Gpaulin,4552.526,6325.917,4552.539,6325.991,24,FH,L3-T5,19,,,,,,,,,,,Simple,
180,1,8,2006,Gpaulin,4552.501,6325.764,4552.515,6325.839,21,FH,L3-T6,1,,,,,,,,,,,Simple,
181,1,8,2006,Gpaulin,4552.501,6325.764,4552.515,6325.839,21,FH,L3-T6,2,,,,,,,,,,,Simple,
182,1,8,2006,Gpaulin,4552.501,6325.764,4552.515,6325.839,21,FH,L3-T6,3,,,,,,,,,,,Simple,
183,1,8,2006,Gpaulin,4552.501,6325.764,4552.515,6325.839,21,FH,L3-T6,4,,,,,,,,,,,Simple,
184,1,8,2006,Gpaulin,4552.501,6325.764,4552.515,6325.839,21,FH,L3-T6,5,,,,,,,,,,,Simple,
185,1,8,2006,Gpaulin,4552.501,6325.764,4552.515,6325.839,21,FH,L3-T6,6,,,,,,,,,,,Simple,
186,1,8,2006,Gpaulin,4552.501,6325.764,4552.515,6325.839,21,FH,L3-T6,7,,,,,,,,,,,Simple,
187,1,8,2006,Gpaulin,4552.501,6325.764,4552.515,6325.839,21,FH,L3-T6,8,,,,,,,,,,,Simple,
188,1,8,2006,Gpaulin,4552.501,6325.764,4552.515,6325.839,21,FH,L3-T6,9,,,,,,,,,,,Simple,
189,1,8,2006,Gpaulin,4552.501,6325.764,4552.515,6325.839,21,FH,L3-T6,11,,,,,,,,,,,Simple,
190,1,8,2006,Gpaulin,4552.501,6325.764,4552.515,6325.839,21,FH,L3-T6,12,,,,,,,,,,,Simple,
191,1,8,2006,Gpaulin,4552.501,6325.764,4552.515,6325.839,21,FH,L3-T6,13,f,62,,,,,,,,,Simple,
192,1,8,2006,Gpaulin,4552.501,6325.764,4552.515,6325.839,21,FH,L3-T6,14,,,,,,,,,,,Simple,
193,1,8,2006,Gpaulin,4552.501,6325.764,4552.515,6325.839,21,FH,L3-T6,15,,,,,,,,,,,Simple,
194,1,8,2006,Bcomeau,4552.501,6325.764,4552.515,6325.839,21,FH,L3-T6,7,,,,,,,,,,,Simple,
195,1,8,2006,Bcomeau,4552.501,6325.764,4552.515,6325.839,21,FH,L3-T6,8,,,,,,,,,,,Simple,
196,1,8,2006,Bcomeau,4552.501,6325.764,4552.515,6325.839,21,FH,L3-T6,9,,,,,,,,,,,Simple,
197,1,8,2006,Bcomeau,4552.501,6325.764,4552.515,6325.839,21,FH,L3-T6,10,,,,,,,,,,,Simple,
198,1,8,2006,Bcomeau,4552.501,6325.764,4552.515,6325.839,21,FH,L3-T6,11,,,,,,,,,,,Simple,
199,1,8,2006,Bcomeau,4552.501,6325.764,4552.515,6325.839,21,FH,L3-T6,12,,,,,,,,,,,Simple,LS
200,1,8,2006,Bcomeau,4552.501,6325.764,4552.515,6325.839,21,FH,L3-T6,13,,,,,,,,,,,Simple,
201,1,8,2006,Bcomeau,4552.501,6325.764,4552.515,6325.839,21,FH,L3-T6,15,,,,,,,,,,,Simple,LS
202,1,8,2006,Bcomeau,4552.501,6325.764,4552.515,6325.839,21,FH,L3-T6,16,f,87,,,,,,,,,Simple,
203,1,8,2006,Bcomeau,4552.501,6325.764,4552.515,6325.839,21,FH,L3-T6,18,,,,,,,,,,,Simple,
204,31,7,2006,Bcomeau,4552.187,6324.624,4552.201,6324.699,30,FH,L4-T2,1,,,,,,,,,,,Simple,
205,31,7,2006,Bcomeau,4552.187,6324.624,4552.201,6324.699,30,FH,L4-T2,2,,,,,,,,,,,Simple,
206,31,7,2006,Bcomeau,4552.187,6324.624,4552.201,6324.699,30,FH,L4-T2,3,,,,,,,,,,,Simple,
207,31,7,2006,Bcomeau,4552.187,6324.624,4552.201,6324.699,30,FH,L4-T2,4,f,40,,,,,,,,,Simple,
208,31,7,2006,Bcomeau,4552.187,6324.624,4552.201,6324.699,30,FH,L4-T2,5,,,,,,,,,,,Simple,
209,31,7,2006,Bcomeau,4552.187,6324.624,4552.201,6324.699,30,FH,L4-T2,6,,,,,,,,,,,Simple,
210,31,7,2006,Bcomeau,4552.187,6324.624,4552.201,6324.699,30,FH,L4-T2,7,,,,,,,,,,,Simple,
211,31,7,2006,Bcomeau,4552.187,6324.624,4552.201,6324.699,30,FH,L4-T2,8,,,,,,,,,,,Simple,
212,31,7,2006,Bcomeau,4552.187,6324.624,4552.201,6324.699,30,FH,L4-T2,9,,,,,,,,,,,Simple,
213,31,7,2006,Bcomeau,4552.187,6324.624,4552.201,6324.699,30,FH,L4-T2,10,,,,,,,,,,,Simple,
214,31,7,2006,Bcomeau,4552.187,6324.624,4552.201,6324.699,30,FH,L4-T2,11,,,,,,,,,,,Simple,
215,31,7,2006,Bcomeau,4552.187,6324.624,4552.201,6324.699,30,FH,L4-T2,12,,,,,,,,,,,Simple,
216,31,7,2006,Bcomeau,4552.187,6324.624,4552.201,6324.699,30,FH,L4-T2,13,,,,,,,,,,,Simple,
217,31,7,2006,Bcomeau,4552.187,6324.624,4552.201,6324.699,30,FH,L4-T2,14,,,,,,,,,,,Simple,
218,31,7,2006,Bcomeau,4552.187,6324.624,4552.201,6324.699,30,FH,L4-T2,15,,,,,,,,,,,Simple,
219,31,7,2006,Bcomeau,4552.187,6324.624,4552.201,6324.699,30,FH,L4-T2,16,,,,,,,,,,,Simple,
220,31,7,2006,Bcomeau,4552.187,6324.624,4552.201,6324.699,30,FH,L4-T2,17,,,,,,,,,,,Simple,
221,31,7,2006,Bcomeau,4552.187,6324.624,4552.201,6324.699,30,FH,L4-T2,18,,,,,,,,,,,Simple,
222,31,7,2006,Bcomeau,4552.187,6324.624,4552.201,6324.699,30,FH,L4-T2,19,,,,,,,,,,,Simple,
223,31,7,2006,Bcomeau,4552.187,6324.624,4552.201,6324.699,30,FH,L4-T2,20,,,,,,,,,,,Simple,
224,31,7,2006,Elandry,4552.187,6324.624,4552.201,6324.699,30,FH,L4-T2,1,,,,,,,,,,,Simple,
225,31,7,2006,Elandry,4552.187,6324.624,4552.201,6324.699,30,FH,L4-T2,2,,,,,,,,,,,Simple,
226,31,7,2006,Elandry,4552.187,6324.624,4552.201,6324.699,30,FH,L4-T2,3,,,,,,,,,,,Simple,
227,31,7,2006,Elandry,4552.187,6324.624,4552.201,6324.699,30,FH,L4-T2,4,,,,,,,,,,,Simple,
228,31,7,2006,Elandry,4552.187,6324.624,4552.201,6324.699,30,FH,L4-T2,5,,,,,,,,,,,Simple,
229,31,7,2006,Elandry,4552.187,6324.624,4552.201,6324.699,30,FH,L4-T2,6,f,74,,,,,,,,,Simple,
230,31,7,2006,Elandry,4552.187,6324.624,4552.201,6324.699,30,FH,L4-T2,7,,,,,,,,,,,Simple,
231,31,7,2006,Elandry,4552.187,6324.624,4552.201,6324.699,30,FH,L4-T2,8,,,,,,,,,,,Simple,
232,31,7,2006,Elandry,4552.187,6324.624,4552.201,6324.699,30,FH,L4-T2,9,,,,,,,,,,,Simple,
233,31,7,2006,Elandry,4552.187,6324.624,4552.201,6324.699,30,FH,L4-T2,10,,,,,,,,,,,Simple,
234,31,7,2006,Elandry,4552.187,6324.624,4552.201,6324.699,30,FH,L4-T2,11,,,,,,,,,,,Simple,
235,31,7,2006,Elandry,4552.187,6324.624,4552.201,6324.699,30,FH,L4-T2,12,,,,,,,,,,,Simple,
236,31,7,2006,Elandry,4552.187,6324.624,4552.201,6324.699,30,FH,L4-T2,13,f,43,,,,,,,,,Simple,
237,31,7,2006,Elandry,4552.187,6324.624,4552.201,6324.699,30,FH,L4-T2,14,m,85,,,,,,,,,Simple,
238,31,7,2006,Elandry,4552.187,6324.624,4552.201,6324.699,30,FH,L4-T2,15,,,,,,,,,,,Simple,
239,31,7,2006,Elandry,4552.187,6324.624,4552.201,6324.699,30,FH,L4-T2,16,,,,,,,,,,,Simple,
240,31,7,2006,Elandry,4552.187,6324.624,4552.201,6324.699,30,FH,L4-T2,17,,,,,,,,,,,Simple,
241,31,7,2006,Elandry,4552.187,6324.624,4552.201,6324.699,30,FH,L4-T2,18,,,,,,,,,,,Simple,
242,31,7,2006,Elandry,4552.187,6324.624,4552.201,6324.699,30,FH,L4-T2,19,,,,,,,,,,,Simple,
243,31,7,2006,Elandry,4552.187,6324.624,4552.201,6324.699,30,FH,L4-T2,20,,,,,,,,,,,Simple,
244,31,7,2006,Fplante,4552.136,6324.691,4552.149,6324.765,31,FH,L4-T4,1,,,,,,,,,,,Simple,
245,31,7,2006,Fplante,4552.136,6324.691,4552.149,6324.765,31,FH,L4-T4,2,i,90,MAR,,,,,,,,Simple,
246,31,7,2006,Fplante,4552.136,6324.691,4552.149,6324.765,31,FH,L4-T4,3,,,,,,,,,,,Simple,
247,31,7,2006,Fplante,4552.136,6324.691,4552.149,6324.765,31,FH,L4-T4,4,,,,,,,,,,,Simple,LS
248,31,7,2006,Fplante,4552.136,6324.691,4552.149,6324.765,31,FH,L4-T4,5,m,91,,,,,,,,,Simple,
249,31,7,2006,Fplante,4552.136,6324.691,4552.149,6324.765,31,FH,L4-T4,6,,,,,,,,,,,Simple,
250,31,7,2006,Fplante,4552.136,6324.691,4552.149,6324.765,31,FH,L4-T4,7,,,,,,,,,,,Simple,
251,31,7,2006,Fplante,4552.136,6324.691,4552.149,6324.765,31,FH,L4-T4,8,m,110,,,,,,,,,Simple,
252,31,7,2006,Fplante,4552.136,6324.691,4552.149,6324.765,31,FH,L4-T4,9,,,,,,,,,,,Simple,
253,31,7,2006,Fplante,4552.136,6324.691,4552.149,6324.765,31,FH,L4-T4,10,,,,,,,,,,,Simple,
254,31,7,2006,Fplante,4552.136,6324.691,4552.149,6324.765,31,FH,L4-T4,11,,,,,,,,,,,Simple,
255,31,7,2006,Fplante,4552.136,6324.691,4552.149,6324.765,31,FH,L4-T4,12,,,,,,,,,,,Simple,
256,31,7,2006,Fplante,4552.136,6324.691,4552.149,6324.765,31,FH,L4-T4,13,f,112,,,,,,,,,Simple,
257,31,7,2006,Fplante,4552.136,6324.691,4552.149,6324.765,31,FH,L4-T4,14,,,,,,,,,,,Simple,
258,31,7,2006,Fplante,4552.136,6324.691,4552.149,6324.765,31,FH,L4-T4,15,f,57,,,,,,,,,Simple,
259,31,7,2006,Fplante,4552.136,6324.691,4552.149,6324.765,31,FH,L4-T4,16,,,,,,,,,,,Simple,
260,31,7,2006,Fplante,4552.136,6324.691,4552.149,6324.765,31,FH,L4-T4,17,,,,,,,,,,,Simple,
261,31,7,2006,Fplante,4552.136,6324.691,4552.149,6324.765,31,FH,L4-T4,18,,,,,,,,,,,Simple,
262,31,7,2006,Fplante,4552.136,6324.691,4552.149,6324.765,31,FH,L4-T4,19,,,,,,,,,,,Simple,
263,31,7,2006,Fplante,4552.136,6324.691,4552.149,6324.765,31,FH,L4-T4,20,m,75,,,,,,,,,Simple,
264,31,7,2006,Grobichaud,4552.136,6324.691,4552.149,6324.765,31,FH,L4-T4,1,b,72,,,,,,,,,Simple,
265,31,7,2006,Grobichaud,4552.136,6324.691,4552.149,6324.765,31,FH,L4-T4,3,,,,,,,,,,,Simple,
266,31,7,2006,Grobichaud,4552.136,6324.691,4552.149,6324.765,31,FH,L4-T4,5,m,92,,,,,,,,,Simple,
267,31,7,2006,Grobichaud,4552.136,6324.691,4552.149,6324.765,31,FH,L4-T4,6,,,,,,,,,,,Simple,
268,31,7,2006,Grobichaud,4552.136,6324.691,4552.149,6324.765,31,FH,L4-T4,7,,,,,,,,,,,Simple,
269,31,7,2006,Grobichaud,4552.136,6324.691,4552.149,6324.765,31,FH,L4-T4,11,,,,,,,,,,,Simple,
270,31,7,2006,Grobichaud,4552.136,6324.691,4552.149,6324.765,31,FH,L4-T4,12,,,,,,,,,,,Simple,
271,31,7,2006,Grobichaud,4552.136,6324.691,4552.149,6324.765,31,FH,L4-T4,16,m,43,,,,,,,,,Simple,
272,31,7,2006,Grobichaud,4552.136,6324.691,4552.149,6324.765,31,FH,L4-T4,18,,,,,,,,,,,Simple,
273,31,7,2006,Grobichaud,4552.136,6324.691,4552.149,6324.765,31,FH,L4-T4,19,,,,,,,,,,,Simple,
274,31,7,2006,Grobichaud,4552.136,6324.691,4552.149,6324.765,31,FH,L4-T4,20,,,,,,,,,,,Simple,
275,4,8,2006,Grobichaud,4552.86,6327.531,4552.874,6327.606,30,FH,R1-T2,1,,,,,,,,,,,Simple,
276,4,8,2006,Grobichaud,4552.86,6327.531,4552.874,6327.606,30,FH,R1-T2,2,,,,,,,,,,,Simple,
277,4,8,2006,Grobichaud,4552.86,6327.531,4552.874,6327.606,30,FH,R1-T2,3,,,,,,,,,,,Simple,
278,4,8,2006,Grobichaud,4552.86,6327.531,4552.874,6327.606,30,FH,R1-T2,4,,,,,,,,,,,Simple,
279,4,8,2006,Grobichaud,4552.86,6327.531,4552.874,6327.606,30,FH,R1-T2,5,,,,,,,,,,,Simple,
280,4,8,2006,Grobichaud,4552.86,6327.531,4552.874,6327.606,30,FH,R1-T2,6,,,,,,,,,,,Simple,
281,4,8,2006,Grobichaud,4552.86,6327.531,4552.874,6327.606,30,FH,R1-T2,7,,,,,,,,,,,Simple,
282,4,8,2006,Grobichaud,4552.86,6327.531,4552.874,6327.606,30,FH,R1-T2,8,,,,,,,,,,,Simple,
283,4,8,2006,Grobichaud,4552.86,6327.531,4552.874,6327.606,30,FH,R1-T2,9,,,,,,,,,,,Simple,
284,4,8,2006,Grobichaud,4552.86,6327.531,4552.874,6327.606,30,FH,R1-T2,10,m,38,,,,,,,,,Simple,
285,4,8,2006,Grobichaud,4552.86,6327.531,4552.874,6327.606,30,FH,R1-T2,11,,,,,,,,,,,Simple,
286,4,8,2006,Grobichaud,4552.86,6327.531,4552.874,6327.606,30,FH,R1-T2,12,,,,,,,,,,,Simple,
287,4,8,2006,Grobichaud,4552.86,6327.531,4552.874,6327.606,30,FH,R1-T2,13,,,,,,,,,,,Simple,
288,4,8,2006,Grobichaud,4552.86,6327.531,4552.874,6327.606,30,FH,R1-T2,14,,,,,,,,,,,Simple,
289,4,8,2006,Grobichaud,4552.86,6327.531,4552.874,6327.606,30,FH,R1-T2,15,,,,,,,,,,,Simple,
290,4,8,2006,Grobichaud,4552.86,6327.531,4552.874,6327.606,30,FH,R1-T2,16,,,,,,,,,,,Simple,
291,4,8,2006,Grobichaud,4552.86,6327.531,4552.874,6327.606,30,FH,R1-T2,17,,,,,,,,,,,Simple,
292,4,8,2006,Grobichaud,4552.86,6327.531,4552.874,6327.606,30,FH,R1-T2,18,,,,,,,,,,,Simple,
293,4,8,2006,Grobichaud,4552.86,6327.531,4552.874,6327.606,30,FH,R1-T2,19,,,,,,,,,,,Simple,
294,4,8,2006,Grobichaud,4552.86,6327.531,4552.874,6327.606,30,FH,R1-T2,20,,,,,,,,,,,Simple,
295,4,8,2006,Fsavoie,4552.86,6327.531,4552.874,6327.606,30,FH,R1-T2,1,,,,,,,,,,,Simple,
296,4,8,2006,Fsavoie,4552.86,6327.531,4552.874,6327.606,30,FH,R1-T2,2,,,,,,,,,,,Simple,
297,4,8,2006,Fsavoie,4552.86,6327.531,4552.874,6327.606,30,FH,R1-T2,3,,,,,,,,,,,Simple,
298,4,8,2006,Fsavoie,4552.86,6327.531,4552.874,6327.606,30,FH,R1-T2,4,,,,,,,,,,,Simple,
299,4,8,2006,Fsavoie,4552.86,6327.531,4552.874,6327.606,30,FH,R1-T2,5,,,,,,,,,,,Simple,
300,4,8,2006,Fsavoie,4552.86,6327.531,4552.874,6327.606,30,FH,R1-T2,6,,,,,,,,,,,Simple,
301,4,8,2006,Fsavoie,4552.86,6327.531,4552.874,6327.606,30,FH,R1-T2,7,,,,,,,,,,,Simple,
302,4,8,2006,Fsavoie,4552.86,6327.531,4552.874,6327.606,30,FH,R1-T2,8,,,,,,,,,,,Simple,
303,4,8,2006,Fsavoie,4552.86,6327.531,4552.874,6327.606,30,FH,R1-T2,9,,,,,,,,,,,Simple,
304,4,8,2006,Fsavoie,4552.86,6327.531,4552.874,6327.606,30,FH,R1-T2,10,,,,,,,,,,,Simple,
305,4,8,2006,Fsavoie,4552.86,6327.531,4552.874,6327.606,30,FH,R1-T2,11,,,,,,,,,,,Simple,
306,4,8,2006,Fsavoie,4552.86,6327.531,4552.874,6327.606,30,FH,R1-T2,12,,,,,,,,,,,Simple,
307,4,8,2006,Fsavoie,4552.86,6327.531,4552.874,6327.606,30,FH,R1-T2,13,,,,,,,,,,,Simple,
308,4,8,2006,Fsavoie,4552.86,6327.531,4552.874,6327.606,30,FH,R1-T2,14,,,,,,,,,,,Simple,
309,4,8,2006,Fsavoie,4552.86,6327.531,4552.874,6327.606,30,FH,R1-T2,15,m,120,,,,,,,,,Simple,
310,4,8,2006,Fsavoie,4552.86,6327.531,4552.874,6327.606,30,FH,R1-T2,16,,,,,,,,,,,Simple,
311,4,8,2006,Fsavoie,4552.86,6327.531,4552.874,6327.606,30,FH,R1-T2,17,,,,,,,,,,,Simple,
312,4,8,2006,Fsavoie,4552.86,6327.531,4552.874,6327.606,30,FH,R1-T2,18,,,,,,,,,,,Simple,
313,4,8,2006,Fsavoie,4552.86,6327.531,4552.874,6327.606,30,FH,R1-T2,19,,,,,,,,,,,Simple,
314,4,8,2006,Fsavoie,4552.86,6327.531,4552.874,6327.606,30,FH,R1-T2,20,,,,,,,,,,,Simple,
315,4,8,2006,Gpaulin,4552.838,6327.628,4552.852,6327.704,26,FH,R1-T3,1,f,65,,,,,,,,,Simple,
316,4,8,2006,Gpaulin,4552.838,6327.628,4552.852,6327.704,26,FH,R1-T3,13,,,,,,,,,,,Simple,
317,4,8,2006,Gpaulin,4552.838,6327.628,4552.852,6327.704,26,FH,R1-T3,14,m,55,,,,,,,,,Simple,
318,4,8,2006,Gpaulin,4552.838,6327.628,4552.852,6327.704,26,FH,R1-T3,17,,,,,,,,,,,Simple,
319,4,8,2006,Gpaulin,4552.838,6327.628,4552.852,6327.704,26,FH,R1-T3,19,,,,,,,,,,,Simple,
320,4,8,2006,Gpaulin,4552.838,6327.628,4552.852,6327.704,26,FH,R1-T3,20,,,,,,,,,,,Simple,
321,4,8,2006,Mcomeau,4552.838,6327.628,4552.852,6327.704,26,FH,R1-T3,1,,,,,,,,,,,Simple,
322,4,8,2006,Mcomeau,4552.838,6327.628,4552.852,6327.704,26,FH,R1-T3,2,,,,,,,,,,,Simple,
323,4,8,2006,Mcomeau,4552.838,6327.628,4552.852,6327.704,26,FH,R1-T3,5,,,,,,,,,,,Simple,
324,4,8,2006,Mcomeau,4552.838,6327.628,4552.852,6327.704,26,FH,R1-T3,6,,,,,,,,,,,Simple,
325,4,8,2006,Mcomeau,4552.838,6327.628,4552.852,6327.704,26,FH,R1-T3,7,,,,,,,,,,,Simple,
326,4,8,2006,Mcomeau,4552.838,6327.628,4552.852,6327.704,26,FH,R1-T3,14,,,,,,,,,,,Simple,
327,4,8,2006,Mcomeau,4552.838,6327.628,4552.852,6327.704,26,FH,R1-T3,16,,,,,,,,,,,Simple,
328,4,8,2006,Mcomeau,4552.838,6327.628,4552.852,6327.704,26,FH,R1-T3,18,,,,,,,,,,,Simple,
329,3,8,2006,Fplante,4552.696,6326.714,4552.709,6326.789,25,FH,R3-T7,8,,,,,,,,,,,Simple,
330,3,8,2006,Fplante,4552.696,6326.714,4552.709,6326.789,25,FH,R3-T7,12,i,120,,,,,,,,,Simple,
331,3,8,2006,Fplante,4552.696,6326.714,4552.709,6326.789,25,FH,R3-T7,14,,,,,,,,,,,Simple,
332,3,8,2006,Fplante,4552.696,6326.714,4552.709,6326.789,25,FH,R3-T7,15,,,,,,,,,,,Simple,
333,3,8,2006,Fplante,4552.696,6326.714,4552.709,6326.789,25,FH,R3-T7,17,,,,,,,,,,,Simple,
334,3,8,2006,Fplante,4552.696,6326.714,4552.709,6326.789,25,FH,R3-T7,18,,,,,,,,,,,Simple,
335,3,8,2006,Elandry,4552.696,6326.714,4552.709,6326.789,25,FH,R3-T7,1,,,,,,,,,,,Simple,
336,3,8,2006,Elandry,4552.696,6326.714,4552.709,6326.789,25,FH,R3-T7,2,,,,,,,,,,,Simple,
337,3,8,2006,Elandry,4552.696,6326.714,4552.709,6326.789,25,FH,R3-T7,3,,,,,,,,,,,Simple,
338,3,8,2006,Elandry,4552.696,6326.714,4552.709,6326.789,25,FH,R3-T7,4,,,,,,,,,,,Simple,
339,3,8,2006,Elandry,4552.696,6326.714,4552.709,6326.789,25,FH,R3-T7,5,,,,,,,,,,,Simple,
340,3,8,2006,Elandry,4552.696,6326.714,4552.709,6326.789,25,FH,R3-T7,6,,,,,,,,,,,Simple,
341,3,8,2006,Elandry,4552.696,6326.714,4552.709,6326.789,25,FH,R3-T7,7,,,,,,,,,,,Simple,
342,3,8,2006,Elandry,4552.696,6326.714,4552.709,6326.789,25,FH,R3-T7,8,,,,,,,,,,,Simple,
343,3,8,2006,Elandry,4552.696,6326.714,4552.709,6326.789,25,FH,R3-T7,9,,,,,,,,,,,Simple,
344,3,8,2006,Elandry,4552.696,6326.714,4552.709,6326.789,25,FH,R3-T7,10,,,,,,,,,,,Simple,
345,3,8,2006,Elandry,4552.696,6326.714,4552.709,6326.789,25,FH,R3-T7,11,,,,,,,,,,,Simple,
346,3,8,2006,Elandry,4552.696,6326.714,4552.709,6326.789,25,FH,R3-T7,12,m,120,,,,,,,,,Simple,
347,3,8,2006,Elandry,4552.696,6326.714,4552.709,6326.789,25,FH,R3-T7,13,,,,,,,,,,,Simple,
348,3,8,2006,Elandry,4552.696,6326.714,4552.709,6326.789,25,FH,R3-T7,14,,,,,,,,,,,Simple,LS
349,3,8,2006,Elandry,4552.696,6326.714,4552.709,6326.789,25,FH,R3-T7,15,,,,,,,,,,,Simple,
350,3,8,2006,Elandry,4552.696,6326.714,4552.709,6326.789,25,FH,R3-T7,16,,,,,,,,,,,Simple,
351,3,8,2006,Elandry,4552.696,6326.714,4552.709,6326.789,25,FH,R3-T7,17,,,,,,,,,,,Simple,
352,3,8,2006,Elandry,4552.696,6326.714,4552.709,6326.789,25,FH,R3-T7,18,,,,,,,,,,,Simple,
353,3,8,2006,Elandry,4552.696,6326.714,4552.709,6326.789,25,FH,R3-T7,19,,,,,,,,,,,Simple,
354,3,8,2006,Elandry,4552.696,6326.714,4552.709,6326.789,25,FH,R3-T7,20,,,,,,,,,,,Simple,
355,3,8,2006,Fsavoie,4552.651,6326.735,4552.664,6326.81,22,FH,R3-T9,7,,,,,,,,,,,Simple,
356,3,8,2006,Fsavoie,4552.651,6326.735,4552.664,6326.81,22,FH,R3-T9,8,,,,,,,,,,,Simple,
357,3,8,2006,Fsavoie,4552.651,6326.735,4552.664,6326.81,22,FH,R3-T9,9,,,,,,,,,,,Simple,
358,3,8,2006,Fsavoie,4552.651,6326.735,4552.664,6326.81,22,FH,R3-T9,10,,,,,,,,,,,Simple,
359,3,8,2006,Fsavoie,4552.651,6326.735,4552.664,6326.81,22,FH,R3-T9,11,,,,,,,,,,,Simple,
360,3,8,2006,Fsavoie,4552.651,6326.735,4552.664,6326.81,22,FH,R3-T9,12,,,,,,,,,,,Simple,
361,3,8,2006,Fsavoie,4552.651,6326.735,4552.664,6326.81,22,FH,R3-T9,13,,,,,,,,,,,Simple,
362,3,8,2006,Fsavoie,4552.651,6326.735,4552.664,6326.81,22,FH,R3-T9,14,,,,,,,,,,,Simple,
363,3,8,2006,Fsavoie,4552.651,6326.735,4552.664,6326.81,22,FH,R3-T9,15,,,,,,,,,,,Simple,
364,3,8,2006,Grobichaud,4552.651,6326.735,4552.664,6326.81,22,FH,R3-T9,11,,,,,,,,,,,Simple,
365,3,8,2006,Grobichaud,4552.651,6326.735,4552.664,6326.81,22,FH,R3-T9,12,,,,,,,,,,,Simple,
366,3,8,2006,Grobichaud,4552.651,6326.735,4552.664,6326.81,22,FH,R3-T9,13,,,,,,,,,,,Simple,
367,3,8,2006,Grobichaud,4552.651,6326.735,4552.664,6326.81,22,FH,R3-T9,14,,,,,,,,,,,Simple,
368,3,8,2006,Grobichaud,4552.651,6326.735,4552.664,6326.81,22,FH,R3-T9,15,,,,,,,,,,,Simple,
369,3,8,2006,Grobichaud,4552.651,6326.735,4552.664,6326.81,22,FH,R3-T9,16,,,,,,,,,,,Simple,
370,3,8,2006,Grobichaud,4552.651,6326.735,4552.664,6326.81,22,FH,R3-T9,17,,,,,,,,,,,Simple,
371,3,8,2006,Grobichaud,4552.651,6326.735,4552.664,6326.81,22,FH,R3-T9,18,,,,,,,,,,,Simple,
372,3,8,2006,Grobichaud,4552.651,6326.735,4552.664,6326.81,22,FH,R3-T9,19,,,,,,,,,,,Simple,
373,3,8,2006,Grobichaud,4552.651,6326.735,4552.664,6326.81,22,FH,R3-T9,20,,,,,,,,,,,Simple,
374,31,7,2006,Bcomeau,4552.575,6326.768,4552.588,6326.843,22,FH,R3-T12,1,,,,,,,,,,,Simple,
375,31,7,2006,Bcomeau,4552.575,6326.768,4552.588,6326.843,22,FH,R3-T12,3,,,,,,,,,,,Simple,
376,31,7,2006,Bcomeau,4552.575,6326.768,4552.588,6326.843,22,FH,R3-T12,4,,,,,,,,,,,Simple,
377,31,7,2006,Bcomeau,4552.575,6326.768,4552.588,6326.843,22,FH,R3-T12,6,,,,,,,,,,,Simple,
378,31,7,2006,Bcomeau,4552.575,6326.768,4552.588,6326.843,22,FH,R3-T12,11,,,,,,,,,,,Simple,
379,31,7,2006,Bcomeau,4552.575,6326.768,4552.588,6326.843,22,FH,R3-T12,14,,,,,,,,,,,Simple,
380,31,7,2006,Bcomeau,4552.575,6326.768,4552.588,6326.843,22,FH,R3-T12,15,,,,,,,,,,,Simple,
381,31,7,2006,Elandry,4552.575,6326.768,4552.588,6326.843,22,FH,R3-T12,1,,,,,,,,,,,Simple,
382,31,7,2006,Elandry,4552.575,6326.768,4552.588,6326.843,22,FH,R3-T12,2,,,,,,,,,,,Simple,
383,31,7,2006,Elandry,4552.575,6326.768,4552.588,6326.843,22,FH,R3-T12,3,,,,,,,,,,,Simple,
384,31,7,2006,Elandry,4552.575,6326.768,4552.588,6326.843,22,FH,R3-T12,4,,,,,,,,,,,Simple,
385,31,7,2006,Elandry,4552.575,6326.768,4552.588,6326.843,22,FH,R3-T12,6,,,,,,,,,,,Simple,
386,31,7,2006,Elandry,4552.575,6326.768,4552.588,6326.843,22,FH,R3-T12,7,,,,,,,,,,,Simple,
387,31,7,2006,Elandry,4552.575,6326.768,4552.588,6326.843,22,FH,R3-T12,8,,,,,,,,,,,Simple,
388,31,7,2006,Elandry,4552.575,6326.768,4552.588,6326.843,22,FH,R3-T12,9,,,,,,,,,,,Simple,
389,31,7,2006,Elandry,4552.575,6326.768,4552.588,6326.843,22,FH,R3-T12,10,,,,,,,,,,,Simple,
390,31,7,2006,Elandry,4552.575,6326.768,4552.588,6326.843,22,FH,R3-T12,12,,,,,,,,,,,Simple,
391,31,7,2006,Elandry,4552.575,6326.768,4552.588,6326.843,22,FH,R3-T12,13,,,,,,,,,,,Simple,
392,31,7,2006,Elandry,4552.575,6326.768,4552.588,6326.843,22,FH,R3-T12,14,,,,,,,,,,,Simple,
393,31,7,2006,Elandry,4552.575,6326.768,4552.588,6326.843,22,FH,R3-T12,15,,,,,,,,,,,Simple,
394,1,8,2006,Elandry,4552.568,6325.447,4552.582,6325.522,34,FH,R4-T1,1,,,,,,,,,,,Simple,
395,1,8,2006,Elandry,4552.568,6325.447,4552.582,6325.522,34,FH,R4-T1,2,,,,,,,,,,,Simple,
396,1,8,2006,Elandry,4552.568,6325.447,4552.582,6325.522,34,FH,R4-T1,3,,,,,,,,,,,Simple,
397,1,8,2006,Elandry,4552.568,6325.447,4552.582,6325.522,34,FH,R4-T1,4,,,,,,,,,,,Simple,
398,1,8,2006,Elandry,4552.568,6325.447,4552.582,6325.522,34,FH,R4-T1,5,,,,,,,,,,,Simple,
399,1,8,2006,Elandry,4552.568,6325.447,4552.582,6325.522,34,FH,R4-T1,6,,,,,,,,,,,Simple,
400,1,8,2006,Elandry,4552.568,6325.447,4552.582,6325.522,34,FH,R4-T1,7,,,,,,,,,,,Simple,
401,1,8,2006,Elandry,4552.568,6325.447,4552.582,6325.522,34,FH,R4-T1,8,,,,,,,,,,,Simple,
402,1,8,2006,Elandry,4552.568,6325.447,4552.582,6325.522,34,FH,R4-T1,9,,,,,,,,,,,Simple,
403,1,8,2006,Elandry,4552.568,6325.447,4552.582,6325.522,34,FH,R4-T1,10,,,,,,,,,,,Simple,
404,1,8,2006,Elandry,4552.568,6325.447,4552.582,6325.522,34,FH,R4-T1,11,,,,,,,,,,,Simple,LS
405,1,8,2006,Elandry,4552.568,6325.447,4552.582,6325.522,34,FH,R4-T1,12,,,,,,,,,,,Simple,
406,1,8,2006,Elandry,4552.568,6325.447,4552.582,6325.522,34,FH,R4-T1,13,m,45,,,,,,,,,Simple,
407,1,8,2006,Elandry,4552.568,6325.447,4552.582,6325.522,34,FH,R4-T1,14,,,,,,,,,,,Simple,
408,1,8,2006,Elandry,4552.568,6325.447,4552.582,6325.522,34,FH,R4-T1,15,,,,,,,,,,,Simple,
409,1,8,2006,Elandry,4552.568,6325.447,4552.582,6325.522,34,FH,R4-T1,16,,,,,,,,,,,Simple,
410,1,8,2006,Elandry,4552.568,6325.447,4552.582,6325.522,34,FH,R4-T1,17,,,,,,,,,,,Simple,
411,1,8,2006,Elandry,4552.568,6325.447,4552.582,6325.522,34,FH,R4-T1,18,,,,,,,,,,,Simple,
412,1,8,2006,Elandry,4552.568,6325.447,4552.582,6325.522,34,FH,R4-T1,19,,,,,,,,,,,Simple,
413,1,8,2006,Elandry,4552.568,6325.447,4552.582,6325.522,34,FH,R4-T1,20,,,,,,,,,,,Simple,
414,1,8,2006,Gpaulin,4552.568,6325.447,4552.582,6325.522,34,FH,R4-T1,2,,,,,,,,,,,Simple,
415,1,8,2006,Gpaulin,4552.568,6325.447,4552.582,6325.522,34,FH,R4-T1,3,,,,,,,,,,,Simple,
416,1,8,2006,Gpaulin,4552.568,6325.447,4552.582,6325.522,34,FH,R4-T1,5,,,,,,,,,,,Simple,
417,1,8,2006,Gpaulin,4552.568,6325.447,4552.582,6325.522,34,FH,R4-T1,6,,,,,,,,,,,Simple,
418,1,8,2006,Gpaulin,4552.568,6325.447,4552.582,6325.522,34,FH,R4-T1,8,,,,,,,,,,,Simple,
419,1,8,2006,Gpaulin,4552.568,6325.447,4552.582,6325.522,34,FH,R4-T1,9,,,,,,,,,,,Simple,
420,1,8,2006,Gpaulin,4552.568,6325.447,4552.582,6325.522,34,FH,R4-T1,10,,,,,,,,,,,Simple,
421,1,8,2006,Gpaulin,4552.568,6325.447,4552.582,6325.522,34,FH,R4-T1,15,,,,,,,,,,,Simple,
422,1,8,2006,Gpaulin,4552.568,6325.447,4552.582,6325.522,34,FH,R4-T1,17,m,85,,,,,,,,,Simple,
423,2,8,2006,Fsavoie,4552.517,6325.447,4552.53,6325.523,31,FH,R4-T3,1,,,,,,,,,,,Simple,
424,2,8,2006,Fsavoie,4552.517,6325.447,4552.53,6325.523,31,FH,R4-T3,2,,,,,,,,,,,Simple,
425,2,8,2006,Fsavoie,4552.517,6325.447,4552.53,6325.523,31,FH,R4-T3,4,,,,,,,,,,,Simple,
426,2,8,2006,Fsavoie,4552.517,6325.447,4552.53,6325.523,31,FH,R4-T3,5,,,,,,,,,,,Simple,
427,2,8,2006,Fsavoie,4552.517,6325.447,4552.53,6325.523,31,FH,R4-T3,6,,,,,,,,,,,Simple,
428,2,8,2006,Fsavoie,4552.517,6325.447,4552.53,6325.523,31,FH,R4-T3,7,,,,,,,,,,,Simple,
429,2,8,2006,Fsavoie,4552.517,6325.447,4552.53,6325.523,31,FH,R4-T3,9,,,,,,,,,,,Simple,
430,2,8,2006,Fsavoie,4552.517,6325.447,4552.53,6325.523,31,FH,R4-T3,10,m,50,,,,,,,,,Simple,
431,2,8,2006,Fsavoie,4552.517,6325.447,4552.53,6325.523,31,FH,R4-T3,11,,,,,,,,,,,Simple,
432,2,8,2006,Fsavoie,4552.517,6325.447,4552.53,6325.523,31,FH,R4-T3,12,,,,,,,,,,,Simple,
433,2,8,2006,Fsavoie,4552.517,6325.447,4552.53,6325.523,31,FH,R4-T3,13,,,,,,,,,,,Simple,
434,2,8,2006,Fsavoie,4552.517,6325.447,4552.53,6325.523,31,FH,R4-T3,14,,,,,,,,,,,Simple,
435,2,8,2006,Fsavoie,4552.517,6325.447,4552.53,6325.523,31,FH,R4-T3,15,,,,,,,,,,,Simple,
436,2,8,2006,Fsavoie,4552.517,6325.447,4552.53,6325.523,31,FH,R4-T3,16,,,,,,,,,,,Simple,
437,2,8,2006,Fsavoie,4552.517,6325.447,4552.53,6325.523,31,FH,R4-T3,17,,,,,,,,,,,Simple,
438,2,8,2006,Fsavoie,4552.517,6325.447,4552.53,6325.523,31,FH,R4-T3,18,,,,,,,,,,,Simple,
439,2,8,2006,Fsavoie,4552.517,6325.447,4552.53,6325.523,31,FH,R4-T3,19,,,,,,,,,,,Simple,
440,2,8,2006,Fsavoie,4552.517,6325.447,4552.53,6325.523,31,FH,R4-T3,20,,,,,,,,,,,Simple,
441,2,8,2006,Fplante,4552.517,6325.447,4552.53,6325.523,31,FH,R4-T3,4,f,104,,,,,,,,,Simple,
442,2,8,2006,Fplante,4552.517,6325.447,4552.53,6325.523,31,FH,R4-T3,5,m,79,,,,,,,,,Simple,
443,2,8,2006,Fplante,4552.517,6325.447,4552.53,6325.523,31,FH,R4-T3,6,,,,,,,,,,,Simple,
444,2,8,2006,Fplante,4552.517,6325.447,4552.53,6325.523,31,FH,R4-T3,10,,,,,,,,,,,Simple,
445,2,8,2006,Fplante,4552.517,6325.447,4552.53,6325.523,31,FH,R4-T3,11,,,,,,,,,,,Simple,
446,2,8,2006,Fplante,4552.517,6325.447,4552.53,6325.523,31,FH,R4-T3,13,,,,,,,,,,,Simple,
447,2,8,2006,Fplante,4552.517,6325.447,4552.53,6325.523,31,FH,R4-T3,14,,,,,,,,,,,Simple,
448,1,8,2006,Mcomeau,4552.478,6325.449,4552.492,6325.524,30,FH,R4-T5,1,m,67,,,,,,,,,Simple,
449,1,8,2006,Mcomeau,4552.478,6325.449,4552.492,6325.524,30,FH,R4-T5,2,,,,,,,,,,,Simple,
450,1,8,2006,Mcomeau,4552.478,6325.449,4552.492,6325.524,30,FH,R4-T5,3,f,59,,,,,,,,,Simple,
451,1,8,2006,Mcomeau,4552.478,6325.449,4552.492,6325.524,30,FH,R4-T5,4,,,,,,,,,,,Simple,
452,1,8,2006,Mcomeau,4552.478,6325.449,4552.492,6325.524,30,FH,R4-T5,5,,,,,,,,,,,Simple,
453,1,8,2006,Mcomeau,4552.478,6325.449,4552.492,6325.524,30,FH,R4-T5,6,,,,,,,,,,,Simple,
454,1,8,2006,Mcomeau,4552.478,6325.449,4552.492,6325.524,30,FH,R4-T5,7,,,,,,,,,,,Simple,
455,1,8,2006,Mcomeau,4552.478,6325.449,4552.492,6325.524,30,FH,R4-T5,8,,,,,,,,,,,Simple,
456,1,8,2006,Mcomeau,4552.478,6325.449,4552.492,6325.524,30,FH,R4-T5,9,,,,,,,,,,,Simple,
457,1,8,2006,Mcomeau,4552.478,6325.449,4552.492,6325.524,30,FH,R4-T5,10,b1,60,,,,,,,,,Simple,
458,1,8,2006,Mcomeau,4552.478,6325.449,4552.492,6325.524,30,FH,R4-T5,11,,,,,,,,,,,Simple,
459,1,8,2006,Mcomeau,4552.478,6325.449,4552.492,6325.524,30,FH,R4-T5,12,,,,,,,,,,,Simple,
460,1,8,2006,Mcomeau,4552.478,6325.449,4552.492,6325.524,30,FH,R4-T5,13,,,,,,,,,,,Simple,2LS
461,1,8,2006,Mcomeau,4552.478,6325.449,4552.492,6325.524,30,FH,R4-T5,14,,,,,,,,,,,Simple,3LS
462,1,8,2006,Mcomeau,4552.478,6325.449,4552.492,6325.524,30,FH,R4-T5,15,,,,,,,,,,,Simple,3LS
463,1,8,2006,Mcomeau,4552.478,6325.449,4552.492,6325.524,30,FH,R4-T5,16,,,,,,,,,,,Simple,
464,1,8,2006,Mcomeau,4552.478,6325.449,4552.492,6325.524,30,FH,R4-T5,17,,,,,,,,,,,Simple,
465,1,8,2006,Mcomeau,4552.478,6325.449,4552.492,6325.524,30,FH,R4-T5,18,,,,,,,,,,,Simple,
466,1,8,2006,Mcomeau,4552.478,6325.449,4552.492,6325.524,30,FH,R4-T5,19,,,,,,,,,,,Simple,
467,1,8,2006,Mcomeau,4552.478,6325.449,4552.492,6325.524,30,FH,R4-T5,20,,,,,,,,,,,Simple,
468,1,8,2006,Bcomeau,4552.478,6325.449,4552.492,6325.524,30,FH,R4-T5,1,,,,,,,,,,,Simple,
469,1,8,2006,Bcomeau,4552.478,6325.449,4552.492,6325.524,30,FH,R4-T5,2,,,,,,,,,,,Simple,
470,1,8,2006,Bcomeau,4552.478,6325.449,4552.492,6325.524,30,FH,R4-T5,3,,,,,,,,,,,Simple,
471,1,8,2006,Bcomeau,4552.478,6325.449,4552.492,6325.524,30,FH,R4-T5,4,,,,,,,,,,,Simple,
472,1,8,2006,Bcomeau,4552.478,6325.449,4552.492,6325.524,30,FH,R4-T5,5,f,81,,,,,,,,,Simple,
473,1,8,2006,Bcomeau,4552.478,6325.449,4552.492,6325.524,30,FH,R4-T5,6,,,,,,,,,,,Simple,
474,1,8,2006,Bcomeau,4552.478,6325.449,4552.492,6325.524,30,FH,R4-T5,7,,,,,,,,,,,Simple,
475,1,8,2006,Bcomeau,4552.478,6325.449,4552.492,6325.524,30,FH,R4-T5,8,,,,,,,,,,,Simple,
476,1,8,2006,Bcomeau,4552.478,6325.449,4552.492,6325.524,30,FH,R4-T5,9,,,,,,,,,,,Simple,
477,1,8,2006,Bcomeau,4552.478,6325.449,4552.492,6325.524,30,FH,R4-T5,10,,,,,,,,,,,Simple,LS
478,1,8,2006,Bcomeau,4552.478,6325.449,4552.492,6325.524,30,FH,R4-T5,11,,,,,,,,,,,Simple,
479,1,8,2006,Bcomeau,4552.478,6325.449,4552.492,6325.524,30,FH,R4-T5,12,,,,,,,,,,,Simple,LS
480,1,8,2006,Bcomeau,4552.478,6325.449,4552.492,6325.524,30,FH,R4-T5,13,,,,,,,,,,,Simple,LS
481,1,8,2006,Bcomeau,4552.478,6325.449,4552.492,6325.524,30,FH,R4-T5,14,,,,,,,,,,,Simple,
482,1,8,2006,Bcomeau,4552.478,6325.449,4552.492,6325.524,30,FH,R4-T5,16,,,,,,,,,,,Simple,LS
483,1,8,2006,Bcomeau,4552.478,6325.449,4552.492,6325.524,30,FH,R4-T5,17,,,,,,,,,,,Simple,
484,1,8,2006,Bcomeau,4552.478,6325.449,4552.492,6325.524,30,FH,R4-T5,18,,,,,,,,,,,Simple,
485,1,8,2006,Bcomeau,4552.478,6325.449,4552.492,6325.524,30,FH,R4-T5,19,m,120,,,,,,,,,Simple,LS
486,1,8,2006,Bcomeau,4552.478,6325.449,4552.492,6325.524,30,FH,R4-T5,20,,,,,,,,,,,Simple,
487,3,8,2006,Fsavoie,4552.479,6325.065,4552.493,6325.14,36,FH,R5-T1,1,f,97,,,,,,,,,Simple,
488,3,8,2006,Fsavoie,4552.479,6325.065,4552.493,6325.14,36,FH,R5-T1,2,,,,,,,,,,,Simple,
489,3,8,2006,Fsavoie,4552.479,6325.065,4552.493,6325.14,36,FH,R5-T1,3,,,,,,,,,,,Simple,
490,3,8,2006,Fsavoie,4552.479,6325.065,4552.493,6325.14,36,FH,R5-T1,4,,,,,,,,,,,Simple,
491,3,8,2006,Fsavoie,4552.479,6325.065,4552.493,6325.14,36,FH,R5-T1,6,,,,,,,,,,,Simple,
492,3,8,2006,Fsavoie,4552.479,6325.065,4552.493,6325.14,36,FH,R5-T1,9,,,,,,,,,,,Simple,
493,3,8,2006,Fsavoie,4552.479,6325.065,4552.493,6325.14,36,FH,R5-T1,11,i,74,CAN,,,,,,,,Simple,
494,3,8,2006,Fsavoie,4552.479,6325.065,4552.493,6325.14,36,FH,R5-T1,12,,,,,,,,,,,Simple,
495,3,8,2006,Fsavoie,4552.479,6325.065,4552.493,6325.14,36,FH,R5-T1,13,,,,,,,,,,,Simple,
496,3,8,2006,Fsavoie,4552.479,6325.065,4552.493,6325.14,36,FH,R5-T1,14,,,,,,,,,,,Simple,
497,3,8,2006,Fsavoie,4552.479,6325.065,4552.493,6325.14,36,FH,R5-T1,15,,,,,,,,,,,Simple,
498,3,8,2006,Fsavoie,4552.479,6325.065,4552.493,6325.14,36,FH,R5-T1,16,,,,,,,,,,,Simple,
499,3,8,2006,Fsavoie,4552.479,6325.065,4552.493,6325.14,36,FH,R5-T1,17,,,,,,,,,,,Simple,
500,3,8,2006,Fsavoie,4552.479,6325.065,4552.493,6325.14,36,FH,R5-T1,18,,,,,,,,,,,Simple,
501,3,8,2006,Fsavoie,4552.479,6325.065,4552.493,6325.14,36,FH,R5-T1,19,m,107,,,,,,,,,Simple,
502,3,8,2006,Fsavoie,4552.479,6325.065,4552.493,6325.14,36,FH,R5-T1,20,,,,,,,,,,,Simple,
503,3,8,2006,Grobichaud,4552.479,6325.065,4552.493,6325.14,36,FH,R5-T1,1,,,,,,,,,,,Simple,
504,3,8,2006,Grobichaud,4552.479,6325.065,4552.493,6325.14,36,FH,R5-T1,2,,,,,,,,,,,Simple,
505,3,8,2006,Grobichaud,4552.479,6325.065,4552.493,6325.14,36,FH,R5-T1,3,,,,,,,,,,,Simple,
506,3,8,2006,Grobichaud,4552.479,6325.065,4552.493,6325.14,36,FH,R5-T1,4,,,,,,,,,,,Simple,
507,3,8,2006,Grobichaud,4552.479,6325.065,4552.493,6325.14,36,FH,R5-T1,5,,,,,,,,,,,Simple,
508,3,8,2006,Grobichaud,4552.479,6325.065,4552.493,6325.14,36,FH,R5-T1,6,,,,,,,,,,,Simple,
509,3,8,2006,Grobichaud,4552.479,6325.065,4552.493,6325.14,36,FH,R5-T1,7,,,,,,,,,,,Simple,
510,3,8,2006,Grobichaud,4552.479,6325.065,4552.493,6325.14,36,FH,R5-T1,8,,,,,,,,,,,Simple,
511,3,8,2006,Grobichaud,4552.479,6325.065,4552.493,6325.14,36,FH,R5-T1,9,m,79,,,,,,,,,Simple,
512,3,8,2006,Grobichaud,4552.479,6325.065,4552.493,6325.14,36,FH,R5-T1,10,,,,,,,,,,,Simple,
513,3,8,2006,Grobichaud,4552.479,6325.065,4552.493,6325.14,36,FH,R5-T1,11,,,,,,,,,,,Simple,
514,3,8,2006,Grobichaud,4552.479,6325.065,4552.493,6325.14,36,FH,R5-T1,12,,,,,,,,,,,Simple,
515,3,8,2006,Grobichaud,4552.479,6325.065,4552.493,6325.14,36,FH,R5-T1,13,,,,,,,,,,,Simple,
516,3,8,2006,Grobichaud,4552.479,6325.065,4552.493,6325.14,36,FH,R5-T1,14,,,,,,,,,,,Simple,
517,3,8,2006,Grobichaud,4552.479,6325.065,4552.493,6325.14,36,FH,R5-T1,16,,,,,,,,,,,Simple,
518,3,8,2006,Grobichaud,4552.479,6325.065,4552.493,6325.14,36,FH,R5-T1,17,,,,,,,,,,,Simple,
519,3,8,2006,Grobichaud,4552.479,6325.065,4552.493,6325.14,36,FH,R5-T1,18,,,,,,,,,,,Simple,
520,3,8,2006,Elandry,4552.438,6324.939,4552.452,6325.013,35,FH,R5-T2,3,,,,,,,,,,,Simple,LS
521,3,8,2006,Elandry,4552.438,6324.939,4552.452,6325.013,35,FH,R5-T2,4,f,23,,,,,,,,,Simple,
522,3,8,2006,Elandry,4552.438,6324.939,4552.452,6325.013,35,FH,R5-T2,5,,,,,,,,,,,Simple,
523,3,8,2006,Elandry,4552.438,6324.939,4552.452,6325.013,35,FH,R5-T2,6,,,,,,,,,,,Simple,
524,3,8,2006,Elandry,4552.438,6324.939,4552.452,6325.013,35,FH,R5-T2,7,b,95,,,,,,,,,Simple,
525,3,8,2006,Elandry,4552.438,6324.939,4552.452,6325.013,35,FH,R5-T2,8,m,130,,,,,,,,,Simple,
526,3,8,2006,Elandry,4552.438,6324.939,4552.452,6325.013,35,FH,R5-T2,11,f,41,,,,,,,,,Simple,
527,3,8,2006,Elandry,4552.438,6324.939,4552.452,6325.013,35,FH,R5-T2,13,,,,,,,,,,,Simple,
528,3,8,2006,Elandry,4552.438,6324.939,4552.452,6325.013,35,FH,R5-T2,14,,,,,,,,,,,Simple,
529,3,8,2006,Elandry,4552.438,6324.939,4552.452,6325.013,35,FH,R5-T2,15,,,,,,,,,,,Simple,
530,3,8,2006,Elandry,4552.438,6324.939,4552.452,6325.013,35,FH,R5-T2,16,,,,,,,,,,,Simple,
531,3,8,2006,Elandry,4552.438,6324.939,4552.452,6325.013,35,FH,R5-T2,17,,,,,,,,,,,Simple,
532,3,8,2006,Elandry,4552.438,6324.939,4552.452,6325.013,35,FH,R5-T2,18,,,,,,,,,,,Simple,
533,3,8,2006,Elandry,4552.438,6324.939,4552.452,6325.013,35,FH,R5-T2,19,,,,,,,,,,,Simple,
534,3,8,2006,Elandry,4552.438,6324.939,4552.452,6325.013,35,FH,R5-T2,20,,,,,,,,,,,Simple,
535,3,8,2006,Fplante,4552.438,6324.939,4552.452,6325.013,35,FH,R5-T2,1,,,,,,,,,,,Simple,
536,3,8,2006,Fplante,4552.438,6324.939,4552.452,6325.013,35,FH,R5-T2,2,,,,,,,,,,,Simple,
537,3,8,2006,Fplante,4552.438,6324.939,4552.452,6325.013,35,FH,R5-T2,3,,,,,,,,,,,Simple,
538,3,8,2006,Fplante,4552.438,6324.939,4552.452,6325.013,35,FH,R5-T2,4,f,90,,,,,,,,,Simple,
539,3,8,2006,Fplante,4552.438,6324.939,4552.452,6325.013,35,FH,R5-T2,5,,,,,,,,,,,Simple,
540,3,8,2006,Fplante,4552.438,6324.939,4552.452,6325.013,35,FH,R5-T2,6,m,100,,,,,,,,,Simple,
541,3,8,2006,Fplante,4552.438,6324.939,4552.452,6325.013,35,FH,R5-T2,7,,,,,,,,,,,Simple,
542,3,8,2006,Fplante,4552.438,6324.939,4552.452,6325.013,35,FH,R5-T2,11,m,49,,,,,,,,,Simple,
543,3,8,2006,Fplante,4552.438,6324.939,4552.452,6325.013,35,FH,R5-T2,12,f,108,,,,,,,,,Simple,
544,3,8,2006,Fplante,4552.438,6324.939,4552.452,6325.013,35,FH,R5-T2,13,,,,,,,,,,,Simple,
545,3,8,2006,Fplante,4552.438,6324.939,4552.452,6325.013,35,FH,R5-T2,14,,,,,,,,,,,Simple,
546,3,8,2006,Fplante,4552.438,6324.939,4552.452,6325.013,35,FH,R5-T2,15,,,,,,,,,,,Simple,
547,3,8,2006,Fplante,4552.438,6324.939,4552.452,6325.013,35,FH,R5-T2,16,,,,,,,,,,,Simple,
548,3,8,2006,Fplante,4552.438,6324.939,4552.452,6325.013,35,FH,R5-T2,17,,,,,,,,,,,Simple,
549,3,8,2006,Fplante,4552.438,6324.939,4552.452,6325.013,35,FH,R5-T2,18,,,,,,,,,,,Simple,
550,3,8,2006,Fplante,4552.438,6324.939,4552.452,6325.013,35,FH,R5-T2,19,,,,,,,,,,,Simple,
551,3,8,2006,Fplante,4552.438,6324.939,4552.452,6325.013,35,FH,R5-T2,20,,,,,,,,,,,Simple,
552,1,8,2006,Fsavoie,4552.395,6325.08,4552.408,6325.154,35,FH,R5-T4,5,,,,,,,,,,,Simple,
553,1,8,2006,Fsavoie,4552.395,6325.08,4552.408,6325.154,35,FH,R5-T4,6,,,,,,,,,,,Simple,
554,1,8,2006,Fsavoie,4552.395,6325.08,4552.408,6325.154,35,FH,R5-T4,7,,,,,,,,,,,Simple,
555,1,8,2006,Fsavoie,4552.395,6325.08,4552.408,6325.154,35,FH,R5-T4,8,,,,,,,,,,,Simple,
556,1,8,2006,Fsavoie,4552.395,6325.08,4552.408,6325.154,35,FH,R5-T4,9,,,,,,,,,,,Simple,LS
557,1,8,2006,Fsavoie,4552.395,6325.08,4552.408,6325.154,35,FH,R5-T4,10,,,,,,,,,,,Simple,
558,1,8,2006,Fsavoie,4552.395,6325.08,4552.408,6325.154,35,FH,R5-T4,11,,,,,,,,,,,Simple,
559,1,8,2006,Fsavoie,4552.395,6325.08,4552.408,6325.154,35,FH,R5-T4,12,,,,,,,,,,,Simple,
560,1,8,2006,Fsavoie,4552.395,6325.08,4552.408,6325.154,35,FH,R5-T4,14,,,,,,,,,,,Simple,
561,1,8,2006,Fplante,4552.395,6325.08,4552.408,6325.154,35,FH,R5-T4,1,,,,,,,,,,,Simple,
562,1,8,2006,Fplante,4552.395,6325.08,4552.408,6325.154,35,FH,R5-T4,2,,,,,,,,,,,Simple,LS
563,1,8,2006,Fplante,4552.395,6325.08,4552.408,6325.154,35,FH,R5-T4,3,m,110,,,,,,,,,Simple,
564,1,8,2006,Fplante,4552.395,6325.08,4552.408,6325.154,35,FH,R5-T4,4,,,,,,,,,,,Simple,
565,1,8,2006,Fplante,4552.395,6325.08,4552.408,6325.154,35,FH,R5-T4,5,,,,,,,,,,,Simple,
566,1,8,2006,Fplante,4552.395,6325.08,4552.408,6325.154,35,FH,R5-T4,6,,,,,,,,,,,Simple,
567,1,8,2006,Fplante,4552.395,6325.08,4552.408,6325.154,35,FH,R5-T4,7,,,,,,,,,,,Simple,
568,1,8,2006,Fplante,4552.395,6325.08,4552.408,6325.154,35,FH,R5-T4,8,,,,,,,,,,,Simple,
569,1,8,2006,Fplante,4552.395,6325.08,4552.408,6325.154,35,FH,R5-T4,9,,,,,,,,,,,Simple,
570,1,8,2006,Fplante,4552.395,6325.08,4552.408,6325.154,35,FH,R5-T4,12,,,,,,,,,,,Simple,
571,1,8,2006,Fplante,4552.395,6325.08,4552.408,6325.154,35,FH,R5-T4,14,,,,,,,,,,,Simple,
572,1,8,2006,Fplante,4552.395,6325.08,4552.408,6325.154,35,FH,R5-T4,16,,,,,,,,,,,Simple,
573,1,8,2006,Fplante,4552.395,6325.08,4552.408,6325.154,35,FH,R5-T4,20,,,,,,,,,,,Simple,LS
574,1,8,2006,Bcomeau,4552.358,6324.912,4552.372,6324.987,35,FH,R5-T5,1,,,,,,,,,,,Simple,
575,1,8,2006,Bcomeau,4552.358,6324.912,4552.372,6324.987,35,FH,R5-T5,2,,,,,,,,,,,Simple,
576,1,8,2006,Bcomeau,4552.358,6324.912,4552.372,6324.987,35,FH,R5-T5,3,,,,,,,,,,,Simple,
577,1,8,2006,Bcomeau,4552.358,6324.912,4552.372,6324.987,35,FH,R5-T5,4,,,,,,,,,,,Simple,
578,1,8,2006,Bcomeau,4552.358,6324.912,4552.372,6324.987,35,FH,R5-T5,5,,,,,,,,,,,Simple,
579,1,8,2006,Bcomeau,4552.358,6324.912,4552.372,6324.987,35,FH,R5-T5,6,,,,,,,,,,,Simple,
580,1,8,2006,Bcomeau,4552.358,6324.912,4552.372,6324.987,35,FH,R5-T5,7,,,,,,,,,,,Simple,
581,1,8,2006,Bcomeau,4552.358,6324.912,4552.372,6324.987,35,FH,R5-T5,9,,,,,,,,,,,Simple,LS
582,1,8,2006,Bcomeau,4552.358,6324.912,4552.372,6324.987,35,FH,R5-T5,10,,,,,,,,,,,Simple,
583,1,8,2006,Bcomeau,4552.358,6324.912,4552.372,6324.987,35,FH,R5-T5,13,,,,,,,,,,,Simple,
584,1,8,2006,Bcomeau,4552.358,6324.912,4552.372,6324.987,35,FH,R5-T5,14,,,,,,,,,,,Simple,
585,1,8,2006,Bcomeau,4552.358,6324.912,4552.372,6324.987,35,FH,R5-T5,15,,,,,,,,,,,Simple,
586,1,8,2006,Bcomeau,4552.358,6324.912,4552.372,6324.987,35,FH,R5-T5,16,,,,,,,,,,,Simple,LS
587,1,8,2006,Bcomeau,4552.358,6324.912,4552.372,6324.987,35,FH,R5-T5,17,,,,,,,,,,,Simple,
588,1,8,2006,Bcomeau,4552.358,6324.912,4552.372,6324.987,35,FH,R5-T5,18,,,,,,,,,,,Simple,
589,1,8,2006,Bcomeau,4552.358,6324.912,4552.372,6324.987,35,FH,R5-T5,19,,,,,,,,,,,Simple,
590,1,8,2006,Bcomeau,4552.358,6324.912,4552.372,6324.987,35,FH,R5-T5,20,,,,,,,,,,,Simple,
591,1,8,2006,Elandry,4552.358,6324.912,4552.372,6324.987,35,FH,R5-T5,1,,,,,,,,,,,Simple,
592,1,8,2006,Elandry,4552.358,6324.912,4552.372,6324.987,35,FH,R5-T5,2,,,,,,,,,,,Simple,
593,1,8,2006,Elandry,4552.358,6324.912,4552.372,6324.987,35,FH,R5-T5,3,,,,,,,,,,,Simple,
594,1,8,2006,Elandry,4552.358,6324.912,4552.372,6324.987,35,FH,R5-T5,4,,,,,,,,,,,Simple,
595,1,8,2006,Elandry,4552.358,6324.912,4552.372,6324.987,35,FH,R5-T5,5,,,,,,,,,,,Simple,
596,1,8,2006,Elandry,4552.358,6324.912,4552.372,6324.987,35,FH,R5-T5,6,,,,,,,,,,,Simple,
597,1,8,2006,Elandry,4552.358,6324.912,4552.372,6324.987,35,FH,R5-T5,7,,,,,,,,,,,Simple,
598,1,8,2006,Elandry,4552.358,6324.912,4552.372,6324.987,35,FH,R5-T5,8,,,,,,,,,,,Simple,
599,1,8,2006,Elandry,4552.358,6324.912,4552.372,6324.987,35,FH,R5-T5,9,,,,,,,,,,,Simple,
600,1,8,2006,Elandry,4552.358,6324.912,4552.372,6324.987,35,FH,R5-T5,10,,,,,,,,,,,Simple,
601,1,8,2006,Elandry,4552.358,6324.912,4552.372,6324.987,35,FH,R5-T5,11,m,142,,,,,,,,,Simple,
602,1,8,2006,Elandry,4552.358,6324.912,4552.372,6324.987,35,FH,R5-T5,12,,,,,,,,,,,Simple,
603,1,8,2006,Elandry,4552.358,6324.912,4552.372,6324.987,35,FH,R5-T5,13,,,,,,,,,,,Simple,
604,1,8,2006,Elandry,4552.358,6324.912,4552.372,6324.987,35,FH,R5-T5,14,,,,,,,,,,,Simple,
605,1,8,2006,Elandry,4552.358,6324.912,4552.372,6324.987,35,FH,R5-T5,15,,,,,,,,,,,Simple,
606,1,8,2006,Elandry,4552.358,6324.912,4552.372,6324.987,35,FH,R5-T5,16,,,,,,,,,,,Simple,LS
607,1,8,2006,Elandry,4552.358,6324.912,4552.372,6324.987,35,FH,R5-T5,17,,,,,,,,,,,Simple,
608,1,8,2006,Elandry,4552.358,6324.912,4552.372,6324.987,35,FH,R5-T5,18,,,,,,,,,,,Simple,
609,1,8,2006,Elandry,4552.358,6324.912,4552.372,6324.987,35,FH,R5-T5,19,,,,,,,,,,,Simple,
610,31,7,2006,Bcomeau,4552.071,6324.452,4552.084,6324.528,36,FH,R10-T1,1,f,43,,,,,,,,,Simple,
611,31,7,2006,Bcomeau,4552.071,6324.452,4552.084,6324.528,36,FH,R10-T1,12,b3,92,,,,,,,,,Simple,
612,31,7,2006,Bcomeau,4552.071,6324.452,4552.084,6324.528,36,FH,R10-T1,17,,,,,,,,,,,Simple,
613,31,7,2006,Bcomeau,4552.071,6324.452,4552.084,6324.528,36,FH,R10-T1,18,,,,,,,,,,,Simple,
614,31,7,2006,Bcomeau,4552.071,6324.452,4552.084,6324.528,36,FH,R10-T1,19,,,,,,,,,,,Simple,
615,31,7,2006,Bcomeau,4552.071,6324.452,4552.084,6324.528,36,FH,R10-T1,20,,,,,,,,,,,Simple,
616,31,7,2006,Elandry,4552.071,6324.452,4552.084,6324.528,36,FH,R10-T1,9,i,9,,,,,,,,,Simple,
617,31,7,2006,Elandry,4552.071,6324.452,4552.084,6324.528,36,FH,R10-T1,18,m,76,,,,,,,,,Simple,
618,31,7,2006,Elandry,4552.071,6324.452,4552.084,6324.528,36,FH,R10-T1,20,m,24,,,,,,,,,Simple,
619,31,7,2006,Fplante,,,,,31,FH,R10-T12,1,,,,,,,,,,,Simple,
620,31,7,2006,Fplante,,,,,31,FH,R10-T12,2,m,135,,,,,,,,,Simple,
621,31,7,2006,Fplante,,,,,31,FH,R10-T12,3,,,,,,,,,,,Simple,
622,31,7,2006,Fplante,,,,,31,FH,R10-T12,4,,,,,,,,,,,Simple,
623,31,7,2006,Fplante,,,,,31,FH,R10-T12,5,,,,,,,,,,,Simple,
624,31,7,2006,Fplante,,,,,31,FH,R10-T12,6,,,,,,,,,,,Simple,
625,31,7,2006,Fplante,,,,,31,FH,R10-T12,7,f,78,,,,,,,,,Simple,
626,31,7,2006,Fplante,,,,,31,FH,R10-T12,8,,,,,,,,,,,Simple,
627,31,7,2006,Fplante,,,,,31,FH,R10-T12,9,,,,,,,,,,,Simple,
628,31,7,2006,Fplante,,,,,31,FH,R10-T12,10,,,,,,,,,,,Simple,
629,31,7,2006,Fplante,,,,,31,FH,R10-T12,11,f,85,,,,,,,,,Simple,
630,31,7,2006,Fplante,,,,,31,FH,R10-T12,12,,,,,,,,,,,Simple,
631,31,7,2006,Fplante,,,,,31,FH,R10-T12,13,,,,,,,,,,,Simple,
632,31,7,2006,Fplante,,,,,31,FH,R10-T12,14,,,,,,,,,,,Simple,
633,31,7,2006,Fplante,,,,,31,FH,R10-T12,15,,,,,,,,,,,Simple,
634,31,7,2006,Fplante,,,,,31,FH,R10-T12,16,,,,,,,,,,,Simple,
635,31,7,2006,Fplante,,,,,31,FH,R10-T12,17,,,,,,,,,,,Simple,
636,31,7,2006,Fplante,,,,,31,FH,R10-T12,18,,,,,,,,,,,Simple,
637,31,7,2006,Fplante,,,,,31,FH,R10-T12,19,,,,,,,,,,,Simple,
638,31,7,2006,Fplante,,,,,31,FH,R10-T12,20,,,,,,,,,,,Simple,
639,31,7,2006,Grobichaud,,,,,31,FH,R10-T12,1,m,42,,,,,,,,,Simple,
640,31,7,2006,Grobichaud,,,,,31,FH,R10-T12,2,,,,,,,,,,,Simple,
641,31,7,2006,Grobichaud,,,,,31,FH,R10-T12,9,,,,,,,,,,,Simple,
642,31,7,2006,Grobichaud,,,,,31,FH,R10-T12,14,,,,,,,,,,,Simple,
643,31,7,2006,Grobichaud,,,,,31,FH,R10-T12,15,,,,,,,,,,,Simple,
644,31,7,2006,Grobichaud,,,,,31,FH,R10-T12,16,,,,,,,,,,,Simple,
645,31,7,2006,Grobichaud,,,,,31,FH,R10-T12,17,,,,,,,,,,,Simple,
