Marker,Jour,Mois,Année,Plongeur,Début - lat.,Début - long.,Fin - lat.,Fin - long.,Depth,Transect,Trans,section,sexe,LC,Escape,Sa,Va,Du,Al,Gr,Ca,type,commentaire,fond
14,14,6,2001,Glandry,4750.384,6504.084,4750.379,6504.17,29,AB1,1,14,,,,0,0,1,0,1,1,Simple,,
15,14,6,2001,Glandry,4750.384,6504.084,4750.379,6504.17,29,AB1,1,15,,,,0,0,0,0,1,1,Simple,,
16,14,6,2001,Glandry,4750.384,6504.084,4750.379,6504.17,29,AB1,1,16,,,,0,0,0,0,1,1,Simple,,
17,14,6,2001,Glandry,4750.384,6504.084,4750.379,6504.17,29,AB1,1,17,m,20,,0,0,0,0,1,1,Simple,,
18,14,6,2001,Glandry,4750.384,6504.084,4750.379,6504.17,29,AB1,1,17,m,15,,0,0,0,0,1,1,Simple,,
19,14,6,2001,Glandry,4750.384,6504.084,4750.379,6504.17,29,AB1,1,18,m,61,,0,0,0,0,1,1,Simple,,
20,14,6,2001,Glandry,4750.384,6504.084,4750.379,6504.17,29,AB1,1,18,m,39,,0,0,0,0,1,1,Simple,,
22,14,6,2001,Glandry,4750.384,6504.084,4750.379,6504.17,29,AB1,1,20,m,20,,0,0,0,0,0,1,Simple,,
36,14,6,2001,Mcomeau,4750.384,6504.084,4750.379,6504.17,29,AB1,1,14,,,,0,0,1,0,1,1,Simple,,
37,14,6,2001,Mcomeau,4750.384,6504.084,4750.379,6504.17,29,AB1,1,15,,,,0,0,0,0,0,1,Simple,,
38,14,6,2001,Mcomeau,4750.384,6504.084,4750.379,6504.17,29,AB1,1,16,,,,0,0,0,0,1,1,Simple,,
39,14,6,2001,Mcomeau,4750.384,6504.084,4750.379,6504.17,29,AB1,1,17,,,,0,0,0,0,1,1,Simple,,
40,14,6,2001,Mcomeau,4750.384,6504.084,4750.379,6504.17,29,AB1,1,18,,,,0,0,0,0,1,1,Simple,,
42,14,6,2001,Mcomeau,4750.384,6504.084,4750.379,6504.17,29,AB1,1,20,m,36,,0,0,0,0,0,1,Simple,,
43,14,6,2001,Mcomeau,4750.384,6504.084,4750.379,6504.17,29,AB1,1,20,f,30,,0,0,0,0,0,1,Simple,,
47,14,6,2001,Elandry,4750.355,6504.239,4750.351,6504.319,31,AB1,2,4,f,51,,0,0,0,0,1,1,Simple,,
48,14,6,2001,Elandry,4750.355,6504.239,4750.351,6504.319,31,AB1,2,4,m,65,,0,0,0,0,1,1,Simple,,
49,14,6,2001,Elandry,4750.355,6504.239,4750.351,6504.319,31,AB1,2,5,m,58,,0,0,1,0,1,1,Simple,,
49,14,6,2001,Elandry,4750.355,6504.239,4750.351,6504.319,31,AB1,2,6,,,,0,0,1,0,1,1,Simple,,
51,14,6,2001,Elandry,4750.355,6504.239,4750.351,6504.319,31,AB1,2,7,,,,0,0,1,0,1,1,Simple,,
52,14,6,2001,Elandry,4750.355,6504.239,4750.351,6504.319,31,AB1,2,8,i,33,±30,0,0,1,0,1,1,Simple,,
53,14,6,2001,Elandry,4750.355,6504.239,4750.351,6504.319,31,AB1,2,9,m,25,,0,0,1,0,1,1,Simple,,
54,14,6,2001,Elandry,4750.355,6504.239,4750.351,6504.319,31,AB1,2,9,f,25,,0,0,1,0,1,1,Simple,,
55,14,6,2001,Elandry,4750.355,6504.239,4750.351,6504.319,31,AB1,2,10,i,63,±60,0,0,1,0,1,1,Simple,,
56,14,6,2001,Elandry,4750.355,6504.239,4750.351,6504.319,31,AB1,2,10,i,35,±35,0,0,1,0,1,1,Simple,,
57,14,6,2001,Elandry,4750.355,6504.239,4750.351,6504.319,31,AB1,2,11,,,,0,0,1,0,1,1,Simple,,
58,14,6,2001,Elandry,4750.355,6504.239,4750.351,6504.319,31,AB1,2,12,i,26,±25,0,0,1,0,1,1,Simple,,
59,14,6,2001,Elandry,4750.355,6504.239,4750.351,6504.319,31,AB1,2,13,m,45,,0,0,1,0,1,1,Simple,,
60,14,6,2001,Elandry,4750.355,6504.239,4750.351,6504.319,31,AB1,2,14,f,28,,0,0,1,0,1,1,Simple,,
61,14,6,2001,Elandry,4750.355,6504.239,4750.351,6504.319,31,AB1,2,14,m,63,,0,0,1,0,1,1,Simple,,
62,14,6,2001,Elandry,4750.355,6504.239,4750.351,6504.319,31,AB1,2,15,f,50,,0,0,1,0,1,1,Simple,,
65,14,6,2001,Elandry,4750.355,6504.239,4750.351,6504.319,31,AB1,2,18,m,36,,0,0,1,0,0,1,Simple,,
66,14,6,2001,Elandry,4750.355,6504.239,4750.351,6504.319,31,AB1,2,18,f,56,,0,0,1,0,0,1,Simple,,
67,14,6,2001,Elandry,4750.355,6504.239,4750.351,6504.319,31,AB1,2,19,,,,0,0,1,0,0,1,Simple,,
68,14,6,2001,Elandry,4750.355,6504.239,4750.351,6504.319,31,AB1,2,20,m,50,,0,0,1,0,1,1,Simple,,
69,14,6,2001,Elandry,4750.355,6504.239,4750.351,6504.319,31,AB1,2,20,m,61,,0,0,1,0,1,1,Simple,,
70,14,6,2001,Elandry,4750.355,6504.239,4750.351,6504.319,31,AB1,2,20,f,51,,0,0,1,0,1,1,Simple,,
74,14,6,2001,Mcomeau,4750.355,6504.239,4750.351,6504.319,31,AB1,2,4,b,133,,0,0,0,0,1,1,Simple,,
75,14,6,2001,Mcomeau,4750.355,6504.239,4750.351,6504.319,31,AB1,2,5,m,37,,0,0,0,0,1,1,Simple,,
76,14,6,2001,Mcomeau,4750.355,6504.239,4750.351,6504.319,31,AB1,2,5,m,44,,0,0,0,0,1,1,Simple,,
77,14,6,2001,Mcomeau,4750.355,6504.239,4750.351,6504.319,31,AB1,2,6,i,72,canner,0,0,0,0,1,1,Simple,,
78,14,6,2001,Mcomeau,4750.355,6504.239,4750.351,6504.319,31,AB1,2,6,f,46,,0,0,0,0,1,1,Simple,,
79,14,6,2001,Mcomeau,4750.355,6504.239,4750.351,6504.319,31,AB1,2,7,f,39,,0,0,0,0,1,1,Simple,,
80,14,6,2001,Mcomeau,4750.355,6504.239,4750.351,6504.319,31,AB1,2,7,i,31,±30,0,0,0,0,1,1,Simple,,
81,14,6,2001,Mcomeau,4750.355,6504.239,4750.351,6504.319,31,AB1,2,8,f,25,,0,0,0,0,1,1,Simple,,
82,14,6,2001,Mcomeau,4750.355,6504.239,4750.351,6504.319,31,AB1,2,9,f,55,,0,0,0,0,1,1,Simple,,
83,14,6,2001,Mcomeau,4750.355,6504.239,4750.351,6504.319,31,AB1,2,9,m,25,,0,0,0,0,1,1,Simple,,
84,14,6,2001,Mcomeau,4750.355,6504.239,4750.351,6504.319,31,AB1,2,10,f,61,,0,0,0,0,1,1,Simple,,
85,14,6,2001,Mcomeau,4750.355,6504.239,4750.351,6504.319,31,AB1,2,11,,,,0,0,0,0,1,1,Simple,,
86,14,6,2001,Mcomeau,4750.355,6504.239,4750.351,6504.319,31,AB1,2,12,m,42,,0,0,0,0,1,1,Simple,,
87,14,6,2001,Mcomeau,4750.355,6504.239,4750.351,6504.319,31,AB1,2,13,,,,0,0,0,0,1,1,Simple,,
88,14,6,2001,Mcomeau,4750.355,6504.239,4750.351,6504.319,31,AB1,2,14,,,,0,0,0,0,1,1,Simple,,
89,14,6,2001,Mcomeau,4750.355,6504.239,4750.351,6504.319,31,AB1,2,15,m,37,,0,0,0,0,1,1,Simple,,
91,14,6,2001,Mcomeau,4750.355,6504.239,4750.351,6504.319,31,AB1,2,17,f,47,,0,0,0,0,1,1,Simple,,
92,14,6,2001,Mcomeau,4750.355,6504.239,4750.351,6504.319,31,AB1,2,18,,,,0,0,0,0,1,1,Simple,,
93,14,6,2001,Mcomeau,4750.355,6504.239,4750.351,6504.319,31,AB1,2,19,m,51,,0,0,0,0,1,1,Simple,,
94,14,6,2001,Mcomeau,4750.355,6504.239,4750.351,6504.319,31,AB1,2,20,m,33,,0,0,0,0,1,1,Simple,,
98,18,6,2001,Mcomeau,4750.466,6503.887,4750.466,6503.967,31,AB1,3,4,,,,0,0,1,0,0,1,Simple,,
99,18,6,2001,Mcomeau,4750.466,6503.887,4750.466,6503.967,31,AB1,3,5,,,,0,0,0,0,1,1,Simple,,
100,18,6,2001,Mcomeau,4750.466,6503.887,4750.466,6503.967,31,AB1,3,6,m,44,,0,0,0,0,1,1,Simple,,
101,18,6,2001,Mcomeau,4750.466,6503.887,4750.466,6503.967,31,AB1,3,7,m,61,,0,0,0,0,1,1,Simple,,
102,18,6,2001,Mcomeau,4750.466,6503.887,4750.466,6503.967,31,AB1,3,7,f,72,,0,0,0,0,1,1,Simple,,
103,18,6,2001,Mcomeau,4750.466,6503.887,4750.466,6503.967,31,AB1,3,8,,,,0,0,0,0,1,1,Simple,,
106,18,6,2001,Mcomeau,4750.466,6503.887,4750.466,6503.967,31,AB1,3,11,,,,0,0,1,0,1,1,Simple,,
111,18,6,2001,Mcomeau,4750.466,6503.887,4750.466,6503.967,31,AB1,3,16,,,,0,0,1,0,0,1,Simple,,
113,18,6,2001,Mcomeau,4750.466,6503.887,4750.466,6503.967,31,AB1,3,18,,,,0,0,1,0,1,1,Simple,,
114,18,6,2001,Mcomeau,4750.466,6503.887,4750.466,6503.967,31,AB1,3,19,,,,0,0,1,0,1,1,Simple,,
115,18,6,2001,Mcomeau,4750.466,6503.887,4750.466,6503.967,31,AB1,3,20,m,47,,0,0,1,0,1,1,Simple,,
121,18,6,2001,Glandry,4750.466,6503.887,4750.466,6503.967,31,AB1,3,6,m,60,,0,0,1,1,0,1,Simple,,
122,18,6,2001,Glandry,4750.466,6503.887,4750.466,6503.967,31,AB1,3,7,f,53,,0,0,1,1,0,1,Simple,,
123,18,6,2001,Glandry,4750.466,6503.887,4750.466,6503.967,31,AB1,3,8,,,,0,0,1,1,0,1,Simple,,
124,18,6,2001,Glandry,4750.466,6503.887,4750.466,6503.967,31,AB1,3,9,,,,0,0,1,0,0,1,Simple,,
125,18,6,2001,Glandry,4750.466,6503.887,4750.466,6503.967,31,AB1,3,10,,,,0,0,1,0,0,1,Simple,,
126,18,6,2001,Glandry,4750.466,6503.887,4750.466,6503.967,31,AB1,3,11,f,36,,0,0,1,0,0,1,Simple,,
127,18,6,2001,Glandry,4750.466,6503.887,4750.466,6503.967,31,AB1,3,11,m,45,,0,0,1,0,0,1,Simple,,
130,18,6,2001,Glandry,4750.466,6503.887,4750.466,6503.967,31,AB1,3,14,,,,0,0,1,0,0,1,Simple,,
131,18,6,2001,Glandry,4750.466,6503.887,4750.466,6503.967,31,AB1,3,15,,,,0,0,1,0,0,1,Simple,,
132,18,6,2001,Glandry,4750.466,6503.887,4750.466,6503.967,31,AB1,3,16,,,,0,0,1,0,0,1,Simple,,
133,18,6,2001,Glandry,4750.466,6503.887,4750.466,6503.967,31,AB1,3,17,,,,0,0,1,0,0,1,Simple,,
134,18,6,2001,Glandry,4750.466,6503.887,4750.466,6503.967,31,AB1,3,18,f,34,,0,0,1,0,0,1,Simple,,
135,18,6,2001,Glandry,4750.466,6503.887,4750.466,6503.967,31,AB1,3,19,,,,0,0,1,0,0,1,Simple,,
136,18,6,2001,Glandry,4750.466,6503.887,4750.466,6503.967,31,AB1,3,20,i,71,canner,0,0,1,0,0,1,Simple,,
137,18,6,2001,Mcomeau,4750.454,6504.087,4750.462,6503.999,31,AB1,4,1,i,86,Market,0,0,0,0,1,1,Simple,,
138,18,6,2001,Mcomeau,4750.454,6504.087,4750.462,6503.999,31,AB1,4,2,f,58,,0,0,1,0,0,1,Simple,,
142,18,6,2001,Mcomeau,4750.454,6504.087,4750.462,6503.999,31,AB1,4,6,,,,0,0,1,0,0,1,Simple,,
145,18,6,2001,Mcomeau,4750.454,6504.087,4750.462,6503.999,31,AB1,4,9,,,,0,0,1,0,0,0,Simple,,
148,18,6,2001,Mcomeau,4750.454,6504.087,4750.462,6503.999,31,AB1,4,12,,,,0,0,1,0,0,1,Simple,,
149,18,6,2001,Mcomeau,4750.454,6504.087,4750.462,6503.999,31,AB1,4,13,,,,0,0,1,0,1,1,Simple,,
150,18,6,2001,Mcomeau,4750.454,6504.087,4750.462,6503.999,31,AB1,4,14,,,,0,0,0,0,0,1,Simple,,
151,18,6,2001,Mcomeau,4750.454,6504.087,4750.462,6503.999,31,AB1,4,15,,,,0,0,0,0,1,1,Simple,,
152,18,6,2001,Mcomeau,4750.454,6504.087,4750.462,6503.999,31,AB1,4,16,m,36,,0,0,1,0,1,1,Simple,,
155,18,6,2001,Mcomeau,4750.454,6504.087,4750.462,6503.999,31,AB1,4,19,f,41,,0,0,1,0,0,1,Simple,,
156,18,6,2001,Mcomeau,4750.454,6504.087,4750.462,6503.999,31,AB1,4,20,f,47,,0,0,0,0,1,1,Simple,,
157,18,6,2001,Mcomeau,4750.454,6504.087,4750.462,6503.999,31,AB1,4,20,m,68,,0,0,0,0,1,1,Simple,,
158,18,6,2001,Glandry,4750.454,6504.087,4750.462,6503.999,31,AB1,4,1,,,,0,0,1,0,0,1,Simple,,
159,18,6,2001,Glandry,4750.454,6504.087,4750.462,6503.999,31,AB1,4,2,,,,0,0,1,0,0,1,Simple,,
160,18,6,2001,Glandry,4750.454,6504.087,4750.462,6503.999,31,AB1,4,3,,,,0,0,1,0,0,1,Simple,,
163,18,6,2001,Glandry,4750.454,6504.087,4750.462,6503.999,31,AB1,4,6,,,,0,0,1,0,0,1,Simple,,
164,18,6,2001,Glandry,4750.454,6504.087,4750.462,6503.999,31,AB1,4,7,,,,0,0,1,0,0,1,Simple,,
165,18,6,2001,Glandry,4750.454,6504.087,4750.462,6503.999,31,AB1,4,8,b,70,,0,0,1,0,0,1,Simple,,
166,18,6,2001,Glandry,4750.454,6504.087,4750.462,6503.999,31,AB1,4,8,f,57,,0,0,1,0,0,1,Simple,,
167,18,6,2001,Glandry,4750.454,6504.087,4750.462,6503.999,31,AB1,4,9,,,,0,0,1,0,0,1,Simple,,
168,18,6,2001,Glandry,4750.454,6504.087,4750.462,6503.999,31,AB1,4,10,,,,0,0,1,0,0,1,Simple,,
170,18,6,2001,Glandry,4750.454,6504.087,4750.462,6503.999,31,AB1,4,12,,,,0,0,1,0,0,1,Simple,,
171,18,6,2001,Glandry,4750.454,6504.087,4750.462,6503.999,31,AB1,4,13,,,,0,0,1,0,0,1,Simple,,
172,18,6,2001,Glandry,4750.454,6504.087,4750.462,6503.999,31,AB1,4,14,,,,0,0,1,0,0,1,Simple,,
173,18,6,2001,Glandry,4750.454,6504.087,4750.462,6503.999,31,AB1,4,15,,,,0,0,1,0,0,1,Simple,,
174,18,6,2001,Glandry,4750.454,6504.087,4750.462,6503.999,31,AB1,4,16,f,42,,0,0,1,0,0,0,Simple,,
177,18,6,2001,Glandry,4750.454,6504.087,4750.462,6503.999,31,AB1,4,19,,,,0,0,1,0,0,1,Simple,,
178,18,6,2001,Glandry,4750.454,6504.087,4750.462,6503.999,31,AB1,4,20,,,,0,0,1,0,0,1,Simple,,
179,19,6,2001,Mcomeau,4750.64,6503.044,4750.625,6502.957,29,AB1,5,1,,,,0,0,1,0,1,1,Simple,,
180,19,6,2001,Mcomeau,4750.64,6503.044,4750.625,6502.957,29,AB1,5,2,,,,0,0,1,0,1,1,Simple,,
181,19,6,2001,Mcomeau,4750.64,6503.044,4750.625,6502.957,29,AB1,5,3,m,29,,0,0,1,0,1,1,Simple,,
182,19,6,2001,Mcomeau,4750.64,6503.044,4750.625,6502.957,29,AB1,5,4,m,39,,0,0,1,0,1,1,Simple,,
188,19,6,2001,Mcomeau,4750.64,6503.044,4750.625,6502.957,29,AB1,5,10,f,23,,0,0,1,0,1,1,Simple,,
189,19,6,2001,Mcomeau,4750.64,6503.044,4750.625,6502.957,29,AB1,5,10,f,48,,0,0,1,0,1,1,Simple,,
190,19,6,2001,Mcomeau,4750.64,6503.044,4750.625,6502.957,29,AB1,5,11,,,,0,0,1,0,0,1,Simple,,
192,19,6,2001,Mcomeau,4750.64,6503.044,4750.625,6502.957,29,AB1,5,13,m,45,,0,0,1,0,0,1,Simple,,
196,19,6,2001,Mcomeau,4750.64,6503.044,4750.625,6502.957,29,AB1,5,17,,,,0,0,1,0,0,1,Simple,,
197,19,6,2001,Mcomeau,4750.64,6503.044,4750.625,6502.957,29,AB1,5,18,m,27,,0,0,1,0,0,1,Simple,,
199,19,6,2001,Mcomeau,4750.64,6503.044,4750.625,6502.957,29,AB1,5,20,,,,0,0,1,0,0,1,Simple,,
200,19,6,2001,Glandry,4750.64,6503.044,4750.625,6502.957,29,AB1,5,1,,,,0,0,1,0,0,1,Simple,,
201,19,6,2001,Glandry,4750.64,6503.044,4750.625,6502.957,29,AB1,5,2,,,,0,0,1,0,0,1,Simple,,
204,19,6,2001,Glandry,4750.64,6503.044,4750.625,6502.957,29,AB1,5,5,m,54,,0,0,1,0,0,1,Simple,,
205,19,6,2001,Glandry,4750.64,6503.044,4750.625,6502.957,29,AB1,5,6,,,,0,0,1,0,0,1,Simple,,
206,19,6,2001,Glandry,4750.64,6503.044,4750.625,6502.957,29,AB1,5,7,,,,0,0,1,0,0,1,Simple,,
209,19,6,2001,Glandry,4750.64,6503.044,4750.625,6502.957,29,AB1,5,10,,,,0,0,1,0,0,1,Simple,,
210,19,6,2001,Glandry,4750.64,6503.044,4750.625,6502.957,29,AB1,5,11,,,,0,0,1,0,0,1,Simple,,
216,19,6,2001,Glandry,4750.64,6503.044,4750.625,6502.957,29,AB1,5,17,f,25,,0,0,1,0,0,1,Simple,,
217,19,6,2001,Glandry,4750.64,6503.044,4750.625,6502.957,29,AB1,5,17,m,38,,0,0,1,0,0,1,Simple,,
218,19,6,2001,Glandry,4750.64,6503.044,4750.625,6502.957,29,AB1,5,18,,,,0,0,1,0,0,1,Simple,,
221,19,6,2001,Rvienneau,4750.669,6503.011,4750.663,6502.921,29,AB1,6,1,f,39,,0,0,0,0,1,1,Simple,,
222,19,6,2001,Rvienneau,4750.669,6503.011,4750.663,6502.921,29,AB1,6,2,f,60,,0,0,0,0,1,1,Simple,,
223,19,6,2001,Rvienneau,4750.669,6503.011,4750.663,6502.921,29,AB1,6,3,m,61,,0,0,0,0,1,1,Simple,,
224,19,6,2001,Rvienneau,4750.669,6503.011,4750.663,6502.921,29,AB1,6,4,,,,0,0,0,0,1,0,Simple,,
225,19,6,2001,Rvienneau,4750.669,6503.011,4750.663,6502.921,29,AB1,6,5,f,45,,0,0,0,0,1,0,Simple,,
226,19,6,2001,Rvienneau,4750.669,6503.011,4750.663,6502.921,29,AB1,6,6,f,47,,0,0,1,0,0,1,Simple,,
227,19,6,2001,Rvienneau,4750.669,6503.011,4750.663,6502.921,29,AB1,6,7,f,63,,0,0,1,0,0,1,Simple,,
228,19,6,2001,Rvienneau,4750.669,6503.011,4750.663,6502.921,29,AB1,6,8,,,,0,0,1,0,0,1,Simple,,
229,19,6,2001,Rvienneau,4750.669,6503.011,4750.663,6502.921,29,AB1,6,9,,,,0,0,1,0,0,1,Simple,,
230,19,6,2001,Rvienneau,4750.669,6503.011,4750.663,6502.921,29,AB1,6,10,,,,0,0,1,0,0,1,Simple,,
231,19,6,2001,Rvienneau,4750.669,6503.011,4750.663,6502.921,29,AB1,6,11,f,35,,0,0,1,0,0,1,Simple,,
232,19,6,2001,Rvienneau,4750.669,6503.011,4750.663,6502.921,29,AB1,6,12,,,,0,0,1,0,0,1,Simple,,
233,19,6,2001,Rvienneau,4750.669,6503.011,4750.663,6502.921,29,AB1,6,13,,,,0,0,1,0,0,1,Simple,,
234,19,6,2001,Rvienneau,4750.669,6503.011,4750.663,6502.921,29,AB1,6,14,f,47,,0,0,1,0,0,1,Simple,,
235,19,6,2001,Rvienneau,4750.669,6503.011,4750.663,6502.921,29,AB1,6,15,b,71,,0,0,1,0,0,1,Simple,,
236,19,6,2001,Rvienneau,4750.669,6503.011,4750.663,6502.921,29,AB1,6,16,,,,0,0,1,0,0,1,Simple,,
237,19,6,2001,Rvienneau,4750.669,6503.011,4750.663,6502.921,29,AB1,6,17,f,59,,0,0,1,0,0,1,Simple,,
238,19,6,2001,Rvienneau,4750.669,6503.011,4750.663,6502.921,29,AB1,6,17,i,85,Market,0,0,1,0,0,1,Simple,,
239,19,6,2001,Rvienneau,4750.669,6503.011,4750.663,6502.921,29,AB1,6,18,f,47,,0,0,1,0,0,1,Simple,,
240,19,6,2001,Rvienneau,4750.669,6503.011,4750.663,6502.921,29,AB1,6,18,f,60,,0,0,1,0,0,1,Simple,,
241,19,6,2001,Rvienneau,4750.669,6503.011,4750.663,6502.921,29,AB1,6,18,f,43,,0,0,1,0,0,1,Simple,,
243,19,6,2001,Rvienneau,4750.669,6503.011,4750.663,6502.921,29,AB1,6,20,m,56,,0,0,1,0,0,0,Simple,,
244,19,6,2001,Bcomeau,4750.669,6503.011,4750.663,6502.921,29,AB1,6,1,m,55,,0,0,0,0,1,1,Simple,,
245,19,6,2001,Bcomeau,4750.669,6503.011,4750.663,6502.921,29,AB1,6,2,m,59,,0,0,0,0,1,0,Simple,,
246,19,6,2001,Bcomeau,4750.669,6503.011,4750.663,6502.921,29,AB1,6,3,,,,0,0,0,0,1,0,Simple,,
247,19,6,2001,Bcomeau,4750.669,6503.011,4750.663,6502.921,29,AB1,6,4,,,,0,0,0,0,1,0,Simple,,
248,19,6,2001,Bcomeau,4750.669,6503.011,4750.663,6502.921,29,AB1,6,5,f,57,,0,0,0,0,1,1,Simple,,
249,19,6,2001,Bcomeau,4750.669,6503.011,4750.663,6502.921,29,AB1,6,5,m,31,,0,0,0,0,1,1,Simple,,
250,19,6,2001,Bcomeau,4750.669,6503.011,4750.663,6502.921,29,AB1,6,6,,,,0,0,0,0,1,0,Simple,,
251,19,6,2001,Bcomeau,4750.669,6503.011,4750.663,6502.921,29,AB1,6,7,f,51,,0,0,0,0,1,0,Simple,,
252,19,6,2001,Bcomeau,4750.669,6503.011,4750.663,6502.921,29,AB1,6,8,m,31,,0,0,0,0,1,0,Simple,,
253,19,6,2001,Bcomeau,4750.669,6503.011,4750.663,6502.921,29,AB1,6,8,f,54,,0,0,0,0,1,0,Simple,,
254,19,6,2001,Bcomeau,4750.669,6503.011,4750.663,6502.921,29,AB1,6,9,f,42,,0,0,0,0,1,1,Simple,,
255,19,6,2001,Bcomeau,4750.669,6503.011,4750.663,6502.921,29,AB1,6,9,f,65,,0,0,0,0,1,1,Simple,,
256,19,6,2001,Bcomeau,4750.669,6503.011,4750.663,6502.921,29,AB1,6,10,f,32,,0,0,0,0,1,1,Simple,,
257,19,6,2001,Bcomeau,4750.669,6503.011,4750.663,6502.921,29,AB1,6,11,,,,0,0,0,0,1,0,Simple,,
258,19,6,2001,Bcomeau,4750.669,6503.011,4750.663,6502.921,29,AB1,6,12,i,,small,0,0,0,0,1,1,Simple,,
259,19,6,2001,Bcomeau,4750.669,6503.011,4750.663,6502.921,29,AB1,6,12,m,53,,0,0,0,0,1,1,Simple,,
260,19,6,2001,Bcomeau,4750.669,6503.011,4750.663,6502.921,29,AB1,6,13,i,72,canner,0,0,0,0,1,1,Simple,,
261,19,6,2001,Bcomeau,4750.669,6503.011,4750.663,6502.921,29,AB1,6,14,f,29,,0,0,0,0,1,1,Simple,,
263,19,6,2001,Bcomeau,4750.669,6503.011,4750.663,6502.921,29,AB1,6,16,m,60,,0,0,0,1,0,1,Simple,,
268,19,6,2001,Glandry,4750.668,6503.164,4750.662,6503.076,34,AB1,7,1,,,,0,0,1,0,0,1,Simple,,
269,19,6,2001,Glandry,4750.668,6503.164,4750.662,6503.076,34,AB1,7,2,f,49,,0,0,1,0,0,1,Simple,,
270,19,6,2001,Glandry,4750.668,6503.164,4750.662,6503.076,34,AB1,7,2,m,46,,0,0,1,0,0,1,Simple,,
274,19,6,2001,Glandry,4750.668,6503.164,4750.662,6503.076,34,AB1,7,6,f,48,,0,0,1,0,0,1,Simple,,
278,19,6,2001,Glandry,4750.668,6503.164,4750.662,6503.076,34,AB1,7,10,f,21,,0,0,1,0,0,1,Simple,,
279,19,6,2001,Glandry,4750.668,6503.164,4750.662,6503.076,34,AB1,7,11,i,25,±25,0,0,1,0,0,1,Simple,,
280,19,6,2001,Glandry,4750.668,6503.164,4750.662,6503.076,34,AB1,7,11,f,66,,0,0,1,0,0,1,Simple,,
281,19,6,2001,Glandry,4750.668,6503.164,4750.662,6503.076,34,AB1,7,12,,,,0,0,1,0,0,1,Simple,,
282,19,6,2001,Glandry,4750.668,6503.164,4750.662,6503.076,34,AB1,7,13,,,,0,0,1,0,0,1,Simple,,
283,19,6,2001,Glandry,4750.668,6503.164,4750.662,6503.076,34,AB1,7,14,f,42,,0,0,1,0,0,1,Simple,,
284,19,6,2001,Glandry,4750.668,6503.164,4750.662,6503.076,34,AB1,7,15,f,20,,0,0,1,0,0,1,Simple,,
285,19,6,2001,Glandry,4750.668,6503.164,4750.662,6503.076,34,AB1,7,16,m,36,,0,0,1,0,0,1,Simple,,
286,19,6,2001,Glandry,4750.668,6503.164,4750.662,6503.076,34,AB1,7,17,,,,0,0,1,0,0,1,Simple,,
287,19,6,2001,Glandry,4750.668,6503.164,4750.662,6503.076,34,AB1,7,18,,,,0,0,1,0,0,1,Simple,,
288,19,6,2001,Glandry,4750.668,6503.164,4750.662,6503.076,34,AB1,7,19,,,,0,0,1,0,0,1,Simple,,
289,19,6,2001,Glandry,4750.668,6503.164,4750.662,6503.076,34,AB1,7,20,m,38,,0,0,1,0,0,1,Simple,,
290,19,6,2001,Mcomeau,4750.668,6503.164,4750.662,6503.076,34,AB1,7,1,m,37,,0,0,1,0,1,1,Simple,,
291,19,6,2001,Mcomeau,4750.668,6503.164,4750.662,6503.076,34,AB1,7,2,f,37,,0,0,1,0,0,1,Simple,,
293,19,6,2001,Mcomeau,4750.668,6503.164,4750.662,6503.076,34,AB1,7,4,f,58,,0,0,1,0,0,1,Simple,,
299,19,6,2001,Mcomeau,4750.668,6503.164,4750.662,6503.076,34,AB1,7,10,m,62,,0,0,0,0,1,1,Simple,,
300,19,6,2001,Mcomeau,4750.668,6503.164,4750.662,6503.076,34,AB1,7,11,m,32,,0,0,1,0,1,1,Simple,,
301,19,6,2001,Mcomeau,4750.668,6503.164,4750.662,6503.076,34,AB1,7,11,f,52,,0,0,1,0,1,1,Simple,,
302,19,6,2001,Mcomeau,4750.668,6503.164,4750.662,6503.076,34,AB1,7,12,,,,0,0,1,0,1,1,Simple,,
303,19,6,2001,Mcomeau,4750.668,6503.164,4750.662,6503.076,34,AB1,7,13,m,95,,0,0,1,0,1,1,Simple,,
304,19,6,2001,Mcomeau,4750.668,6503.164,4750.662,6503.076,34,AB1,7,14,,,,0,0,1,0,1,1,Simple,,
305,19,6,2001,Mcomeau,4750.668,6503.164,4750.662,6503.076,34,AB1,7,15,m,23,,0,0,1,0,1,1,Simple,,
306,19,6,2001,Mcomeau,4750.668,6503.164,4750.662,6503.076,34,AB1,7,15,i,86,Market,0,0,1,0,1,1,Simple,,
307,19,6,2001,Mcomeau,4750.668,6503.164,4750.662,6503.076,34,AB1,7,16,m,48,,0,0,1,0,1,1,Simple,,
308,19,6,2001,Mcomeau,4750.668,6503.164,4750.662,6503.076,34,AB1,7,16,m,78,,0,0,1,0,1,1,Simple,,
309,19,6,2001,Mcomeau,4750.668,6503.164,4750.662,6503.076,34,AB1,7,17,m,38,,0,0,1,0,1,1,Simple,,
310,19,6,2001,Mcomeau,4750.668,6503.164,4750.662,6503.076,34,AB1,7,17,m,35,,0,0,1,0,1,1,Simple,,
311,19,6,2001,Mcomeau,4750.668,6503.164,4750.662,6503.076,34,AB1,7,17,f,62,,0,0,1,0,1,1,Simple,,
312,19,6,2001,Mcomeau,4750.668,6503.164,4750.662,6503.076,34,AB1,7,18,,,,0,0,1,0,0,1,Simple,,
314,19,6,2001,Mcomeau,4750.668,6503.164,4750.662,6503.076,34,AB1,7,20,m,51,,0,0,1,0,1,1,Simple,,
315,19,6,2001,Mcomeau,4750.668,6503.164,4750.662,6503.076,34,AB1,7,20,m,70,,0,0,1,0,1,1,Simple,,
324,19,6,2001,Bcomeau,4750.669,6503.202,4750.666,6503.284,34,AB1,8,9,m,25,,0,0,0,0,1,0,Simple,,
325,19,6,2001,Bcomeau,4750.669,6503.202,4750.666,6503.284,34,AB1,8,10,m,57,,0,0,1,0,0,0,Simple,,
335,19,6,2001,Bcomeau,4750.669,6503.202,4750.666,6503.284,34,AB1,8,20,m,65,,0,0,0,0,1,0,Simple,,
336,19,6,2001,Rvienneau,4750.669,6503.202,4750.666,6503.284,34,AB1,8,1,,,,0,0,1,0,0,1,Simple,,
337,19,6,2001,Rvienneau,4750.669,6503.202,4750.666,6503.284,34,AB1,8,2,f,48,,0,0,1,0,0,0,Simple,,
344,19,6,2001,Rvienneau,4750.669,6503.202,4750.666,6503.284,34,AB1,8,9,f,38,,0,0,0,0,0,1,Simple,,
345,19,6,2001,Rvienneau,4750.669,6503.202,4750.666,6503.284,34,AB1,8,10,,,,0,0,0,0,0,1,Simple,,
348,19,6,2001,Rvienneau,4750.669,6503.202,4750.666,6503.284,34,AB1,8,13,,,,0,0,1,0,0,1,Simple,,
357,19,6,2001,Rvienneau,4750.646,6503.288,4750.638,6503.363,35,AB1,9,2,,,,0,0,1,0,0,1,Simple,,
364,19,6,2001,Rvienneau,4750.646,6503.288,4750.638,6503.363,35,AB1,9,9,b,75,,0,0,1,0,0,0,Simple,,
371,19,6,2001,Rvienneau,4750.646,6503.288,4750.638,6503.363,35,AB1,9,16,f,29,,0,0,1,0,0,1,Simple,,
372,19,6,2001,Rvienneau,4750.646,6503.288,4750.638,6503.363,35,AB1,9,16,m,43,,0,0,1,0,0,1,Simple,,
373,19,6,2001,Rvienneau,4750.646,6503.288,4750.638,6503.363,35,AB1,9,16,f,41,,0,0,1,0,0,1,Simple,,
374,19,6,2001,Rvienneau,4750.646,6503.288,4750.638,6503.363,35,AB1,9,17,,,,0,0,1,0,0,1,Simple,,
375,19,6,2001,Rvienneau,4750.646,6503.288,4750.638,6503.363,35,AB1,9,18,b,74,,0,0,1,0,0,1,Simple,,
376,19,6,2001,Rvienneau,4750.646,6503.288,4750.638,6503.363,35,AB1,9,18,m,33,,0,0,1,0,0,1,Simple,,
380,19,6,2001,Bcomeau,4750.646,6503.288,4750.638,6503.363,35,AB1,9,2,m,59,,0,0,0,0,1,1,Simple,,
387,19,6,2001,Bcomeau,4750.646,6503.288,4750.638,6503.363,35,AB1,9,9,f,56,,0,0,1,0,0,1,Simple,,
388,19,6,2001,Bcomeau,4750.646,6503.288,4750.638,6503.363,35,AB1,9,10,f,40,,0,0,0,0,1,1,Simple,,
392,19,6,2001,Bcomeau,4750.646,6503.288,4750.638,6503.363,35,AB1,9,14,m,42,,0,0,1,0,1,0,Simple,,
396,19,6,2001,Bcomeau,4750.646,6503.288,4750.638,6503.363,35,AB1,9,18,f,53,,0,0,0,0,1,0,Simple,,
399,19,6,2001,Mcomeau,4750.565,6503.206,4750.564,6503.296,30,AB1,10,1,m,29,,0,0,0,0,1,1,Simple,,
400,19,6,2001,Mcomeau,4750.565,6503.206,4750.564,6503.296,30,AB1,10,1,i,69,canner,0,0,0,0,1,1,Simple,,
401,19,6,2001,Mcomeau,4750.565,6503.206,4750.564,6503.296,30,AB1,10,2,,,,0,0,0,0,1,1,Simple,,
402,19,6,2001,Mcomeau,4750.565,6503.206,4750.564,6503.296,30,AB1,10,3,b,89,,0,0,0,0,1,1,Simple,,
403,19,6,2001,Mcomeau,4750.565,6503.206,4750.564,6503.296,30,AB1,10,3,f,47,,0,0,0,0,1,1,Simple,,
404,19,6,2001,Mcomeau,4750.565,6503.206,4750.564,6503.296,30,AB1,10,3,f,65,,0,0,0,0,1,1,Simple,,
405,19,6,2001,Mcomeau,4750.565,6503.206,4750.564,6503.296,30,AB1,10,4,,,,0,0,1,0,1,1,Simple,,
406,19,6,2001,Mcomeau,4750.565,6503.206,4750.564,6503.296,30,AB1,10,5,,,,0,0,1,0,1,1,Simple,,
407,19,6,2001,Mcomeau,4750.565,6503.206,4750.564,6503.296,30,AB1,10,6,,,,0,0,1,0,1,1,Simple,,
408,19,6,2001,Mcomeau,4750.565,6503.206,4750.564,6503.296,30,AB1,10,7,m,72,,0,0,0,0,1,1,Simple,,
409,19,6,2001,Mcomeau,4750.565,6503.206,4750.564,6503.296,30,AB1,10,8,m,23,,0,0,0,0,1,1,Simple,,
410,19,6,2001,Mcomeau,4750.565,6503.206,4750.564,6503.296,30,AB1,10,9,m,59,,0,0,0,0,1,1,Simple,,
411,19,6,2001,Mcomeau,4750.565,6503.206,4750.564,6503.296,30,AB1,10,9,m,30,,0,0,0,0,1,1,Simple,,
412,19,6,2001,Mcomeau,4750.565,6503.206,4750.564,6503.296,30,AB1,10,10,,,,0,0,0,0,1,1,Simple,,
413,19,6,2001,Mcomeau,4750.565,6503.206,4750.564,6503.296,30,AB1,10,11,,,,0,0,0,0,1,1,Simple,,
414,19,6,2001,Mcomeau,4750.565,6503.206,4750.564,6503.296,30,AB1,10,12,,,,0,0,0,0,1,1,Simple,,
415,19,6,2001,Mcomeau,4750.565,6503.206,4750.564,6503.296,30,AB1,10,13,,,,0,0,0,0,1,1,Simple,,
416,19,6,2001,Mcomeau,4750.565,6503.206,4750.564,6503.296,30,AB1,10,14,f,43,,0,0,0,0,1,1,Simple,,
417,19,6,2001,Mcomeau,4750.565,6503.206,4750.564,6503.296,30,AB1,10,15,,,,0,0,0,0,1,1,Simple,,
418,19,6,2001,Mcomeau,4750.565,6503.206,4750.564,6503.296,30,AB1,10,16,f,66,,0,0,0,0,1,1,Simple,,
419,19,6,2001,Mcomeau,4750.565,6503.206,4750.564,6503.296,30,AB1,10,17,b,83,,0,0,0,0,1,1,Simple,,
420,19,6,2001,Mcomeau,4750.565,6503.206,4750.564,6503.296,30,AB1,10,18,m,23,,0,0,1,0,1,1,Simple,,
423,19,6,2001,Glandry,4750.565,6503.206,4750.564,6503.296,30,AB1,10,1,m,59,,0,0,1,0,0,1,Simple,,
424,19,6,2001,Glandry,4750.565,6503.206,4750.564,6503.296,30,AB1,10,1,f,48,,0,0,1,0,0,1,Simple,,
425,19,6,2001,Glandry,4750.565,6503.206,4750.564,6503.296,30,AB1,10,2,f,58,,0,0,1,0,0,1,Simple,,
426,19,6,2001,Glandry,4750.565,6503.206,4750.564,6503.296,30,AB1,10,2,m,40,,0,0,1,0,0,1,Simple,,
427,19,6,2001,Glandry,4750.565,6503.206,4750.564,6503.296,30,AB1,10,2,i,89,market,0,0,1,0,0,1,Simple,,
428,19,6,2001,Glandry,4750.565,6503.206,4750.564,6503.296,30,AB1,10,3,i,73,canner,0,0,1,0,0,1,Simple,,
429,19,6,2001,Glandry,4750.565,6503.206,4750.564,6503.296,30,AB1,10,3,f,57,,0,0,1,0,0,1,Simple,,
430,19,6,2001,Glandry,4750.565,6503.206,4750.564,6503.296,30,AB1,10,3,f,24,,0,0,1,0,0,1,Simple,,
431,19,6,2001,Glandry,4750.565,6503.206,4750.564,6503.296,30,AB1,10,3,f,52,,0,0,1,0,0,1,Simple,,
432,19,6,2001,Glandry,4750.565,6503.206,4750.564,6503.296,30,AB1,10,5,f,57,,0,0,1,0,0,1,Simple,,
434,19,6,2001,Glandry,4750.565,6503.206,4750.564,6503.296,30,AB1,10,7,,,,0,0,1,0,0,1,Simple,,
435,19,6,2001,Glandry,4750.565,6503.206,4750.564,6503.296,30,AB1,10,8,i,57,±25,0,0,1,0,0,1,Simple,,
436,19,6,2001,Glandry,4750.565,6503.206,4750.564,6503.296,30,AB1,10,9,f,64,,0,0,1,0,0,1,Simple,,
437,19,6,2001,Glandry,4750.565,6503.206,4750.564,6503.296,30,AB1,10,9,b,83,,0,0,1,0,0,1,Simple,,
438,19,6,2001,Glandry,4750.565,6503.206,4750.564,6503.296,30,AB1,10,9,i,39,±35,0,0,1,0,0,1,Simple,,
439,19,6,2001,Glandry,4750.565,6503.206,4750.564,6503.296,30,AB1,10,10,,,,0,0,1,0,0,1,Simple,,
440,19,6,2001,Glandry,4750.565,6503.206,4750.564,6503.296,30,AB1,10,11,m,68,,0,0,1,0,0,1,Simple,,
441,19,6,2001,Glandry,4750.565,6503.206,4750.564,6503.296,30,AB1,10,11,m,47,,0,0,1,0,0,1,Simple,,
442,19,6,2001,Glandry,4750.565,6503.206,4750.564,6503.296,30,AB1,10,11,b,72,,0,0,1,0,0,1,Simple,,
443,19,6,2001,Glandry,4750.565,6503.206,4750.564,6503.296,30,AB1,10,12,,,,0,0,1,0,0,1,Simple,,
444,19,6,2001,Glandry,4750.565,6503.206,4750.564,6503.296,30,AB1,10,13,,,,0,0,1,0,0,1,Simple,,
445,19,6,2001,Glandry,4750.565,6503.206,4750.564,6503.296,30,AB1,10,14,,,,0,0,1,0,0,1,Simple,,
446,19,6,2001,Glandry,4750.565,6503.206,4750.564,6503.296,30,AB1,10,15,f,44,,0,0,1,0,0,1,Simple,,
447,19,6,2001,Glandry,4750.565,6503.206,4750.564,6503.296,30,AB1,10,16,,,,0,0,1,0,0,1,Simple,,
448,19,6,2001,Glandry,4750.565,6503.206,4750.564,6503.296,30,AB1,10,17,m,59,,0,0,1,0,0,1,Simple,,
449,19,6,2001,Glandry,4750.565,6503.206,4750.564,6503.296,30,AB1,10,18,,,,0,0,1,0,0,1,Simple,,
450,19,6,2001,Glandry,4750.565,6503.206,4750.564,6503.296,30,AB1,10,19,,,,0,0,1,0,0,1,Simple,,
452,20,6,2001,Mcomeau,4750.26,6505.269,4750.255,6505.366,30,AB1,11,1,,,,0,0,0,0,1,1,Simple,,
453,20,6,2001,Mcomeau,4750.26,6505.269,4750.255,6505.366,30,AB1,11,2,,,,0,0,0,0,1,1,Simple,,
454,20,6,2001,Mcomeau,4750.26,6505.269,4750.255,6505.366,30,AB1,11,3,m,57,,0,0,0,0,1,1,Simple,,
455,20,6,2001,Mcomeau,4750.26,6505.269,4750.255,6505.366,30,AB1,11,4,f,73,,0,0,0,0,1,1,Simple,,
456,20,6,2001,Mcomeau,4750.26,6505.269,4750.255,6505.366,30,AB1,11,5,,,,0,0,0,0,1,1,Simple,,
457,20,6,2001,Mcomeau,4750.26,6505.269,4750.255,6505.366,30,AB1,11,6,,,,0,0,1,0,1,1,Simple,,
458,20,6,2001,Mcomeau,4750.26,6505.269,4750.255,6505.366,30,AB1,11,7,f,62,,0,0,1,0,0,1,Simple,,
460,20,6,2001,Mcomeau,4750.26,6505.269,4750.255,6505.366,30,AB1,11,9,i,,small,0,0,1,0,0,1,Simple,,
461,20,6,2001,Mcomeau,4750.26,6505.269,4750.255,6505.366,30,AB1,11,10,f,34,,0,0,1,0,0,1,Simple,,
462,20,6,2001,Mcomeau,4750.26,6505.269,4750.255,6505.366,30,AB1,11,11,,,,0,0,1,0,0,1,Simple,,
463,20,6,2001,Mcomeau,4750.26,6505.269,4750.255,6505.366,30,AB1,11,12,f,62,,0,0,1,0,0,1,Simple,,
464,20,6,2001,Mcomeau,4750.26,6505.269,4750.255,6505.366,30,AB1,11,12,m,57,,0,0,1,0,0,1,Simple,,
465,20,6,2001,Mcomeau,4750.26,6505.269,4750.255,6505.366,30,AB1,11,13,i,31,±30,0,0,1,0,0,1,Simple,,
468,20,6,2001,Mcomeau,4750.26,6505.269,4750.255,6505.366,30,AB1,11,16,,,,0,0,1,0,0,1,Simple,,
469,20,6,2001,Mcomeau,4750.26,6505.269,4750.255,6505.366,30,AB1,11,17,,,,0,0,0,0,1,1,Simple,,
470,20,6,2001,Mcomeau,4750.26,6505.269,4750.255,6505.366,30,AB1,11,18,i,74,canner,0,0,0,0,1,1,Simple,,
471,20,6,2001,Mcomeau,4750.26,6505.269,4750.255,6505.366,30,AB1,11,19,,,,0,0,1,0,0,1,Simple,,
472,20,6,2001,Mcomeau,4750.26,6505.269,4750.255,6505.366,30,AB1,11,20,f,52,,0,0,1,0,0,1,Simple,,
473,20,6,2001,Glandry,4750.26,6505.269,4750.255,6505.366,30,AB1,11,1,,,,0,0,1,0,0,1,Simple,,
474,20,6,2001,Glandry,4750.26,6505.269,4750.255,6505.366,30,AB1,11,2,,,,0,0,1,0,0,1,Simple,,
475,20,6,2001,Glandry,4750.26,6505.269,4750.255,6505.366,30,AB1,11,3,,,,0,0,1,0,0,1,Simple,,
476,20,6,2001,Glandry,4750.26,6505.269,4750.255,6505.366,30,AB1,11,4,,,,0,0,1,0,0,1,Simple,,
477,20,6,2001,Glandry,4750.26,6505.269,4750.255,6505.366,30,AB1,11,5,,,,0,0,1,0,0,1,Simple,,
478,20,6,2001,Glandry,4750.26,6505.269,4750.255,6505.366,30,AB1,11,6,,,,0,0,1,0,0,1,Simple,,
479,20,6,2001,Glandry,4750.26,6505.269,4750.255,6505.366,30,AB1,11,7,m,26,,0,0,1,0,0,1,Simple,,
480,20,6,2001,Glandry,4750.26,6505.269,4750.255,6505.366,30,AB1,11,7,f,44,,0,0,1,0,0,1,Simple,,
481,20,6,2001,Glandry,4750.26,6505.269,4750.255,6505.366,30,AB1,11,8,,,,0,0,1,0,0,1,Simple,,
483,20,6,2001,Glandry,4750.26,6505.269,4750.255,6505.366,30,AB1,11,10,i,38,±35,0,0,1,0,0,1,Simple,,
484,20,6,2001,Glandry,4750.26,6505.269,4750.255,6505.366,30,AB1,11,10,m,59,,0,0,1,0,0,1,Simple,,
485,20,6,2001,Glandry,4750.26,6505.269,4750.255,6505.366,30,AB1,11,11,,,,0,0,1,0,0,1,Simple,,
489,20,6,2001,Glandry,4750.26,6505.269,4750.255,6505.366,30,AB1,11,15,f,48,,0,0,1,0,0,1,Simple,,
490,20,6,2001,Glandry,4750.26,6505.269,4750.255,6505.366,30,AB1,11,16,,,,0,0,1,0,0,1,Simple,,
491,20,6,2001,Glandry,4750.26,6505.269,4750.255,6505.366,30,AB1,11,17,m,22,,0,0,1,0,0,1,Simple,,
492,20,6,2001,Glandry,4750.26,6505.269,4750.255,6505.366,30,AB1,11,18,,,,0,0,1,0,0,1,Simple,,
493,20,6,2001,Glandry,4750.26,6505.269,4750.255,6505.366,30,AB1,11,19,,,,0,0,1,0,0,1,Simple,,
494,20,6,2001,Glandry,4750.26,6505.269,4750.255,6505.366,30,AB1,11,20,,,,0,0,1,0,0,1,Simple,,
495,20,6,2001,Bcomeau,4750.257,6505.401,4750.253,6505.494,32,AB1,12,1,f,45,,0,0,0,0,1,1,Simple,,
496,20,6,2001,Bcomeau,4750.257,6505.401,4750.253,6505.494,32,AB1,12,2,f,40,,0,0,0,0,1,1,Simple,,
497,20,6,2001,Bcomeau,4750.257,6505.401,4750.253,6505.494,32,AB1,12,3,,,,0,0,0,0,1,1,Simple,,
498,20,6,2001,Bcomeau,4750.257,6505.401,4750.253,6505.494,32,AB1,12,4,m,45,,0,0,0,0,1,1,Simple,,
500,20,6,2001,Bcomeau,4750.257,6505.401,4750.253,6505.494,32,AB1,12,6,m,55,,0,0,0,0,1,1,Simple,,
501,20,6,2001,Bcomeau,4750.257,6505.401,4750.253,6505.494,32,AB1,12,6,m,24,,0,0,0,0,1,1,Simple,,
502,20,6,2001,Bcomeau,4750.257,6505.401,4750.253,6505.494,32,AB1,12,7,,,,0,0,0,0,1,1,Simple,,
503,20,6,2001,Bcomeau,4750.257,6505.401,4750.253,6505.494,32,AB1,12,8,,,,0,0,0,1,1,1,Simple,,
504,20,6,2001,Bcomeau,4750.257,6505.401,4750.253,6505.494,32,AB1,12,9,i,23,±20,1,0,0,0,1,0,Simple,,
505,20,6,2001,Bcomeau,4750.257,6505.401,4750.253,6505.494,32,AB1,12,10,m,20,,0,0,0,0,1,0,Simple,,
506,20,6,2001,Bcomeau,4750.257,6505.401,4750.253,6505.494,32,AB1,12,11,i,72,canner,0,0,0,0,1,1,Simple,,
507,20,6,2001,Bcomeau,4750.257,6505.401,4750.253,6505.494,32,AB1,12,11,i,,small,0,0,0,0,1,1,Simple,,
508,20,6,2001,Bcomeau,4750.257,6505.401,4750.253,6505.494,32,AB1,12,12,m,52,,0,0,1,1,0,0,Simple,,
509,20,6,2001,Bcomeau,4750.257,6505.401,4750.253,6505.494,32,AB1,12,13,,,,0,0,1,0,0,0,Simple,,
510,20,6,2001,Bcomeau,4750.257,6505.401,4750.253,6505.494,32,AB1,12,14,i,86,market,0,0,1,1,0,1,Simple,,
513,20,6,2001,Bcomeau,4750.257,6505.401,4750.253,6505.494,32,AB1,12,17,f,36,,1,0,1,1,1,0,Simple,,
514,20,6,2001,Bcomeau,4750.257,6505.401,4750.253,6505.494,32,AB1,12,18,i,22,±20,0,0,0,1,1,1,Simple,,
515,20,6,2001,Bcomeau,4750.257,6505.401,4750.253,6505.494,32,AB1,12,19,,,,0,0,0,0,1,1,Simple,,
516,20,6,2001,Bcomeau,4750.257,6505.401,4750.253,6505.494,32,AB1,12,20,,,,0,1,1,0,1,0,Simple,,
517,20,6,2001,Rvienneau,4750.257,6505.401,4750.253,6505.494,32,AB1,12,1,,,,0,0,1,0,0,1,Simple,,
518,20,6,2001,Rvienneau,4750.257,6505.401,4750.253,6505.494,32,AB1,12,2,,,,0,0,1,0,0,1,Simple,,
519,20,6,2001,Rvienneau,4750.257,6505.401,4750.253,6505.494,32,AB1,12,3,,,,0,0,1,0,0,1,Simple,,
520,20,6,2001,Rvienneau,4750.257,6505.401,4750.253,6505.494,32,AB1,12,4,,,,0,1,1,0,0,1,Simple,,
521,20,6,2001,Rvienneau,4750.257,6505.401,4750.253,6505.494,32,AB1,12,5,,,,0,1,1,0,0,1,Simple,,
522,20,6,2001,Rvienneau,4750.257,6505.401,4750.253,6505.494,32,AB1,12,6,,,,0,1,1,0,0,1,Simple,,
523,20,6,2001,Rvienneau,4750.257,6505.401,4750.253,6505.494,32,AB1,12,7,,,,0,1,1,1,0,1,Simple,,
524,20,6,2001,Rvienneau,4750.257,6505.401,4750.253,6505.494,32,AB1,12,8,m,53,,0,1,1,0,0,1,Simple,,
525,20,6,2001,Rvienneau,4750.257,6505.401,4750.253,6505.494,32,AB1,12,8,f,26,,0,1,1,0,0,1,Simple,,
526,20,6,2001,Rvienneau,4750.257,6505.401,4750.253,6505.494,32,AB1,12,9,f,57,,1,1,0,0,0,1,Simple,,
530,20,6,2001,Rvienneau,4750.257,6505.401,4750.253,6505.494,32,AB1,12,13,i,,small,0,0,1,0,1,0,Simple,,
535,20,6,2001,Rvienneau,4750.257,6505.401,4750.253,6505.494,32,AB1,12,18,,,,0,0,1,1,0,1,Simple,,
536,20,6,2001,Rvienneau,4750.257,6505.401,4750.253,6505.494,32,AB1,12,19,,,,0,0,0,0,0,1,Simple,,
537,20,6,2001,Rvienneau,4750.257,6505.401,4750.253,6505.494,32,AB1,12,20,f,49,,0,1,1,0,0,1,Simple,,
538,20,6,2001,Glandry,4750.231,6505.466,4750.225,6505.558,32,AB1,13,1,,,,0,0,1,0,0,1,Simple,,
539,20,6,2001,Glandry,4750.231,6505.466,4750.225,6505.558,32,AB1,13,2,,,,0,0,1,0,0,1,Simple,,
540,20,6,2001,Glandry,4750.231,6505.466,4750.225,6505.558,32,AB1,13,3,,,,0,0,1,0,0,1,Simple,,
541,20,6,2001,Glandry,4750.231,6505.466,4750.225,6505.558,32,AB1,13,4,m,56,,0,0,1,0,0,1,Simple,,
542,20,6,2001,Glandry,4750.231,6505.466,4750.225,6505.558,32,AB1,13,5,,,,0,0,1,0,1,1,Simple,,
543,20,6,2001,Glandry,4750.231,6505.466,4750.225,6505.558,32,AB1,13,6,,,,0,0,1,0,0,1,Simple,,
544,20,6,2001,Glandry,4750.231,6505.466,4750.225,6505.558,32,AB1,13,7,,,,0,0,1,0,0,1,Simple,,
545,20,6,2001,Glandry,4750.231,6505.466,4750.225,6505.558,32,AB1,13,8,,,,0,0,1,0,0,1,Simple,,
546,20,6,2001,Glandry,4750.231,6505.466,4750.225,6505.558,32,AB1,13,9,,,,0,0,1,0,0,1,Simple,,
547,20,6,2001,Glandry,4750.231,6505.466,4750.225,6505.558,32,AB1,13,10,,,,0,0,1,0,1,1,Simple,,
548,20,6,2001,Glandry,4750.231,6505.466,4750.225,6505.558,32,AB1,13,11,m,58,,0,0,1,0,1,1,Simple,,
549,20,6,2001,Glandry,4750.231,6505.466,4750.225,6505.558,32,AB1,13,11,f,41,,0,0,1,0,1,1,Simple,,
550,20,6,2001,Glandry,4750.231,6505.466,4750.225,6505.558,32,AB1,13,12,,,,0,0,1,1,1,1,Simple,,
551,20,6,2001,Glandry,4750.231,6505.466,4750.225,6505.558,32,AB1,13,13,,,,0,0,1,1,1,1,Simple,,
552,20,6,2001,Glandry,4750.231,6505.466,4750.225,6505.558,32,AB1,13,14,,,,0,0,1,1,1,1,Simple,,
553,20,6,2001,Glandry,4750.231,6505.466,4750.225,6505.558,32,AB1,13,15,,,,0,0,1,1,1,1,Simple,,
558,20,6,2001,Glandry,4750.231,6505.466,4750.225,6505.558,32,AB1,13,20,f,48,,0,0,1,1,1,1,Simple,,
564,20,6,2001,Mcomeau,4750.231,6505.466,4750.225,6505.558,32,AB1,13,6,,,,0,0,0,0,1,1,Simple,,
565,20,6,2001,Mcomeau,4750.231,6505.466,4750.225,6505.558,32,AB1,13,7,,,,0,0,1,0,1,1,Simple,,
566,20,6,2001,Mcomeau,4750.231,6505.466,4750.225,6505.558,32,AB1,13,8,b3,74,,0,0,1,1,0,1,Simple,,
567,20,6,2001,Mcomeau,4750.231,6505.466,4750.225,6505.558,32,AB1,13,9,f,48,,0,0,1,1,1,1,Simple,,
568,20,6,2001,Mcomeau,4750.231,6505.466,4750.225,6505.558,32,AB1,13,10,,,,0,0,1,1,0,1,Simple,,
570,20,6,2001,Mcomeau,4750.231,6505.466,4750.225,6505.558,32,AB1,13,12,,,,0,0,1,1,0,0,Simple,,
571,20,6,2001,Mcomeau,4750.231,6505.466,4750.225,6505.558,32,AB1,13,13,i,52,±50,0,0,0,1,0,1,Simple,,
572,20,6,2001,Mcomeau,4750.231,6505.466,4750.225,6505.558,32,AB1,13,13,i,53,±50,0,0,0,1,0,1,Simple,,
573,20,6,2001,Mcomeau,4750.231,6505.466,4750.225,6505.558,32,AB1,13,14,,,,0,0,0,1,0,1,Simple,,
574,20,6,2001,Mcomeau,4750.231,6505.466,4750.225,6505.558,32,AB1,13,15,i,43,±40,0,0,1,1,1,1,Simple,,
575,20,6,2001,Mcomeau,4750.231,6505.466,4750.225,6505.558,32,AB1,13,15,f,65,,0,0,1,1,1,1,Simple,,
579,20,6,2001,Mcomeau,4750.231,6505.466,4750.225,6505.558,32,AB1,13,19,,,,0,0,0,0,1,1,Simple,,
580,20,6,2001,Mcomeau,4750.231,6505.466,4750.225,6505.558,32,AB1,13,20,b3,72,,0,0,0,0,1,1,Simple,,
581,20,6,2001,Mcomeau,4750.231,6505.466,4750.225,6505.558,32,AB1,13,20,f,32,,0,0,0,0,1,1,Simple,,
582,20,6,2001,Rvienneau,4750.227,6505.588,4750.225,6505.677,36,AB1,14,1,,,,0,1,0,0,0,1,Simple,,
585,20,6,2001,Rvienneau,4750.227,6505.588,4750.225,6505.677,36,AB1,14,4,f,62,,0,0,0,0,1,0,Simple,,
586,20,6,2001,Rvienneau,4750.227,6505.588,4750.225,6505.677,36,AB1,14,5,f,40,,0,0,0,0,1,0,Simple,,
589,20,6,2001,Rvienneau,4750.227,6505.588,4750.225,6505.677,36,AB1,14,8,f,67,,0,0,1,0,0,1,Simple,,
590,20,6,2001,Rvienneau,4750.227,6505.588,4750.225,6505.677,36,AB1,14,9,,,,0,0,0,0,0,1,Simple,,
591,20,6,2001,Rvienneau,4750.227,6505.588,4750.225,6505.677,36,AB1,14,10,,,,0,1,1,0,0,1,Simple,,
592,20,6,2001,Rvienneau,4750.227,6505.588,4750.225,6505.677,36,AB1,14,11,,,,0,1,1,0,0,1,Simple,,
593,20,6,2001,Rvienneau,4750.227,6505.588,4750.225,6505.677,36,AB1,14,12,f,40,,0,1,1,0,0,1,Simple,,
594,20,6,2001,Rvienneau,4750.227,6505.588,4750.225,6505.677,36,AB1,14,12,f,60,,0,1,1,0,0,1,Simple,,
598,20,6,2001,Rvienneau,4750.227,6505.588,4750.225,6505.677,36,AB1,14,16,i,,small,0,1,1,0,0,0,Simple,,
599,20,6,2001,Rvienneau,4750.227,6505.588,4750.225,6505.677,36,AB1,14,17,f,39,,0,1,1,0,0,0,Simple,,
600,20,6,2001,Rvienneau,4750.227,6505.588,4750.225,6505.677,36,AB1,14,18,m,51,,0,1,1,0,0,1,Simple,,
601,20,6,2001,Rvienneau,4750.227,6505.588,4750.225,6505.677,36,AB1,14,19,,,,0,0,1,0,0,1,Simple,,
602,20,6,2001,Rvienneau,4750.227,6505.588,4750.225,6505.677,36,AB1,14,20,,,,0,0,0,0,1,1,Simple,,
603,20,6,2001,Bcomeau,4750.227,6505.588,4750.225,6505.677,36,AB1,14,1,,,,0,0,0,0,1,1,Simple,,
604,20,6,2001,Bcomeau,4750.227,6505.588,4750.225,6505.677,36,AB1,14,2,f,81,,0,0,1,0,1,0,Simple,,
605,20,6,2001,Bcomeau,4750.227,6505.588,4750.225,6505.677,36,AB1,14,3,,,,0,1,1,0,1,0,Simple,,
609,20,6,2001,Bcomeau,4750.227,6505.588,4750.225,6505.677,36,AB1,14,7,i,73,canner,0,0,0,0,1,1,Simple,,
610,20,6,2001,Bcomeau,4750.227,6505.588,4750.225,6505.677,36,AB1,14,8,f,46,,0,1,0,0,0,1,Simple,,
611,20,6,2001,Bcomeau,4750.227,6505.588,4750.225,6505.677,36,AB1,14,9,i,72,canner,0,1,0,0,0,1,Simple,,
612,20,6,2001,Bcomeau,4750.227,6505.588,4750.225,6505.677,36,AB1,14,10,m,66,,0,0,1,0,1,0,Simple,,
613,20,6,2001,Bcomeau,4750.227,6505.588,4750.225,6505.677,36,AB1,14,11,,,,0,0,1,0,1,0,Simple,,
615,20,6,2001,Bcomeau,4750.227,6505.588,4750.225,6505.677,36,AB1,14,13,,,,0,0,0,0,1,0,Simple,,
617,20,6,2001,Bcomeau,4750.227,6505.588,4750.225,6505.677,36,AB1,14,15,,,,0,0,0,0,1,1,Simple,,
619,20,6,2001,Bcomeau,4750.227,6505.588,4750.225,6505.677,36,AB1,14,17,,,,0,0,1,0,1,1,Simple,,
620,20,6,2001,Bcomeau,4750.227,6505.588,4750.225,6505.677,36,AB1,14,18,,,,0,0,0,0,1,1,Simple,,
621,20,6,2001,Bcomeau,4750.227,6505.588,4750.225,6505.677,36,AB1,14,19,,,,0,0,0,0,1,1,Simple,,
622,20,6,2001,Bcomeau,4750.227,6505.588,4750.225,6505.677,36,AB1,14,20,,,,0,0,0,0,1,1,Simple,,
623,20,6,2001,Mcomeau,4750.215,6505.793,4750.214,6505.681,39,AB1,15,1,,,,0,0,0,0,1,1,Simple,,
624,20,6,2001,Mcomeau,4750.215,6505.793,4750.214,6505.681,39,AB1,15,2,m,46,,0,0,0,0,1,1,Simple,,
625,20,6,2001,Mcomeau,4750.215,6505.793,4750.214,6505.681,39,AB1,15,3,f,48,,0,0,0,0,1,1,Simple,,
626,20,6,2001,Mcomeau,4750.215,6505.793,4750.214,6505.681,39,AB1,15,4,,,,0,0,0,0,1,1,Simple,,
627,20,6,2001,Mcomeau,4750.215,6505.793,4750.214,6505.681,39,AB1,15,5,i,53,±50,0,0,0,0,1,1,Simple,,
628,20,6,2001,Mcomeau,4750.215,6505.793,4750.214,6505.681,39,AB1,15,5,m,52,,0,0,0,0,1,1,Simple,,
630,20,6,2001,Mcomeau,4750.215,6505.793,4750.214,6505.681,39,AB1,15,7,f,32,,0,0,0,0,1,1,Simple,,
631,20,6,2001,Mcomeau,4750.215,6505.793,4750.214,6505.681,39,AB1,15,8,,,,0,0,0,0,1,1,Simple,,
634,20,6,2001,Mcomeau,4750.215,6505.793,4750.214,6505.681,39,AB1,15,11,,,,0,0,0,0,1,1,Simple,,
636,20,6,2001,Mcomeau,4750.215,6505.793,4750.214,6505.681,39,AB1,15,13,m,46,,0,0,1,0,0,1,Simple,,
640,20,6,2001,Mcomeau,4750.215,6505.793,4750.214,6505.681,39,AB1,15,17,,,,0,0,1,0,0,0,Simple,,
641,20,6,2001,Mcomeau,4750.215,6505.793,4750.214,6505.681,39,AB1,15,18,i,39,±30,0,0,1,0,0,1,Simple,,
642,20,6,2001,Mcomeau,4750.215,6505.793,4750.214,6505.681,39,AB1,15,19,m,41,,0,0,1,0,0,1,Simple,,
643,20,6,2001,Mcomeau,4750.215,6505.793,4750.214,6505.681,39,AB1,15,20,,,,0,0,0,0,0,1,Simple,,
644,20,6,2001,Glandry,4750.215,6505.793,4750.214,6505.681,39,AB1,15,1,m,49,,0,0,1,0,1,1,Simple,,
645,20,6,2001,Glandry,4750.215,6505.793,4750.214,6505.681,39,AB1,15,1,m,56,,0,0,1,0,1,1,Simple,,
646,20,6,2001,Glandry,4750.215,6505.793,4750.214,6505.681,39,AB1,15,2,,,,0,0,1,0,1,1,Simple,,
647,20,6,2001,Glandry,4750.215,6505.793,4750.214,6505.681,39,AB1,15,3,f,18,,0,0,1,0,1,1,Simple,,
648,20,6,2001,Glandry,4750.215,6505.793,4750.214,6505.681,39,AB1,15,3,f,39,,0,0,1,0,1,1,Simple,,
649,20,6,2001,Glandry,4750.215,6505.793,4750.214,6505.681,39,AB1,15,4,i,70,canner,0,0,1,0,1,1,Simple,,
650,20,6,2001,Glandry,4750.215,6505.793,4750.214,6505.681,39,AB1,15,5,i,45,±45,0,0,1,0,1,1,Simple,,
651,20,6,2001,Glandry,4750.215,6505.793,4750.214,6505.681,39,AB1,15,6,b3,74,,0,0,1,0,1,1,Simple,,
652,20,6,2001,Glandry,4750.215,6505.793,4750.214,6505.681,39,AB1,15,7,m,52,,0,0,1,0,1,1,Simple,,
653,20,6,2001,Glandry,4750.215,6505.793,4750.214,6505.681,39,AB1,15,8,,,,0,0,1,0,1,1,Simple,,
654,20,6,2001,Glandry,4750.215,6505.793,4750.214,6505.681,39,AB1,15,9,,,,0,1,0,0,1,1,Simple,,
655,20,6,2001,Glandry,4750.215,6505.793,4750.214,6505.681,39,AB1,15,10,,,,0,1,0,0,1,1,Simple,,
656,20,6,2001,Glandry,4750.215,6505.793,4750.214,6505.681,39,AB1,15,11,,,,0,1,0,0,1,1,Simple,,
658,20,6,2001,Glandry,4750.215,6505.793,4750.214,6505.681,39,AB1,15,13,f,45,,0,0,1,1,0,1,Simple,,
659,20,6,2001,Glandry,4750.215,6505.793,4750.214,6505.681,39,AB1,15,13,f,53,,0,0,1,1,0,1,Simple,,
660,20,6,2001,Glandry,4750.215,6505.793,4750.214,6505.681,39,AB1,15,14,,,,0,0,1,1,0,1,Simple,,
663,20,6,2001,Glandry,4750.215,6505.793,4750.214,6505.681,39,AB1,15,17,,,,0,0,1,1,0,1,Simple,,
664,20,6,2001,Glandry,4750.215,6505.793,4750.214,6505.681,39,AB1,15,18,f,79,,0,0,1,1,0,1,Simple,,
665,20,6,2001,Glandry,4750.215,6505.793,4750.214,6505.681,39,AB1,15,19,f,85,,0,0,1,1,0,1,Simple,,
666,20,6,2001,Glandry,4750.215,6505.793,4750.214,6505.681,39,AB1,15,20,m,45,,0,0,1,0,0,1,Simple,,
667,20,6,2001,Glandry,4750.215,6505.793,4750.214,6505.681,39,AB1,15,20,m,30,,0,0,1,0,0,1,Simple,,
668,20,6,2001,Glandry,4750.215,6505.793,4750.214,6505.681,39,AB1,15,20,m,53,,0,0,1,0,0,1,Simple,,
669,20,6,2001,Glandry,4750.215,6505.793,4750.214,6505.681,39,AB1,15,20,f,43,,0,0,1,0,0,1,Simple,,
670,22,6,2001,Bcomeau,4749.972,6506.824,4749.971,6506.913,32,GA1,16,1,m,23,,0,0,0,0,1,1,Simple,,
671,22,6,2001,Bcomeau,4749.972,6506.824,4749.971,6506.913,32,GA1,16,2,m,69,,0,0,0,0,1,1,Simple,,
672,22,6,2001,Bcomeau,4749.972,6506.824,4749.971,6506.913,32,GA1,16,3,f,57,,0,0,0,0,1,1,Simple,,
673,22,6,2001,Bcomeau,4749.972,6506.824,4749.971,6506.913,32,GA1,16,4,f,55,,0,0,0,0,1,1,Simple,,
675,22,6,2001,Bcomeau,4749.972,6506.824,4749.971,6506.913,32,GA1,16,6,,,,0,0,0,0,1,1,Simple,,
676,22,6,2001,Bcomeau,4749.972,6506.824,4749.971,6506.913,32,GA1,16,7,m,25,,0,0,0,0,1,1,Simple,,
677,22,6,2001,Bcomeau,4749.972,6506.824,4749.971,6506.913,32,GA1,16,8,,,,0,0,0,0,1,1,Simple,,
678,22,6,2001,Bcomeau,4749.972,6506.824,4749.971,6506.913,32,GA1,16,9,f,43,,0,0,0,0,1,1,Simple,,
679,22,6,2001,Bcomeau,4749.972,6506.824,4749.971,6506.913,32,GA1,16,10,m,57,,0,0,1,0,1,1,Simple,,
680,22,6,2001,Bcomeau,4749.972,6506.824,4749.971,6506.913,32,GA1,16,11,m,90,,0,0,0,0,1,1,Simple,,
681,22,6,2001,Bcomeau,4749.972,6506.824,4749.971,6506.913,32,GA1,16,12,b3,74,,0,0,0,0,1,0,Simple,,
682,22,6,2001,Bcomeau,4749.972,6506.824,4749.971,6506.913,32,GA1,16,13,,,,0,0,0,0,1,0,Simple,,
683,22,6,2001,Bcomeau,4749.972,6506.824,4749.971,6506.913,32,GA1,16,14,,,,0,0,0,0,1,1,Simple,,
685,22,6,2001,Bcomeau,4749.972,6506.824,4749.971,6506.913,32,GA1,16,16,f,25,,0,0,0,0,1,1,Simple,,
686,22,6,2001,Bcomeau,4749.972,6506.824,4749.971,6506.913,32,GA1,16,16,f,43,,0,0,0,0,1,1,Simple,,
688,22,6,2001,Bcomeau,4749.972,6506.824,4749.971,6506.913,32,GA1,16,18,,,,0,0,1,0,1,1,Simple,,
690,22,6,2001,Bcomeau,4749.972,6506.824,4749.971,6506.913,32,GA1,16,20,,,,0,0,0,0,1,0,Simple,,
691,22,6,2001,Mcomeau,4749.972,6506.824,4749.971,6506.913,32,GA1,16,1,f,48,,0,0,0,0,1,1,Simple,,
692,22,6,2001,Mcomeau,4749.972,6506.824,4749.971,6506.913,32,GA1,16,2,m,46,,0,0,0,0,1,1,Simple,,
693,22,6,2001,Mcomeau,4749.972,6506.824,4749.971,6506.913,32,GA1,16,3,,,,0,0,0,0,1,1,Simple,,
694,22,6,2001,Mcomeau,4749.972,6506.824,4749.971,6506.913,32,GA1,16,4,f,58,,0,0,0,0,1,1,Simple,,
695,22,6,2001,Mcomeau,4749.972,6506.824,4749.971,6506.913,32,GA1,16,5,m,27,,0,0,0,0,1,1,Simple,,
696,22,6,2001,Mcomeau,4749.972,6506.824,4749.971,6506.913,32,GA1,16,6,f,24,,0,0,0,0,1,1,Simple,,
697,22,6,2001,Mcomeau,4749.972,6506.824,4749.971,6506.913,32,GA1,16,7,f,44,,0,0,0,0,1,1,Simple,,
698,22,6,2001,Mcomeau,4749.972,6506.824,4749.971,6506.913,32,GA1,16,8,m,21,,0,0,0,0,1,1,Simple,,
699,22,6,2001,Mcomeau,4749.972,6506.824,4749.971,6506.913,32,GA1,16,8,f,66,,0,0,0,0,1,1,Simple,,
700,22,6,2001,Mcomeau,4749.972,6506.824,4749.971,6506.913,32,GA1,16,9,,,,0,0,0,0,1,1,Simple,,
701,22,6,2001,Mcomeau,4749.972,6506.824,4749.971,6506.913,32,GA1,16,10,,,,0,0,0,0,1,1,Simple,,
702,22,6,2001,Mcomeau,4749.972,6506.824,4749.971,6506.913,32,GA1,16,11,i,56,±50,0,0,0,0,1,1,Simple,,
703,22,6,2001,Mcomeau,4749.972,6506.824,4749.971,6506.913,32,GA1,16,11,f,45,,0,0,0,0,1,1,Simple,,
704,22,6,2001,Mcomeau,4749.972,6506.824,4749.971,6506.913,32,GA1,16,11,f,59,,0,0,0,0,1,1,Simple,,
705,22,6,2001,Mcomeau,4749.972,6506.824,4749.971,6506.913,32,GA1,16,12,,,,0,0,0,0,1,1,Simple,,
707,22,6,2001,Mcomeau,4749.972,6506.824,4749.971,6506.913,32,GA1,16,14,f,45,,0,0,1,0,1,1,Simple,,
708,22,6,2001,Mcomeau,4749.972,6506.824,4749.971,6506.913,32,GA1,16,15,m,49,,0,0,0,0,1,1,Simple,,
709,22,6,2001,Mcomeau,4749.972,6506.824,4749.971,6506.913,32,GA1,16,16,f,63,,0,0,0,0,1,1,Simple,,
710,22,6,2001,Mcomeau,4749.972,6506.824,4749.971,6506.913,32,GA1,16,17,m,53,,0,0,0,0,1,1,Simple,,
711,22,6,2001,Mcomeau,4749.972,6506.824,4749.971,6506.913,32,GA1,16,18,,,,0,0,1,0,1,1,Simple,,
712,22,6,2001,Mcomeau,4749.972,6506.824,4749.971,6506.913,32,GA1,16,19,,,,0,0,1,0,1,1,Simple,,
713,22,6,2001,Mcomeau,4749.972,6506.824,4749.971,6506.913,32,GA1,16,20,f,22,,0,0,1,0,0,1,Simple,,
714,22,6,2001,Glandry,4749.959,6506.833,4749.959,6506.922,32,GA1,17,1,f,60,,0,0,1,0,0,1,Simple,,
715,22,6,2001,Glandry,4749.959,6506.833,4749.959,6506.922,32,GA1,17,2,,,,0,0,1,0,0,1,Simple,,
716,22,6,2001,Glandry,4749.959,6506.833,4749.959,6506.922,32,GA1,17,3,,,,0,0,1,0,0,1,Simple,,
717,22,6,2001,Glandry,4749.959,6506.833,4749.959,6506.922,32,GA1,17,4,f,60,,0,0,1,0,0,1,Simple,,
718,22,6,2001,Glandry,4749.959,6506.833,4749.959,6506.922,32,GA1,17,4,i,35,±35,0,0,1,0,0,1,Simple,,
719,22,6,2001,Glandry,4749.959,6506.833,4749.959,6506.922,32,GA1,17,5,,,,0,0,1,0,0,1,Simple,,
720,22,6,2001,Glandry,4749.959,6506.833,4749.959,6506.922,32,GA1,17,6,f,47,,0,0,1,0,0,1,Simple,,
721,22,6,2001,Glandry,4749.959,6506.833,4749.959,6506.922,32,GA1,17,7,,,,0,0,1,0,0,1,Simple,,
722,22,6,2001,Glandry,4749.959,6506.833,4749.959,6506.922,32,GA1,17,8,f,37,,0,0,1,0,0,1,Simple,,
723,22,6,2001,Glandry,4749.959,6506.833,4749.959,6506.922,32,GA1,17,8,f,38,,0,0,1,0,0,1,Simple,,
724,22,6,2001,Glandry,4749.959,6506.833,4749.959,6506.922,32,GA1,17,9,,,,0,0,1,0,0,1,Simple,,
725,22,6,2001,Glandry,4749.959,6506.833,4749.959,6506.922,32,GA1,17,10,,,,0,0,1,0,0,1,Simple,,
726,22,6,2001,Glandry,4749.959,6506.833,4749.959,6506.922,32,GA1,17,11,,,,0,0,1,0,0,1,Simple,,
727,22,6,2001,Glandry,4749.959,6506.833,4749.959,6506.922,32,GA1,17,12,,,,0,1,1,0,1,1,Simple,,
728,22,6,2001,Glandry,4749.959,6506.833,4749.959,6506.922,32,GA1,17,13,,,,0,0,1,0,0,1,Simple,,
729,22,6,2001,Glandry,4749.959,6506.833,4749.959,6506.922,32,GA1,17,14,,,,0,0,1,0,0,1,Simple,,
730,22,6,2001,Glandry,4749.959,6506.833,4749.959,6506.922,32,GA1,17,15,,,,0,0,1,0,0,1,Simple,,
731,22,6,2001,Glandry,4749.959,6506.833,4749.959,6506.922,32,GA1,17,16,,,,0,0,1,0,0,1,Simple,,
732,22,6,2001,Glandry,4749.959,6506.833,4749.959,6506.922,32,GA1,17,17,,,,0,0,1,0,0,1,Simple,,
733,22,6,2001,Glandry,4749.959,6506.833,4749.959,6506.922,32,GA1,17,18,,,,0,0,1,0,0,1,Simple,,
735,22,6,2001,Glandry,4749.959,6506.833,4749.959,6506.922,32,GA1,17,20,,,,0,0,1,0,0,1,Simple,,
736,22,6,2001,Mcomeau,4749.959,6506.833,4749.959,6506.922,32,GA1,17,1,,,,0,0,0,0,1,1,Simple,,
737,22,6,2001,Mcomeau,4749.959,6506.833,4749.959,6506.922,32,GA1,17,2,,,,0,0,0,0,1,1,Simple,,
738,22,6,2001,Mcomeau,4749.959,6506.833,4749.959,6506.922,32,GA1,17,3,m,46,,0,0,0,0,1,1,Simple,,
739,22,6,2001,Mcomeau,4749.959,6506.833,4749.959,6506.922,32,GA1,17,3,m,42,,0,0,0,0,1,1,Simple,,
740,22,6,2001,Mcomeau,4749.959,6506.833,4749.959,6506.922,32,GA1,17,4,,,,0,0,0,0,1,1,Simple,,
741,22,6,2001,Mcomeau,4749.959,6506.833,4749.959,6506.922,32,GA1,17,5,,,,0,0,0,0,1,1,Simple,,
742,22,6,2001,Mcomeau,4749.959,6506.833,4749.959,6506.922,32,GA1,17,6,,,,0,0,0,0,1,1,Simple,,
743,22,6,2001,Mcomeau,4749.959,6506.833,4749.959,6506.922,32,GA1,17,7,f,63,,0,0,0,0,1,1,Simple,,
744,22,6,2001,Mcomeau,4749.959,6506.833,4749.959,6506.922,32,GA1,17,8,m,52,,0,0,0,0,1,1,Simple,,
745,22,6,2001,Mcomeau,4749.959,6506.833,4749.959,6506.922,32,GA1,17,9,,,,0,0,0,0,1,1,Simple,,
746,22,6,2001,Mcomeau,4749.959,6506.833,4749.959,6506.922,32,GA1,17,10,,,,0,0,0,0,1,1,Simple,,
747,22,6,2001,Mcomeau,4749.959,6506.833,4749.959,6506.922,32,GA1,17,11,,,,0,0,0,0,1,1,Simple,,
748,22,6,2001,Mcomeau,4749.959,6506.833,4749.959,6506.922,32,GA1,17,12,m,46,,0,0,0,0,1,1,Simple,,
749,22,6,2001,Mcomeau,4749.959,6506.833,4749.959,6506.922,32,GA1,17,13,,,,0,0,1,0,0,1,Simple,,
750,22,6,2001,Mcomeau,4749.959,6506.833,4749.959,6506.922,32,GA1,17,14,m,47,,0,0,0,0,1,1,Simple,,
751,22,6,2001,Mcomeau,4749.959,6506.833,4749.959,6506.922,32,GA1,17,15,f,51,,0,0,0,0,1,1,Simple,,
752,22,6,2001,Mcomeau,4749.959,6506.833,4749.959,6506.922,32,GA1,17,16,i,52,±50,0,0,0,0,1,1,Simple,,
753,22,6,2001,Mcomeau,4749.959,6506.833,4749.959,6506.922,32,GA1,17,17,,,,0,0,0,0,1,1,Simple,,
755,22,6,2001,Mcomeau,4749.959,6506.833,4749.959,6506.922,32,GA1,17,19,,,,0,0,0,0,1,1,Simple,,
756,22,6,2001,Mcomeau,4749.959,6506.833,4749.959,6506.922,32,GA1,17,20,,,,0,0,1,0,1,1,Simple,,
762,22,6,2001,Bcomeau,4749.939,6506.852,4749.945,6506.95,30,GA1,18,6,,,,0,0,0,0,1,1,Simple,,
763,22,6,2001,Bcomeau,4749.939,6506.852,4749.945,6506.95,30,GA1,18,7,,,,0,0,0,0,1,1,Simple,,
764,22,6,2001,Bcomeau,4749.939,6506.852,4749.945,6506.95,30,GA1,18,8,,,,0,0,0,0,1,1,Simple,,
767,22,6,2001,Bcomeau,4749.939,6506.852,4749.945,6506.95,30,GA1,18,11,,,,0,0,0,0,1,1,Simple,,
771,22,6,2001,Bcomeau,4749.939,6506.852,4749.945,6506.95,30,GA1,18,15,,,,0,0,0,0,1,1,Simple,,
772,22,6,2001,Bcomeau,4749.939,6506.852,4749.945,6506.95,30,GA1,18,16,m,65,,0,0,0,0,1,1,Simple,,
775,22,6,2001,Bcomeau,4749.939,6506.852,4749.945,6506.95,30,GA1,18,19,,,,0,0,0,0,1,1,Simple,,
776,22,6,2001,Bcomeau,4749.939,6506.852,4749.945,6506.95,30,GA1,18,20,,,,0,0,0,0,1,1,Simple,,
782,22,6,2001,Glandry,4749.939,6506.852,4749.945,6506.95,30,GA1,18,6,,,,0,0,1,0,0,1,Simple,,
783,22,6,2001,Glandry,4749.939,6506.852,4749.945,6506.95,30,GA1,18,7,,,,0,0,1,0,1,1,Simple,,
784,22,6,2001,Glandry,4749.939,6506.852,4749.945,6506.95,30,GA1,18,8,m,62,,0,0,1,0,1,1,Simple,,
785,22,6,2001,Glandry,4749.939,6506.852,4749.945,6506.95,30,GA1,18,9,,,,0,0,1,0,1,1,Simple,,
786,22,6,2001,Glandry,4749.939,6506.852,4749.945,6506.95,30,GA1,18,10,,,,0,0,1,0,0,1,Simple,,
788,22,6,2001,Glandry,4749.939,6506.852,4749.945,6506.95,30,GA1,18,12,,,,0,1,0,0,1,1,Simple,,
789,22,6,2001,Glandry,4749.939,6506.852,4749.945,6506.95,30,GA1,18,13,f,61,,0,1,0,0,1,1,Simple,,
790,22,6,2001,Glandry,4749.939,6506.852,4749.945,6506.95,30,GA1,18,14,,,,0,0,1,0,0,1,Simple,,
791,22,6,2001,Glandry,4749.939,6506.852,4749.945,6506.95,30,GA1,18,15,,,,0,0,1,0,1,1,Simple,,
792,22,6,2001,Glandry,4749.939,6506.852,4749.945,6506.95,30,GA1,18,16,,,,0,0,1,0,1,1,Simple,,
793,22,6,2001,Glandry,4749.939,6506.852,4749.945,6506.95,30,GA1,18,17,,,,0,0,1,0,1,1,Simple,,
794,22,6,2001,Glandry,4749.939,6506.852,4749.945,6506.95,30,GA1,18,18,f,61,,0,0,1,0,0,1,Simple,,
795,22,6,2001,Glandry,4749.939,6506.852,4749.945,6506.95,30,GA1,18,18,f,25,,0,0,1,0,0,1,Simple,,
796,22,6,2001,Glandry,4749.939,6506.852,4749.945,6506.95,30,GA1,18,19,m,40,,0,0,1,0,0,1,Simple,,
797,22,6,2001,Glandry,4749.939,6506.852,4749.945,6506.95,30,GA1,18,20,f,45,,0,0,1,0,0,1,Simple,,
798,22,6,2001,Mcomeau,4749.953,6506.945,4749.976,6506.873,31,GA1,19,1,,,,0,0,1,0,0,1,Simple,,
799,22,6,2001,Mcomeau,4749.953,6506.945,4749.976,6506.873,31,GA1,19,2,m,68,,0,0,1,0,1,1,Simple,,
800,22,6,2001,Mcomeau,4749.953,6506.945,4749.976,6506.873,31,GA1,19,2,m,37,,0,0,1,0,1,1,Simple,,
801,22,6,2001,Mcomeau,4749.953,6506.945,4749.976,6506.873,31,GA1,19,3,f,38,,0,0,1,0,0,1,Simple,,
803,22,6,2001,Mcomeau,4749.953,6506.945,4749.976,6506.873,31,GA1,19,5,,,,0,0,1,0,1,1,Simple,,
804,22,6,2001,Mcomeau,4749.953,6506.945,4749.976,6506.873,31,GA1,19,6,,,,0,0,0,0,1,1,Simple,,
805,22,6,2001,Mcomeau,4749.953,6506.945,4749.976,6506.873,31,GA1,19,7,,,,0,0,0,0,1,1,Simple,,
806,22,6,2001,Mcomeau,4749.953,6506.945,4749.976,6506.873,31,GA1,19,8,,,,0,0,0,0,1,1,Simple,,
807,22,6,2001,Mcomeau,4749.953,6506.945,4749.976,6506.873,31,GA1,19,9,f,45,,0,0,1,0,1,1,Simple,,
808,22,6,2001,Mcomeau,4749.953,6506.945,4749.976,6506.873,31,GA1,19,10,,,,0,0,1,0,1,1,Simple,,
809,22,6,2001,Mcomeau,4749.953,6506.945,4749.976,6506.873,31,GA1,19,11,,,,0,0,1,0,1,1,Simple,,
810,22,6,2001,Mcomeau,4749.953,6506.945,4749.976,6506.873,31,GA1,19,12,,,,0,0,0,0,1,1,Simple,,
811,22,6,2001,Mcomeau,4749.953,6506.945,4749.976,6506.873,31,GA1,19,13,,,,0,0,1,0,1,1,Simple,,
812,22,6,2001,Mcomeau,4749.953,6506.945,4749.976,6506.873,31,GA1,19,14,,,,0,0,1,0,1,1,Simple,,
814,22,6,2001,Mcomeau,4749.953,6506.945,4749.976,6506.873,31,GA1,19,16,,,,0,0,1,0,1,1,Simple,,
815,22,6,2001,Mcomeau,4749.953,6506.945,4749.976,6506.873,31,GA1,19,17,,,,0,0,0,0,1,1,Simple,,
816,22,6,2001,Mcomeau,4749.953,6506.945,4749.976,6506.873,31,GA1,19,18,m,45,,0,0,0,0,1,1,Simple,,
817,22,6,2001,Mcomeau,4749.953,6506.945,4749.976,6506.873,31,GA1,19,19,,,,0,0,1,0,0,0,Simple,,
818,22,6,2001,Mcomeau,4749.953,6506.945,4749.976,6506.873,31,GA1,19,20,,,,0,0,1,0,1,1,Simple,,
819,22,6,2001,Glandry,4749.953,6506.945,4749.976,6506.873,31,GA1,19,1,,,,0,0,1,0,0,1,Simple,,
820,22,6,2001,Glandry,4749.953,6506.945,4749.976,6506.873,31,GA1,19,2,f,21,,0,0,1,0,0,1,Simple,,
821,22,6,2001,Glandry,4749.953,6506.945,4749.976,6506.873,31,GA1,19,2,i,29,±25,0,0,1,0,0,1,Simple,,
822,22,6,2001,Glandry,4749.953,6506.945,4749.976,6506.873,31,GA1,19,2,m,37,,0,0,1,0,0,1,Simple,,
823,22,6,2001,Glandry,4749.953,6506.945,4749.976,6506.873,31,GA1,19,3,m,56,,0,0,1,0,0,1,Simple,,
825,22,6,2001,Glandry,4749.953,6506.945,4749.976,6506.873,31,GA1,19,5,f,20,,0,0,1,0,0,1,Simple,,
826,22,6,2001,Glandry,4749.953,6506.945,4749.976,6506.873,31,GA1,19,6,,,,0,0,1,0,0,1,Simple,,
827,22,6,2001,Glandry,4749.953,6506.945,4749.976,6506.873,31,GA1,19,7,m,15,,0,0,1,0,0,1,Simple,,
828,22,6,2001,Glandry,4749.953,6506.945,4749.976,6506.873,31,GA1,19,8,m,38,,0,0,1,0,0,1,Simple,,
829,22,6,2001,Glandry,4749.953,6506.945,4749.976,6506.873,31,GA1,19,8,m,15,,0,0,1,0,0,1,Simple,,
830,22,6,2001,Glandry,4749.953,6506.945,4749.976,6506.873,31,GA1,19,9,,,,0,0,1,0,0,1,Simple,,
831,22,6,2001,Glandry,4749.953,6506.945,4749.976,6506.873,31,GA1,19,10,,,,0,0,1,0,0,1,Simple,,
832,22,6,2001,Glandry,4749.953,6506.945,4749.976,6506.873,31,GA1,19,11,,,,0,0,1,0,0,1,Simple,,
833,22,6,2001,Glandry,4749.953,6506.945,4749.976,6506.873,31,GA1,19,12,,,,0,0,1,0,0,1,Simple,,
834,22,6,2001,Glandry,4749.953,6506.945,4749.976,6506.873,31,GA1,19,13,m,61,,0,0,1,0,0,1,Simple,,
835,22,6,2001,Glandry,4749.953,6506.945,4749.976,6506.873,31,GA1,19,14,f,40,,0,0,1,0,0,1,Simple,,
836,22,6,2001,Glandry,4749.953,6506.945,4749.976,6506.873,31,GA1,19,15,,,,0,0,1,0,0,1,Simple,,
837,22,6,2001,Glandry,4749.953,6506.945,4749.976,6506.873,31,GA1,19,16,,,,0,0,1,0,0,1,Simple,,
838,22,6,2001,Glandry,4749.953,6506.945,4749.976,6506.873,31,GA1,19,17,f,43,,0,0,1,0,0,1,Simple,,
842,25,6,2001,Mcomeau,4749.827,6508.336,4749.7187,6508.426,31,GA1,20,1,f,39,,0,0,1,0,0,1,Simple,,
843,25,6,2001,Mcomeau,4749.827,6508.336,4749.7187,6508.426,31,GA1,20,2,,,,0,0,1,0,0,0,Simple,,
845,25,6,2001,Mcomeau,4749.827,6508.336,4749.7187,6508.426,31,GA1,20,4,,,,0,0,1,0,0,1,Simple,,
846,25,6,2001,Mcomeau,4749.827,6508.336,4749.7187,6508.426,31,GA1,20,5,f,29,,0,0,1,0,0,1,Simple,,
847,25,6,2001,Mcomeau,4749.827,6508.336,4749.7187,6508.426,31,GA1,20,5,f,62,,0,0,1,0,0,1,Simple,,
848,25,6,2001,Mcomeau,4749.827,6508.336,4749.7187,6508.426,31,GA1,20,6,i,54,±50,0,0,1,0,0,1,Simple,,
851,25,6,2001,Mcomeau,4749.827,6508.336,4749.7187,6508.426,31,GA1,20,9,,,,0,0,1,0,1,1,Simple,,
852,25,6,2001,Mcomeau,4749.827,6508.336,4749.7187,6508.426,31,GA1,20,10,,,,0,0,1,0,1,1,Simple,,
853,25,6,2001,Mcomeau,4749.827,6508.336,4749.7187,6508.426,31,GA1,20,11,m,14,,0,0,1,0,0,1,Simple,,
854,25,6,2001,Mcomeau,4749.827,6508.336,4749.7187,6508.426,31,GA1,20,11,f,28,,0,0,1,0,0,1,Simple,,
856,25,6,2001,Mcomeau,4749.827,6508.336,4749.7187,6508.426,31,GA1,20,13,m,27,,0,0,1,0,0,1,Simple,,
857,25,6,2001,Mcomeau,4749.827,6508.336,4749.7187,6508.426,31,GA1,20,13,f,26,,0,0,1,0,0,1,Simple,,
858,25,6,2001,Mcomeau,4749.827,6508.336,4749.7187,6508.426,31,GA1,20,14,,,,0,0,1,0,1,1,Simple,,
859,25,6,2001,Mcomeau,4749.827,6508.336,4749.7187,6508.426,31,GA1,20,15,m,30,,0,0,1,0,1,1,Simple,,
860,25,6,2001,Mcomeau,4749.827,6508.336,4749.7187,6508.426,31,GA1,20,15,f,50,,0,0,1,0,1,1,Simple,,
861,25,6,2001,Mcomeau,4749.827,6508.336,4749.7187,6508.426,31,GA1,20,16,m,60,,0,0,1,0,0,1,Simple,,
864,25,6,2001,Mcomeau,4749.827,6508.336,4749.7187,6508.426,31,GA1,20,19,,,,0,0,1,0,1,1,Simple,,
873,25,6,2001,Glandry,4749.827,6508.336,4749.7187,6508.426,31,GA1,20,8,m,35,,0,0,1,0,0,1,Simple,,
874,25,6,2001,Glandry,4749.827,6508.336,4749.7187,6508.426,31,GA1,20,8,f,43,,0,0,1,0,0,1,Simple,,
875,25,6,2001,Glandry,4749.827,6508.336,4749.7187,6508.426,31,GA1,20,9,m,29,,0,0,1,0,0,1,Simple,,
876,25,6,2001,Glandry,4749.827,6508.336,4749.7187,6508.426,31,GA1,20,10,,,,0,0,1,0,0,0,Simple,,
878,25,6,2001,Glandry,4749.827,6508.336,4749.7187,6508.426,31,GA1,20,12,,,,0,0,1,0,0,0,Simple,,
881,25,6,2001,Glandry,4749.827,6508.336,4749.7187,6508.426,31,GA1,20,15,f,62,,0,0,1,0,0,1,Simple,,
882,25,6,2001,Glandry,4749.827,6508.336,4749.7187,6508.426,31,GA1,20,15,m,57,,0,0,1,0,0,1,Simple,,
883,25,6,2001,Glandry,4749.827,6508.336,4749.7187,6508.426,31,GA1,20,16,,,,0,0,1,0,0,1,Simple,,
884,25,6,2001,Glandry,4749.827,6508.336,4749.7187,6508.426,31,GA1,20,17,,,,0,0,1,0,0,1,Simple,,
886,25,6,2001,Glandry,4749.827,6508.336,4749.7187,6508.426,31,GA1,20,19,i,,small,0,0,1,0,0,1,Simple,,
887,25,6,2001,Glandry,4749.827,6508.336,4749.7187,6508.426,31,GA1,20,19,m,31,,0,0,1,0,0,1,Simple,,
888,25,6,2001,Glandry,4749.827,6508.336,4749.7187,6508.426,31,GA1,20,20,,,,0,0,1,0,0,1,Simple,,
889,25,6,2001,Glandry,4749.836,6508.396,4749.835,6508.484,30,GA1,21,1,m,60,,0,0,1,0,0,1,Simple,,
890,25,6,2001,Glandry,4749.836,6508.396,4749.835,6508.484,30,GA1,21,2,,,,0,0,1,0,0,1,Simple,,
893,25,6,2001,Glandry,4749.836,6508.396,4749.835,6508.484,30,GA1,21,5,,,,0,0,1,0,0,1,Simple,,
894,25,6,2001,Glandry,4749.836,6508.396,4749.835,6508.484,30,GA1,21,6,,,,0,0,1,0,0,1,Simple,,
895,25,6,2001,Glandry,4749.836,6508.396,4749.835,6508.484,30,GA1,21,7,f,42,,0,0,1,0,0,1,Simple,,
896,25,6,2001,Glandry,4749.836,6508.396,4749.835,6508.484,30,GA1,21,8,,,,0,0,1,0,0,1,Simple,,
897,25,6,2001,Glandry,4749.836,6508.396,4749.835,6508.484,30,GA1,21,9,f,42,,0,0,1,0,0,1,Simple,,
898,25,6,2001,Glandry,4749.836,6508.396,4749.835,6508.484,30,GA1,21,10,,,,0,0,1,0,0,1,Simple,,
899,25,6,2001,Glandry,4749.836,6508.396,4749.835,6508.484,30,GA1,21,11,f,31,,0,0,1,0,0,1,Simple,,
900,25,6,2001,Glandry,4749.836,6508.396,4749.835,6508.484,30,GA1,21,12,,,,0,0,1,0,0,1,Simple,,
901,25,6,2001,Glandry,4749.836,6508.396,4749.835,6508.484,30,GA1,21,13,i,88,market,0,0,1,0,0,1,Simple,,
902,25,6,2001,Glandry,4749.836,6508.396,4749.835,6508.484,30,GA1,21,14,f,29,,0,0,1,0,0,1,Simple,,
903,25,6,2001,Glandry,4749.836,6508.396,4749.835,6508.484,30,GA1,21,15,,,,0,0,1,0,0,1,Simple,,
904,25,6,2001,Glandry,4749.836,6508.396,4749.835,6508.484,30,GA1,21,16,m,43,,0,0,1,0,0,1,Simple,,
905,25,6,2001,Glandry,4749.836,6508.396,4749.835,6508.484,30,GA1,21,17,,,,0,0,1,0,0,1,Simple,,
906,25,6,2001,Glandry,4749.836,6508.396,4749.835,6508.484,30,GA1,21,18,,,,0,0,1,0,0,1,Simple,,
909,25,6,2001,Mcomeau,4749.836,6508.396,4749.835,6508.484,30,GA1,21,1,,,,0,0,1,0,0,1,Simple,,
912,25,6,2001,Mcomeau,4749.836,6508.396,4749.835,6508.484,30,GA1,21,4,m,31,,0,0,1,0,0,1,Simple,,
913,25,6,2001,Mcomeau,4749.836,6508.396,4749.835,6508.484,30,GA1,21,5,f,49,,0,0,1,0,1,1,Simple,,
915,25,6,2001,Mcomeau,4749.836,6508.396,4749.835,6508.484,30,GA1,21,7,,,,0,0,1,0,0,1,Simple,,
917,25,6,2001,Mcomeau,4749.836,6508.396,4749.835,6508.484,30,GA1,21,9,i,70,canner,0,0,1,0,0,1,Simple,,
918,25,6,2001,Mcomeau,4749.836,6508.396,4749.835,6508.484,30,GA1,21,10,,,,0,0,1,0,0,1,Simple,,
919,25,6,2001,Mcomeau,4749.836,6508.396,4749.835,6508.484,30,GA1,21,11,,,,0,0,0,0,1,1,Simple,,
920,25,6,2001,Mcomeau,4749.836,6508.396,4749.835,6508.484,30,GA1,21,12,,,,0,0,0,0,1,1,Simple,,
921,25,6,2001,Mcomeau,4749.836,6508.396,4749.835,6508.484,30,GA1,21,13,m,50,,0,0,0,0,1,1,Simple,,
922,25,6,2001,Mcomeau,4749.836,6508.396,4749.835,6508.484,30,GA1,21,13,f,56,,0,0,0,0,1,1,Simple,,
923,25,6,2001,Mcomeau,4749.836,6508.396,4749.835,6508.484,30,GA1,21,14,m,27,,0,0,0,0,1,1,Simple,,
924,25,6,2001,Mcomeau,4749.836,6508.396,4749.835,6508.484,30,GA1,21,15,f,54,,0,0,0,0,1,1,Simple,,
927,25,6,2001,Mcomeau,4749.836,6508.396,4749.835,6508.484,30,GA1,21,18,m,27,,0,0,0,0,1,1,Simple,,
928,25,6,2001,Mcomeau,4749.836,6508.396,4749.835,6508.484,30,GA1,21,18,m,51,,0,0,0,0,1,1,Simple,,
929,25,6,2001,Mcomeau,4749.836,6508.396,4749.835,6508.484,30,GA1,21,19,,,,0,0,1,0,1,1,Simple,,
931,25,6,2001,Mcomeau,4749.804,6508.513,4749.781,6508.59,28,GA1,22,1,m,52,,0,0,0,1,1,1,Simple,,
932,25,6,2001,Mcomeau,4749.804,6508.513,4749.781,6508.59,30,GA1,22,2,m,53,,0,0,0,1,1,1,Simple,,
933,25,6,2001,Mcomeau,4749.804,6508.513,4749.781,6508.59,30,GA1,22,2,m,12,,0,0,0,1,1,1,Simple,,
934,25,6,2001,Mcomeau,4749.804,6508.513,4749.781,6508.59,30,GA1,22,2,f,50,,0,0,0,1,1,1,Simple,,
935,25,6,2001,Mcomeau,4749.804,6508.513,4749.781,6508.59,30,GA1,22,2,f,30,,0,0,0,1,1,1,Simple,,
936,25,6,2001,Mcomeau,4749.804,6508.513,4749.781,6508.59,30,GA1,22,3,,,,0,0,0,0,1,1,Simple,,
937,25,6,2001,Mcomeau,4749.804,6508.513,4749.781,6508.59,30,GA1,22,4,i,30,±30,0,0,0,0,1,1,Simple,,
938,25,6,2001,Mcomeau,4749.804,6508.513,4749.781,6508.59,30,GA1,22,5,m,25,,0,0,0,0,1,1,Simple,,
939,25,6,2001,Mcomeau,4749.804,6508.513,4749.781,6508.59,30,GA1,22,5,m,24,,0,0,0,0,1,1,Simple,,
940,25,6,2001,Mcomeau,4749.804,6508.513,4749.781,6508.59,30,GA1,22,5,m,53,,0,0,0,0,1,1,Simple,,
941,25,6,2001,Mcomeau,4749.804,6508.513,4749.781,6508.59,30,GA1,22,6,m,55,,0,0,0,0,0,1,Simple,,
943,25,6,2001,Mcomeau,4749.804,6508.513,4749.781,6508.59,30,GA1,22,8,f,46,,0,0,0,0,0,1,Simple,,
944,25,6,2001,Mcomeau,4749.804,6508.513,4749.781,6508.59,30,GA1,22,8,f,24,,0,0,0,0,0,1,Simple,,
945,25,6,2001,Mcomeau,4749.804,6508.513,4749.781,6508.59,30,GA1,22,9,,,,0,0,0,0,1,1,Simple,,
946,25,6,2001,Mcomeau,4749.804,6508.513,4749.781,6508.59,30,GA1,22,10,m,25,,0,0,0,0,1,1,Simple,,
947,25,6,2001,Mcomeau,4749.804,6508.513,4749.781,6508.59,30,GA1,22,11,f,24,,0,0,0,0,1,1,Simple,,
948,25,6,2001,Mcomeau,4749.804,6508.513,4749.781,6508.59,30,GA1,22,11,m,51,,0,0,0,0,1,1,Simple,,
949,25,6,2001,Mcomeau,4749.804,6508.513,4749.781,6508.59,30,GA1,22,12,m,28,,0,0,0,0,1,1,Simple,,
952,25,6,2001,Mcomeau,4749.804,6508.513,4749.781,6508.59,30,GA1,22,15,m,26,,0,0,1,0,0,1,Simple,,
953,25,6,2001,Mcomeau,4749.804,6508.513,4749.781,6508.59,30,GA1,22,16,m,11,,0,0,0,0,1,1,Simple,,
954,25,6,2001,Mcomeau,4749.804,6508.513,4749.781,6508.59,30,GA1,22,17,f,76,,0,0,0,0,1,1,Simple,,
955,25,6,2001,Mcomeau,4749.804,6508.513,4749.781,6508.59,30,GA1,22,18,m,26,,0,0,0,0,1,1,Simple,,
956,25,6,2001,Mcomeau,4749.804,6508.513,4749.781,6508.59,30,GA1,22,19,,,,0,0,0,0,1,1,Simple,,
957,25,6,2001,Mcomeau,4749.804,6508.513,4749.781,6508.59,30,GA1,22,20,m,57,,0,0,0,0,1,1,Simple,,
958,25,6,2001,Glandry,4749.804,6508.513,4749.781,6508.59,30,GA1,22,1,,,,0,0,1,0,0,1,Complexe,,
959,25,6,2001,Glandry,4749.804,6508.513,4749.781,6508.59,30,GA1,22,2,f,58,,0,0,1,0,0,1,Complexe,,
960,25,6,2001,Glandry,4749.804,6508.513,4749.781,6508.59,30,GA1,22,3,m,58,,0,0,1,0,0,1,Complexe,,
962,25,6,2001,Glandry,4749.804,6508.513,4749.781,6508.59,30,GA1,22,5,f,27,,0,0,1,0,0,1,Complexe,,
963,25,6,2001,Glandry,4749.804,6508.513,4749.781,6508.59,30,GA1,22,6,i,111,±100,0,0,1,0,0,1,Complexe,,
964,25,6,2001,Glandry,4749.804,6508.513,4749.781,6508.59,30,GA1,22,6,m,115,,0,0,1,0,0,1,Complexe,,
965,25,6,2001,Glandry,4749.804,6508.513,4749.781,6508.59,30,GA1,22,6,m,60,,0,0,1,0,0,1,Complexe,,
966,25,6,2001,Glandry,4749.804,6508.513,4749.781,6508.59,30,GA1,22,7,i,115,±100,0,0,1,0,0,1,Complexe,,
967,25,6,2001,Glandry,4749.804,6508.513,4749.781,6508.59,30,GA1,22,7,m,60,,0,0,1,0,0,1,Complexe,,
968,25,6,2001,Glandry,4749.804,6508.513,4749.781,6508.59,30,GA1,22,8,m,30,,0,0,1,0,0,1,Complexe,,
969,25,6,2001,Glandry,4749.804,6508.513,4749.781,6508.59,30,GA1,22,9,i,36,±35,0,0,1,0,0,1,Complexe,,
970,25,6,2001,Glandry,4749.804,6508.513,4749.781,6508.59,30,GA1,22,9,f,33,,0,0,1,0,0,1,Complexe,,
971,25,6,2001,Glandry,4749.804,6508.513,4749.781,6508.59,30,GA1,22,10,b3,64,,0,0,1,0,0,1,Simple,,
972,25,6,2001,Glandry,4749.804,6508.513,4749.781,6508.59,30,GA1,22,11,,,,0,0,1,0,0,1,Simple,,
976,25,6,2001,Glandry,4749.804,6508.513,4749.781,6508.59,30,GA1,22,15,i,17,±15,0,0,1,0,0,1,Simple,,
977,25,6,2001,Glandry,4749.804,6508.513,4749.781,6508.59,30,GA1,22,15,m,23,,0,0,1,0,0,1,Simple,,
978,25,6,2001,Glandry,4749.804,6508.513,4749.781,6508.59,30,GA1,22,15,m,52,,0,0,1,0,0,1,Simple,,
979,25,6,2001,Glandry,4749.804,6508.513,4749.781,6508.59,30,GA1,22,16,,,,0,0,1,0,0,1,Simple,,
980,25,6,2001,Glandry,4749.804,6508.513,4749.781,6508.59,30,GA1,22,17,,,,0,0,1,0,0,1,Simple,,
981,25,6,2001,Glandry,4749.804,6508.513,4749.781,6508.59,30,GA1,22,18,f,64,,0,0,1,0,0,1,Simple,,
982,25,6,2001,Glandry,4749.804,6508.513,4749.781,6508.59,30,GA1,22,19,,,,0,0,1,0,0,1,Simple,,
983,25,6,2001,Glandry,4749.804,6508.513,4749.781,6508.59,30,GA1,22,20,,,,0,0,1,0,0,1,Simple,,
1004,25,6,2001,Bcomeau,4749.818,6508.64,4749.812,6508.55,26,GA1,23,1,f,66,,0,0,0,0,1,1,Simple,,
1007,25,6,2001,Bcomeau,4749.818,6508.64,4749.812,6508.55,26,GA1,23,4,m,61,,0,0,1,0,0,1,Complexe,,
1008,25,6,2001,Bcomeau,4749.818,6508.64,4749.812,6508.55,26,GA1,23,5,,,,0,0,0,0,1,0,Simple,,
1009,25,6,2001,Bcomeau,4749.818,6508.64,4749.812,6508.55,26,GA1,23,6,,,,0,0,1,0,0,1,Simple,,
1010,25,6,2001,Bcomeau,4749.818,6508.64,4749.812,6508.55,26,GA1,23,7,m,65,,0,0,0,0,1,1,Complexe,,
1012,25,6,2001,Bcomeau,4749.818,6508.64,4749.812,6508.55,26,GA1,23,9,f,20,,0,0,1,0,0,1,Simple,,
1015,25,6,2001,Bcomeau,4749.818,6508.64,4749.812,6508.55,26,GA1,23,12,m,49,,0,0,1,0,0,1,Simple,,
1017,25,6,2001,Bcomeau,4749.818,6508.64,4749.812,6508.55,26,GA1,23,14,m,26,,0,0,1,0,0,1,Complexe,,
1020,25,6,2001,Bcomeau,4749.818,6508.64,4749.812,6508.55,26,GA1,23,17,m,20,,0,0,1,0,0,1,Simple,,
1023,25,6,2001,Bcomeau,4749.818,6508.64,4749.812,6508.55,26,GA1,23,20,f,49,,0,0,1,0,1,1,Simple,,
1031,25,6,2001,Rvienneau,4749.806,6508.766,4749.807,6508.68,26,GA1,24,8,m,60,,0,0,1,0,0,1,Simple,,
1032,25,6,2001,Rvienneau,4749.806,6508.766,4749.807,6508.68,26,GA1,24,9,f,66,,0,0,1,0,0,1,Simple,,
1033,25,6,2001,Rvienneau,4749.806,6508.766,4749.807,6508.68,26,GA1,24,10,f,65,,0,0,1,0,0,1,Simple,,
1034,25,6,2001,Rvienneau,4749.806,6508.766,4749.807,6508.68,26,GA1,24,11,,,,0,0,1,0,0,1,Simple,,
1035,25,6,2001,Rvienneau,4749.806,6508.766,4749.807,6508.68,26,GA1,24,12,i,,homard,0,0,1,0,0,1,Simple,,
1036,25,6,2001,Rvienneau,4749.806,6508.766,4749.807,6508.68,26,GA1,24,12,f,21,,0,0,1,0,0,1,Simple,,
1037,25,6,2001,Rvienneau,4749.806,6508.766,4749.807,6508.68,26,GA1,24,12,f,29,,0,0,1,0,0,1,Simple,,
1038,25,6,2001,Rvienneau,4749.806,6508.766,4749.807,6508.68,26,GA1,24,12,f,31,,0,0,1,0,0,1,Simple,,
1039,25,6,2001,Rvienneau,4749.806,6508.766,4749.807,6508.68,26,GA1,24,13,f,67,,0,0,1,0,0,1,Simple,,
1040,25,6,2001,Rvienneau,4749.806,6508.766,4749.807,6508.68,26,GA1,24,13,m,43,,0,0,1,0,0,1,Simple,,
1041,25,6,2001,Rvienneau,4749.806,6508.766,4749.807,6508.68,26,GA1,24,14,m,29,,0,0,1,0,0,1,Simple,,
1042,25,6,2001,Rvienneau,4749.806,6508.766,4749.807,6508.68,26,GA1,24,15,,,,0,0,1,0,0,1,Simple,,
1043,25,6,2001,Rvienneau,4749.806,6508.766,4749.807,6508.68,26,GA1,24,16,,,,0,0,1,0,0,1,Simple,,
1044,25,6,2001,Rvienneau,4749.806,6508.766,4749.807,6508.68,26,GA1,24,17,,,,0,0,1,0,0,1,Simple,,
1045,25,6,2001,Rvienneau,4749.806,6508.766,4749.807,6508.68,26,GA1,24,18,,,,0,0,1,0,0,1,Simple,,
1050,25,6,2001,Bcomeau,4749.806,6508.766,4749.807,6508.68,26,GA1,24,3,f,19,,0,0,1,0,0,1,Simple,,
1051,25,6,2001,Bcomeau,4749.806,6508.766,4749.807,6508.68,26,GA1,24,4,,,,0,0,1,0,0,0,Simple,,
1052,25,6,2001,Bcomeau,4749.806,6508.766,4749.807,6508.68,26,GA1,24,5,,,,0,0,1,0,0,0,Simple,,
1054,25,6,2001,Bcomeau,4749.806,6508.766,4749.807,6508.68,26,GA1,24,7,,,,0,0,1,0,0,1,Simple,,
1058,25,6,2001,Bcomeau,4749.806,6508.766,4749.807,6508.68,26,GA1,24,11,f,23,,0,0,0,0,1,1,Complexe,,
1059,25,6,2001,Bcomeau,4749.806,6508.766,4749.807,6508.68,26,GA1,24,11,m,11,,0,0,0,0,1,1,Complexe,,
1060,25,6,2001,Bcomeau,4749.806,6508.766,4749.807,6508.68,26,GA1,24,12,f,18,,0,0,0,0,1,1,Complexe,,
1061,25,6,2001,Bcomeau,4749.806,6508.766,4749.807,6508.68,26,GA1,24,12,m,19,,0,0,0,0,1,1,Complexe,,
1064,25,6,2001,Bcomeau,4749.806,6508.766,4749.807,6508.68,26,GA1,24,15,,,,0,0,0,0,1,1,Complexe,,
1065,25,6,2001,Bcomeau,4749.806,6508.766,4749.807,6508.68,26,GA1,24,16,,,,0,0,0,0,1,1,Complexe,,
1066,25,6,2001,Bcomeau,4749.806,6508.766,4749.807,6508.68,26,GA1,24,17,,,,0,0,0,0,1,1,Complexe,,
1151,26,6,2001,Mcomeau,4749.573,6510.185,4749.604,6510.12,31,GA1,25,1,i,42,±40,0,0,0,0,1,1,Simple,,
1152,26,6,2001,Mcomeau,4749.573,6510.185,4749.604,6510.12,31,GA1,25,2,,,,0,0,1,0,1,1,Simple,,
1153,26,6,2001,Mcomeau,4749.573,6510.185,4749.604,6510.12,31,GA1,25,3,f,37,,0,0,1,0,1,1,Simple,,
1154,26,6,2001,Mcomeau,4749.573,6510.185,4749.604,6510.12,31,GA1,25,4,,,,0,0,1,0,1,1,Simple,,
1155,26,6,2001,Mcomeau,4749.573,6510.185,4749.604,6510.12,31,GA1,25,5,m,65,,0,0,1,0,1,1,Simple,,
1158,26,6,2001,Mcomeau,4749.573,6510.185,4749.604,6510.12,31,GA1,25,8,,,,0,0,1,0,0,1,Simple,,
1160,26,6,2001,Mcomeau,4749.573,6510.185,4749.604,6510.12,31,GA1,25,10,m,24,,0,0,1,0,0,1,Simple,,
1161,26,6,2001,Mcomeau,4749.573,6510.185,4749.604,6510.12,31,GA1,25,11,f,65,,0,0,1,0,0,1,Simple,,
1163,26,6,2001,Mcomeau,4749.573,6510.185,4749.604,6510.12,31,GA1,25,13,m,32,,0,0,1,0,0,1,Simple,,
1164,26,6,2001,Mcomeau,4749.573,6510.185,4749.604,6510.12,31,GA1,25,14,f,27,,0,0,1,0,0,1,Simple,,
1165,26,6,2001,Mcomeau,4749.573,6510.185,4749.604,6510.12,31,GA1,25,14,i,43,±40,0,0,1,0,0,1,Simple,,
1166,26,6,2001,Mcomeau,4749.573,6510.185,4749.604,6510.12,31,GA1,25,15,m,77,,0,0,0,0,0,1,Simple,,
1167,26,6,2001,Mcomeau,4749.573,6510.185,4749.604,6510.12,31,GA1,25,16,f,52,,0,0,1,0,1,1,Simple,,
1169,26,6,2001,Mcomeau,4749.573,6510.185,4749.604,6510.12,31,GA1,25,18,m,60,,0,0,1,0,0,1,Simple,,
1171,26,6,2001,Mcomeau,4749.573,6510.185,4749.604,6510.12,31,GA1,25,20,m,65,,0,0,1,0,0,1,Simple,,
1172,26,6,2001,Mcomeau,4749.573,6510.185,4749.604,6510.12,31,GA1,25,20,i,44,±40,0,0,1,0,0,1,Simple,,
1173,26,6,2001,Glandry,4749.573,6510.185,4749.604,6510.12,31,GA1,25,1,m,25,,0,0,1,0,0,1,Simple,,
1174,26,6,2001,Glandry,4749.573,6510.185,4749.604,6510.12,31,GA1,25,2,,,,0,0,1,0,0,1,Simple,,
1175,26,6,2001,Glandry,4749.573,6510.185,4749.604,6510.12,31,GA1,25,3,,,,0,0,1,0,0,1,Simple,,
1176,26,6,2001,Glandry,4749.573,6510.185,4749.604,6510.12,31,GA1,25,4,,,,0,0,1,0,0,1,Simple,,
1177,26,6,2001,Glandry,4749.573,6510.185,4749.604,6510.12,31,GA1,25,5,m,69,,0,0,1,0,0,1,Simple,,
1180,26,6,2001,Glandry,4749.573,6510.185,4749.604,6510.12,31,GA1,25,8,f,58,,0,0,1,0,0,1,Simple,,
1181,26,6,2001,Glandry,4749.573,6510.185,4749.604,6510.12,31,GA1,25,8,f,38,,0,0,1,0,0,1,Simple,,
1184,26,6,2001,Glandry,4749.573,6510.185,4749.604,6510.12,31,GA1,25,11,,,,0,0,1,0,0,1,Simple,,
1185,26,6,2001,Glandry,4749.573,6510.185,4749.604,6510.12,31,GA1,25,12,,,,0,0,1,0,0,1,Simple,,
1186,26,6,2001,Glandry,4749.573,6510.185,4749.604,6510.12,31,GA1,25,13,,,,0,0,1,0,0,1,Simple,,
1187,26,6,2001,Glandry,4749.573,6510.185,4749.604,6510.12,31,GA1,25,14,m,21,,0,0,1,0,0,1,Simple,,
1188,26,6,2001,Glandry,4749.573,6510.185,4749.604,6510.12,31,GA1,25,15,f,58,,0,0,1,0,0,1,Simple,,
1189,26,6,2001,Glandry,4749.573,6510.185,4749.604,6510.12,31,GA1,25,15,f,62,,0,0,1,0,0,1,Simple,,
1190,26,6,2001,Glandry,4749.573,6510.185,4749.604,6510.12,31,GA1,25,16,b3,75,,0,0,1,0,0,1,Simple,,
1194,26,6,2001,Glandry,4749.573,6510.185,4749.604,6510.12,31,GA1,25,20,m,53,,0,0,1,0,0,1,Simple,,
1196,26,6,2001,Bcomeau,4749.604,6510.191,4749.625,6510.118,31,GA1,26,2,f,69,,0,0,0,0,1,1,Simple,,
1199,26,6,2001,Bcomeau,4749.604,6510.191,4749.625,6510.118,31,GA1,26,5,,,,0,0,0,0,1,1,Simple,,
1200,26,6,2001,Bcomeau,4749.604,6510.191,4749.625,6510.118,31,GA1,26,6,m,35,,0,0,1,0,1,0,Simple,,
1202,26,6,2001,Bcomeau,4749.604,6510.191,4749.625,6510.118,31,GA1,26,8,m,52,,0,0,1,0,0,0,Simple,,
1204,26,6,2001,Bcomeau,4749.604,6510.191,4749.625,6510.118,31,GA1,26,10,,,,0,0,1,0,0,1,Simple,,
1210,26,6,2001,Bcomeau,4749.604,6510.191,4749.625,6510.118,31,GA1,26,16,m,65,,0,0,1,0,0,1,Simple,,
1212,26,6,2001,Bcomeau,4749.604,6510.191,4749.625,6510.118,31,GA1,26,18,,,,0,0,1,0,0,1,Simple,,
1213,26,6,2001,Bcomeau,4749.604,6510.191,4749.625,6510.118,31,GA1,26,19,m,43,,0,0,0,0,1,1,Simple,,
1217,26,6,2001,Rvienneau,4749.604,6510.191,4749.625,6510.118,31,GA1,26,3,i,69,canner,0,0,1,0,0,0,Simple,,
1218,26,6,2001,Rvienneau,4749.604,6510.191,4749.625,6510.118,31,GA1,26,3,f,47,,0,0,1,0,0,1,Simple,,
1219,26,6,2001,Rvienneau,4749.604,6510.191,4749.625,6510.118,31,GA1,26,4,m,51,,0,0,1,0,0,1,Simple,,
1220,26,6,2001,Rvienneau,4749.604,6510.191,4749.625,6510.118,31,GA1,26,5,,,,0,0,1,0,0,1,Simple,,
1221,26,6,2001,Rvienneau,4749.604,6510.191,4749.625,6510.118,31,GA1,26,6,f,32,,0,0,1,0,0,1,Simple,,
1222,26,6,2001,Rvienneau,4749.604,6510.191,4749.625,6510.118,31,GA1,26,7,,,,0,0,1,0,0,1,Simple,,
1224,26,6,2001,Rvienneau,4749.604,6510.191,4749.625,6510.118,31,GA1,26,9,f,63,,0,0,1,0,0,1,Simple,,
1225,26,6,2001,Rvienneau,4749.604,6510.191,4749.625,6510.118,31,GA1,26,10,m,51,,0,0,1,0,0,1,Simple,,
1233,26,6,2001,Rvienneau,4749.604,6510.191,4749.625,6510.118,31,GA1,26,18,f,56,,0,0,1,0,0,1,Simple,,
1234,26,6,2001,Rvienneau,4749.604,6510.191,4749.625,6510.118,31,GA1,26,19,,,,0,0,1,0,0,1,Simple,,
1236,26,6,2001,Mcomeau,4749.56,6510.26,4749.592,6510.195,31,GA1,27,1,f,56,,0,0,1,0,1,1,Simple,,
1237,26,6,2001,Mcomeau,4749.56,6510.26,4749.592,6510.195,31,GA1,27,2,m,52,,0,0,0,0,1,1,Simple,,
1238,26,6,2001,Mcomeau,4749.56,6510.26,4749.592,6510.195,31,GA1,27,3,m,65,,0,0,0,0,1,1,Simple,,
1239,26,6,2001,Mcomeau,4749.56,6510.26,4749.592,6510.195,31,GA1,27,3,m,45,,0,0,0,0,1,1,Simple,,
1240,26,6,2001,Mcomeau,4749.56,6510.26,4749.592,6510.195,31,GA1,27,4,,,,0,0,1,0,1,1,Simple,,
1241,26,6,2001,Mcomeau,4749.56,6510.26,4749.592,6510.195,31,GA1,27,5,,,,0,0,0,0,1,1,Simple,,
1242,26,6,2001,Mcomeau,4749.56,6510.26,4749.592,6510.195,31,GA1,27,6,f,68,,0,0,0,0,1,1,Simple,,
1243,26,6,2001,Mcomeau,4749.56,6510.26,4749.592,6510.195,31,GA1,27,6,m,23,,0,0,0,0,1,1,Simple,,
1244,26,6,2001,Mcomeau,4749.56,6510.26,4749.592,6510.195,31,GA1,27,6,f,55,,0,0,0,0,1,1,Simple,,
1245,26,6,2001,Mcomeau,4749.56,6510.26,4749.592,6510.195,31,GA1,27,6,f,36,,0,0,0,0,1,1,Simple,,
1246,26,6,2001,Mcomeau,4749.56,6510.26,4749.592,6510.195,31,GA1,27,7,f,35,,0,0,1,0,1,1,Simple,,
1247,26,6,2001,Mcomeau,4749.56,6510.26,4749.592,6510.195,31,GA1,27,8,,,,0,0,0,0,1,1,Simple,,
1248,26,6,2001,Mcomeau,4749.56,6510.26,4749.592,6510.195,31,GA1,27,9,f,40,,0,0,0,0,1,1,Simple,,
1249,26,6,2001,Mcomeau,4749.56,6510.26,4749.592,6510.195,31,GA1,27,10,,,,0,0,1,0,1,1,Simple,,
1250,26,6,2001,Mcomeau,4749.56,6510.26,4749.592,6510.195,31,GA1,27,11,m,56,,0,0,1,0,0,1,Simple,,
1252,26,6,2001,Mcomeau,4749.56,6510.26,4749.592,6510.195,31,GA1,27,13,f,34,,0,0,1,0,1,1,Simple,,
1253,26,6,2001,Mcomeau,4749.56,6510.26,4749.592,6510.195,31,GA1,27,13,f,59,,0,0,1,0,1,1,Simple,,
1254,26,6,2001,Mcomeau,4749.56,6510.26,4749.592,6510.195,31,GA1,27,14,f,43,,0,0,1,0,0,1,Simple,,
1255,26,6,2001,Mcomeau,4749.56,6510.26,4749.592,6510.195,31,GA1,27,15,,,,0,0,1,0,1,1,Simple,,
1257,26,6,2001,Mcomeau,4749.56,6510.26,4749.592,6510.195,31,GA1,27,17,f,54,,0,0,1,0,0,1,Simple,,
1258,26,6,2001,Mcomeau,4749.56,6510.26,4749.592,6510.195,31,GA1,27,18,,,,0,0,1,0,0,1,Simple,,
1259,26,6,2001,Mcomeau,4749.56,6510.26,4749.592,6510.195,31,GA1,27,19,,,,0,0,1,0,0,1,Simple,,
1260,26,6,2001,Mcomeau,4749.56,6510.26,4749.592,6510.195,31,GA1,27,20,m,65,,0,0,1,0,0,1,Simple,,
1261,26,6,2001,Mcomeau,4749.56,6510.26,4749.592,6510.195,31,GA1,27,20,m,35,,0,0,1,0,0,1,Simple,,
1262,26,6,2001,Glandry,4749.56,6510.26,4749.592,6510.195,31,GA1,27,1,m,43,,0,0,1,0,0,1,Simple,,
1263,26,6,2001,Glandry,4749.56,6510.26,4749.592,6510.195,31,GA1,27,2,f,40,,0,0,1,0,0,1,Simple,,
1266,26,6,2001,Glandry,4749.56,6510.26,4749.592,6510.195,31,GA1,27,5,m,25,,0,0,1,0,0,1,Simple,,
1267,26,6,2001,Glandry,4749.56,6510.26,4749.592,6510.195,31,GA1,27,6,f,66,,0,0,1,0,0,1,Simple,,
1268,26,6,2001,Glandry,4749.56,6510.26,4749.592,6510.195,31,GA1,27,7,m,51,,0,0,1,0,0,1,Simple,,
1269,26,6,2001,Glandry,4749.56,6510.26,4749.592,6510.195,31,GA1,27,8,f,55,,0,0,1,0,0,1,Simple,,
1271,26,6,2001,Glandry,4749.56,6510.26,4749.592,6510.195,31,GA1,27,10,m,19,,0,0,1,0,0,1,Simple,,
1272,26,6,2001,Glandry,4749.56,6510.26,4749.592,6510.195,31,GA1,27,10,f,63,,0,0,1,0,0,1,Simple,,
1274,26,6,2001,Glandry,4749.56,6510.26,4749.592,6510.195,31,GA1,27,12,,,,0,0,1,0,0,1,Simple,,
1276,26,6,2001,Glandry,4749.56,6510.26,4749.592,6510.195,31,GA1,27,14,f,55,,0,0,1,0,0,1,Simple,,
1277,26,6,2001,Glandry,4749.56,6510.26,4749.592,6510.195,31,GA1,27,15,b3,66,,0,0,1,0,0,1,Simple,,
1282,26,6,2001,Glandry,4749.56,6510.26,4749.592,6510.195,31,GA1,27,20,m,47,,0,0,1,0,0,1,Simple,,
1283,26,6,2001,Rvienneau,4749.585,6510.346,4749.612,6510.274,31,GA1,28,1,f,35,,0,0,1,0,0,1,Simple,,
1284,26,6,2001,Rvienneau,4749.585,6510.346,4749.612,6510.274,31,GA1,28,2,m,24,,0,0,1,0,0,1,Simple,,
1288,26,6,2001,Rvienneau,4749.585,6510.346,4749.612,6510.274,31,GA1,28,6,,,,0,0,1,0,0,1,Simple,,
1289,26,6,2001,Rvienneau,4749.585,6510.346,4749.612,6510.274,31,GA1,28,7,m,56,,0,0,1,0,0,1,Simple,,
1290,26,6,2001,Rvienneau,4749.585,6510.346,4749.612,6510.274,31,GA1,28,7,m,38,,0,0,1,0,0,1,Simple,,
1291,26,6,2001,Rvienneau,4749.585,6510.346,4749.612,6510.274,31,GA1,28,8,f,46,,0,0,1,0,0,1,Simple,,
1292,26,6,2001,Rvienneau,4749.585,6510.346,4749.612,6510.274,31,GA1,28,8,f,25,,0,0,1,0,0,1,Simple,,
1293,26,6,2001,Rvienneau,4749.585,6510.346,4749.612,6510.274,31,GA1,28,9,m,54,,0,0,1,0,0,1,Simple,,
1294,26,6,2001,Rvienneau,4749.585,6510.346,4749.612,6510.274,31,GA1,28,10,m,23,,0,0,1,0,0,1,Simple,,
1296,26,6,2001,Rvienneau,4749.585,6510.346,4749.612,6510.274,31,GA1,28,12,m,54,,0,0,1,0,0,0,Simple,,
1297,26,6,2001,Rvienneau,4749.585,6510.346,4749.612,6510.274,31,GA1,28,12,f,41,,0,0,1,0,0,0,Simple,,
1298,26,6,2001,Rvienneau,4749.585,6510.346,4749.612,6510.274,31,GA1,28,13,f,35,,0,0,1,0,0,1,Simple,,
1299,26,6,2001,Rvienneau,4749.585,6510.346,4749.612,6510.274,31,GA1,28,14,m,29,,0,0,1,0,0,1,Simple,,
1300,26,6,2001,Rvienneau,4749.585,6510.346,4749.612,6510.274,31,GA1,28,14,f,33,,0,0,1,0,0,1,Simple,,
1301,26,6,2001,Rvienneau,4749.585,6510.346,4749.612,6510.274,31,GA1,28,15,m,48,,0,0,1,0,0,1,Simple,,
1302,26,6,2001,Rvienneau,4749.585,6510.346,4749.612,6510.274,31,GA1,28,15,m,62,,0,0,1,0,0,1,Simple,,
1303,26,6,2001,Rvienneau,4749.585,6510.346,4749.612,6510.274,31,GA1,28,15,b3,74,,0,0,1,0,0,1,Simple,,
1304,26,6,2001,Rvienneau,4749.585,6510.346,4749.612,6510.274,31,GA1,28,16,,,,0,0,1,0,0,1,Simple,,
1305,26,6,2001,Rvienneau,4749.585,6510.346,4749.612,6510.274,31,GA1,28,17,,,,0,1,1,0,0,1,Simple,,
1306,26,6,2001,Rvienneau,4749.585,6510.346,4749.612,6510.274,31,GA1,28,18,,,,0,0,1,0,0,1,Simple,,
1307,26,6,2001,Rvienneau,4749.585,6510.346,4749.612,6510.274,31,GA1,28,19,,,,0,0,1,0,0,1,Simple,,
1308,26,6,2001,Rvienneau,4749.585,6510.346,4749.612,6510.274,31,GA1,28,20,,,,0,0,1,0,0,1,Simple,,
1309,26,6,2001,Bcomeau,4749.585,6510.346,4749.612,6510.274,31,GA1,28,1,m,23,,0,0,1,0,1,0,Simple,,
1310,26,6,2001,Bcomeau,4749.585,6510.346,4749.612,6510.274,31,GA1,28,2,m,23,,0,0,1,0,1,0,Simple,,
1314,26,6,2001,Bcomeau,4749.585,6510.346,4749.612,6510.274,31,GA1,28,6,,,,0,0,0,0,1,1,Simple,,
1315,26,6,2001,Bcomeau,4749.585,6510.346,4749.612,6510.274,31,GA1,28,7,m,21,,0,0,0,0,1,1,Simple,,
1316,26,6,2001,Bcomeau,4749.585,6510.346,4749.612,6510.274,31,GA1,28,8,m,59,,0,0,0,0,1,0,Simple,,
1317,26,6,2001,Bcomeau,4749.585,6510.346,4749.612,6510.274,31,GA1,28,9,,,,0,0,0,0,1,0,Simple,,
1318,26,6,2001,Bcomeau,4749.585,6510.346,4749.612,6510.274,31,GA1,28,10,f,46,,0,0,0,0,1,0,Simple,,
1321,26,6,2001,Bcomeau,4749.585,6510.346,4749.612,6510.274,31,GA1,28,13,m,62,,0,0,0,0,1,1,Simple,,
1322,26,6,2001,Bcomeau,4749.585,6510.346,4749.612,6510.274,31,GA1,28,14,,,,0,0,0,0,1,1,Simple,,
1323,26,6,2001,Bcomeau,4749.585,6510.346,4749.612,6510.274,31,GA1,28,15,f,32,,0,0,0,0,1,1,Simple,,
1324,26,6,2001,Bcomeau,4749.585,6510.346,4749.612,6510.274,31,GA1,28,16,,,,0,0,0,0,1,1,Simple,,
1327,26,6,2001,Bcomeau,4749.585,6510.346,4749.612,6510.274,31,GA1,28,19,,,,0,0,0,0,1,1,Simple,,
1328,26,6,2001,Bcomeau,4749.585,6510.346,4749.612,6510.274,31,GA1,28,20,,,,0,0,0,0,1,1,Simple,,
1329,27,6,2001,Mcomeau,4749.632,6509.978,4749.614,6510.068,33,GA1,29,1,m,50,,0,0,0,0,1,1,Simple,,
1330,27,6,2001,Mcomeau,4749.632,6509.978,4749.614,6510.068,33,GA1,29,2,m,22,,0,0,0,0,1,1,Simple,,
1331,27,6,2001,Mcomeau,4749.632,6509.978,4749.614,6510.068,33,GA1,29,2,m,41,,0,0,0,0,1,1,Simple,,
1332,27,6,2001,Mcomeau,4749.632,6509.978,4749.614,6510.068,33,GA1,29,3,,,,0,0,0,0,1,1,Simple,,
1333,27,6,2001,Mcomeau,4749.632,6509.978,4749.614,6510.068,33,GA1,29,4,,,,0,0,0,0,1,1,Simple,,
1334,27,6,2001,Mcomeau,4749.632,6509.978,4749.614,6510.068,33,GA1,29,5,f,60,,0,0,1,0,1,1,Simple,,
1335,27,6,2001,Mcomeau,4749.632,6509.978,4749.614,6510.068,33,GA1,29,6,,,,0,0,1,0,1,1,Simple,,
1336,27,6,2001,Mcomeau,4749.632,6509.978,4749.614,6510.068,33,GA1,29,7,f,43,,0,0,1,0,1,1,Simple,,
1337,27,6,2001,Mcomeau,4749.632,6509.978,4749.614,6510.068,33,GA1,29,7,f,54,,0,0,1,0,1,1,Simple,,
1338,27,6,2001,Mcomeau,4749.632,6509.978,4749.614,6510.068,33,GA1,29,7,b3,71,,0,0,1,0,1,1,Simple,,
1339,27,6,2001,Mcomeau,4749.632,6509.978,4749.614,6510.068,33,GA1,29,8,f,32,,0,0,1,0,1,1,Simple,,
1340,27,6,2001,Mcomeau,4749.632,6509.978,4749.614,6510.068,33,GA1,29,9,f,65,,0,0,0,0,1,1,Simple,,
1341,27,6,2001,Mcomeau,4749.632,6509.978,4749.614,6510.068,33,GA1,29,9,m,63,,0,0,0,0,1,1,Simple,,
1342,27,6,2001,Mcomeau,4749.632,6509.978,4749.614,6510.068,33,GA1,29,9,f,34,,0,0,0,0,1,1,Simple,,
1343,27,6,2001,Mcomeau,4749.632,6509.978,4749.614,6510.068,33,GA1,29,9,i,,small,0,0,0,0,1,1,Simple,,
1344,27,6,2001,Mcomeau,4749.632,6509.978,4749.614,6510.068,33,GA1,29,9,m,52,,0,0,0,0,1,1,Simple,,
1345,27,6,2001,Mcomeau,4749.632,6509.978,4749.614,6510.068,33,GA1,29,10,m,52,,0,0,0,0,1,1,Simple,,
1346,27,6,2001,Mcomeau,4749.632,6509.978,4749.614,6510.068,33,GA1,29,11,m,47,,0,0,1,0,1,1,Simple,,
1347,27,6,2001,Mcomeau,4749.632,6509.978,4749.614,6510.068,33,GA1,29,12,,,,0,0,1,0,1,1,Simple,,
1348,27,6,2001,Mcomeau,4749.632,6509.978,4749.614,6510.068,33,GA1,29,13,,,,0,0,1,0,1,1,Simple,,
1349,27,6,2001,Mcomeau,4749.632,6509.978,4749.614,6510.068,33,GA1,29,14,,,,0,0,1,0,1,1,Simple,,
1350,27,6,2001,Mcomeau,4749.632,6509.978,4749.614,6510.068,33,GA1,29,15,m,39,,0,0,1,0,1,1,Simple,,
1351,27,6,2001,Mcomeau,4749.632,6509.978,4749.614,6510.068,33,GA1,29,16,f,24,,0,0,1,0,1,1,Simple,,
1352,27,6,2001,Mcomeau,4749.632,6509.978,4749.614,6510.068,33,GA1,29,17,f,61,,0,0,0,0,0,1,Simple,,
1353,27,6,2001,Mcomeau,4749.632,6509.978,4749.614,6510.068,33,GA1,29,17,m,27,,0,0,0,0,0,1,Simple,,
1354,27,6,2001,Mcomeau,4749.632,6509.978,4749.614,6510.068,33,GA1,29,17,f,52,,0,0,0,0,0,1,Simple,,
1355,27,6,2001,Mcomeau,4749.632,6509.978,4749.614,6510.068,33,GA1,29,18,,,,0,0,0,0,1,1,Simple,,
1356,27,6,2001,Mcomeau,4749.632,6509.978,4749.614,6510.068,33,GA1,29,19,m,46,,0,0,0,0,1,1,Simple,,
1357,27,6,2001,Mcomeau,4749.632,6509.978,4749.614,6510.068,33,GA1,29,19,m,22,,0,0,0,0,1,1,Simple,,
1358,27,6,2001,Glandry,4749.632,6509.978,4749.614,6510.068,33,GA1,29,1,f,50,,0,0,1,0,0,1,Simple,,
1359,27,6,2001,Glandry,4749.632,6509.978,4749.614,6510.068,33,GA1,29,1,f,43,,0,0,1,0,0,1,Simple,,
1360,27,6,2001,Glandry,4749.632,6509.978,4749.614,6510.068,33,GA1,29,2,m,64,,0,0,1,0,0,1,Simple,,
1361,27,6,2001,Glandry,4749.632,6509.978,4749.614,6510.068,33,GA1,29,3,f,59,,0,0,1,0,0,1,Simple,,
1362,27,6,2001,Glandry,4749.632,6509.978,4749.614,6510.068,33,GA1,29,3,m,43,,0,0,1,0,0,1,Simple,,
1363,27,6,2001,Glandry,4749.632,6509.978,4749.614,6510.068,33,GA1,29,3,f,15,,0,0,1,0,0,1,Simple,,
1364,27,6,2001,Glandry,4749.632,6509.978,4749.614,6510.068,33,GA1,29,3,f,49,,0,0,1,0,0,1,Simple,,
1365,27,6,2001,Glandry,4749.632,6509.978,4749.614,6510.068,33,GA1,29,4,m,40,,0,0,1,0,0,1,Simple,,
1366,27,6,2001,Glandry,4749.632,6509.978,4749.614,6510.068,33,GA1,29,4,m,23,,0,0,1,0,0,1,Simple,,
1367,27,6,2001,Glandry,4749.632,6509.978,4749.614,6510.068,33,GA1,29,5,f,49,,0,0,1,0,0,1,Simple,,
1368,27,6,2001,Glandry,4749.632,6509.978,4749.614,6510.068,33,GA1,29,6,b3,70,,0,0,1,0,0,1,Simple,,
1369,27,6,2001,Glandry,4749.632,6509.978,4749.614,6510.068,33,GA1,29,7,m,63,,0,0,1,0,0,1,Simple,,
1370,27,6,2001,Glandry,4749.632,6509.978,4749.614,6510.068,33,GA1,29,8,b3,70,,0,0,1,0,0,1,Simple,,
1371,27,6,2001,Glandry,4749.632,6509.978,4749.614,6510.068,33,GA1,29,9,f,26,,0,0,1,0,0,1,Simple,,
1372,27,6,2001,Glandry,4749.632,6509.978,4749.614,6510.068,33,GA1,29,9,f,52,,0,0,1,0,0,1,Simple,,
1373,27,6,2001,Glandry,4749.632,6509.978,4749.614,6510.068,33,GA1,29,10,m,26,,0,0,1,0,0,1,Simple,,
1374,27,6,2001,Glandry,4749.632,6509.978,4749.614,6510.068,33,GA1,29,10,m,46,,0,0,1,0,0,1,Simple,,
1375,27,6,2001,Glandry,4749.632,6509.978,4749.614,6510.068,33,GA1,29,11,,,,0,0,1,0,0,1,Simple,,
1376,27,6,2001,Glandry,4749.632,6509.978,4749.614,6510.068,33,GA1,29,12,,,,0,0,1,0,0,1,Simple,,
1377,27,6,2001,Glandry,4749.632,6509.978,4749.614,6510.068,33,GA1,29,13,,,,0,0,1,0,0,1,Simple,,
1378,27,6,2001,Glandry,4749.632,6509.978,4749.614,6510.068,33,GA1,29,14,f,30,,0,0,1,0,0,1,Simple,,
1379,27,6,2001,Glandry,4749.632,6509.978,4749.614,6510.068,33,GA1,29,15,,,,0,0,1,0,0,1,Simple,,
1380,27,6,2001,Glandry,4749.632,6509.978,4749.614,6510.068,33,GA1,29,16,f,56,,0,0,1,0,0,1,Simple,,
1381,27,6,2001,Glandry,4749.632,6509.978,4749.614,6510.068,33,GA1,29,16,m,58,,0,0,1,0,0,1,Simple,,
1382,27,6,2001,Glandry,4749.632,6509.978,4749.614,6510.068,33,GA1,29,17,f,50,,0,0,1,0,0,1,Simple,,
1383,27,6,2001,Glandry,4749.632,6509.978,4749.614,6510.068,33,GA1,29,18,m,33,,0,0,1,0,0,1,Simple,,
1384,27,6,2001,Glandry,4749.632,6509.978,4749.614,6510.068,33,GA1,29,19,i,26,±25,0,0,1,0,0,1,Simple,,
1388,27,6,2001,Bcomeau,4749.613,6510.193,4749.601,6510.284,33,GA1,30,3,,,,0,0,1,0,0,1,Simple,,
1389,27,6,2001,Bcomeau,4749.613,6510.193,4749.601,6510.284,33,GA1,30,4,,,,0,0,1,0,0,1,Simple,,
1391,27,6,2001,Bcomeau,4749.613,6510.193,4749.601,6510.284,33,GA1,30,6,m,43,,0,0,1,0,0,1,Simple,,
1392,27,6,2001,Bcomeau,4749.613,6510.193,4749.601,6510.284,33,GA1,30,6,f,21,,0,0,1,0,0,1,Simple,,
1396,27,6,2001,Bcomeau,4749.613,6510.193,4749.601,6510.284,33,GA1,30,10,,,,0,0,1,0,1,1,Simple,,
1397,27,6,2001,Bcomeau,4749.613,6510.193,4749.601,6510.284,33,GA1,30,11,m,53,,0,0,0,0,1,1,Simple,,
1398,27,6,2001,Bcomeau,4749.613,6510.193,4749.601,6510.284,33,GA1,30,11,m,61,,0,0,0,0,1,1,Simple,,
1400,27,6,2001,Bcomeau,4749.613,6510.193,4749.601,6510.284,33,GA1,30,13,,,,0,0,0,0,1,1,Simple,,
1401,27,6,2001,Bcomeau,4749.613,6510.193,4749.601,6510.284,33,GA1,30,14,m,57,,0,0,0,0,1,1,Simple,,
1402,27,6,2001,Bcomeau,4749.613,6510.193,4749.601,6510.284,33,GA1,30,15,,,,0,0,0,0,1,1,Simple,,
1403,27,6,2001,Bcomeau,4749.613,6510.193,4749.601,6510.284,33,GA1,30,16,,,,0,0,1,0,0,1,Simple,,
1414,27,6,2001,Rvienneau,4749.613,6510.193,4749.601,6510.284,33,GA1,30,7,f,45,,0,0,1,0,0,1,Simple,,
1415,27,6,2001,Rvienneau,4749.613,6510.193,4749.601,6510.284,33,GA1,30,8,m,63,,0,0,1,0,0,1,Simple,,
1416,27,6,2001,Rvienneau,4749.613,6510.193,4749.601,6510.284,33,GA1,30,8,m,32,,0,0,1,0,0,1,Simple,,
1417,27,6,2001,Rvienneau,4749.613,6510.193,4749.601,6510.284,33,GA1,30,9,m,42,,0,0,1,0,0,0,Simple,,
1419,27,6,2001,Rvienneau,4749.613,6510.193,4749.601,6510.284,33,GA1,30,11,m,68,,0,0,1,0,0,1,Simple,,
1420,27,6,2001,Rvienneau,4749.613,6510.193,4749.601,6510.284,33,GA1,30,11,m,48,,0,0,1,0,0,1,Simple,,
1421,27,6,2001,Rvienneau,4749.613,6510.193,4749.601,6510.284,33,GA1,30,12,,,,0,0,1,0,0,1,Simple,,
1422,27,6,2001,Rvienneau,4749.613,6510.193,4749.601,6510.284,33,GA1,30,13,f,64,,0,0,1,0,0,1,Simple,,
1423,27,6,2001,Rvienneau,4749.613,6510.193,4749.601,6510.284,33,GA1,30,14,f,63,,0,0,1,0,0,1,Simple,,
1424,27,6,2001,Rvienneau,4749.613,6510.193,4749.601,6510.284,33,GA1,30,14,m,57,,0,0,1,0,0,1,Simple,,
1425,27,6,2001,Rvienneau,4749.613,6510.193,4749.601,6510.284,33,GA1,30,14,i,23,±20,0,0,1,0,0,1,Simple,,
1426,27,6,2001,Rvienneau,4749.613,6510.193,4749.601,6510.284,33,GA1,30,15,,,,0,0,1,0,0,1,Simple,,
1427,27,6,2001,Rvienneau,4749.613,6510.193,4749.601,6510.284,33,GA1,30,16,f,45,,0,0,1,0,0,1,Simple,,
1432,27,6,2001,Mcomeau,4749.602,6510.156,4749.589,6510.284,34,GA1,31,1,f,37,,0,0,0,0,1,1,Simple,,
1433,27,6,2001,Mcomeau,4749.602,6510.156,4749.589,6510.284,34,GA1,31,1,m,69,,0,0,0,0,1,1,Simple,,
1434,27,6,2001,Mcomeau,4749.602,6510.156,4749.589,6510.284,34,GA1,31,1,f,60,,0,0,0,0,1,1,Simple,,
1435,27,6,2001,Mcomeau,4749.602,6510.156,4749.589,6510.284,34,GA1,31,1,m,31,,0,0,0,0,1,1,Simple,,
1436,27,6,2001,Mcomeau,4749.602,6510.156,4749.589,6510.284,34,GA1,31,1,i,75,canner,0,0,0,0,1,1,Simple,,
1437,27,6,2001,Mcomeau,4749.602,6510.156,4749.589,6510.284,34,GA1,31,2,,,,0,0,1,0,1,1,Simple,,
1440,27,6,2001,Mcomeau,4749.602,6510.156,4749.589,6510.284,34,GA1,31,5,f,62,,0,0,1,0,0,0,Simple,,
1441,27,6,2001,Mcomeau,4749.602,6510.156,4749.589,6510.284,34,GA1,31,6,f,45,,0,0,0,0,1,1,Simple,,
1442,27,6,2001,Mcomeau,4749.602,6510.156,4749.589,6510.284,34,GA1,31,7,m,57,,0,0,1,0,0,0,Simple,,
1443,27,6,2001,Mcomeau,4749.602,6510.156,4749.589,6510.284,34,GA1,31,7,i,66,±60,0,0,1,0,0,0,Simple,,
1444,27,6,2001,Mcomeau,4749.602,6510.156,4749.589,6510.284,34,GA1,31,8,f,33,,0,0,1,0,0,0,Simple,,
1448,27,6,2001,Mcomeau,4749.602,6510.156,4749.589,6510.284,34,GA1,31,12,f,47,,0,0,1,0,0,0,Simple,,
1450,27,6,2001,Mcomeau,4749.602,6510.156,4749.589,6510.284,34,GA1,31,14,m,22,,0,0,1,0,0,1,Simple,,
1451,27,6,2001,Mcomeau,4749.602,6510.156,4749.589,6510.284,34,GA1,31,14,m,63,,0,0,1,0,0,1,Simple,,
1452,27,6,2001,Mcomeau,4749.602,6510.156,4749.589,6510.284,34,GA1,31,15,m,47,,0,0,1,0,0,1,Simple,,
1453,27,6,2001,Mcomeau,4749.602,6510.156,4749.589,6510.284,34,GA1,31,16,,,,0,0,1,0,1,1,Simple,,
1454,27,6,2001,Mcomeau,4749.602,6510.156,4749.589,6510.284,34,GA1,31,17,f,41,,0,0,1,0,1,1,Simple,,
1455,27,6,2001,Mcomeau,4749.602,6510.156,4749.589,6510.284,34,GA1,31,18,,,,0,0,1,0,0,1,Simple,,
1456,27,6,2001,Mcomeau,4749.602,6510.156,4749.589,6510.284,34,GA1,31,19,,,,0,0,1,0,0,1,Simple,,
1457,27,6,2001,Mcomeau,4749.602,6510.156,4749.589,6510.284,34,GA1,31,20,m,27,,0,0,1,0,0,1,Simple,,
1458,27,6,2001,Mcomeau,4749.602,6510.156,4749.589,6510.284,34,GA1,31,20,f,45,,0,0,1,0,0,1,Simple,,
1459,27,6,2001,Glandry,4749.602,6510.156,4749.589,6510.284,34,GA1,31,1,f,23,,0,0,1,0,0,1,Simple,,
1460,27,6,2001,Glandry,4749.602,6510.156,4749.589,6510.284,34,GA1,31,2,m,53,,0,0,1,0,0,1,Simple,,
1461,27,6,2001,Glandry,4749.602,6510.156,4749.589,6510.284,34,GA1,31,2,f,47,,0,0,1,0,0,1,Simple,,
1462,27,6,2001,Glandry,4749.602,6510.156,4749.589,6510.284,34,GA1,31,3,f,47,,0,0,1,0,0,1,Simple,,
1463,27,6,2001,Glandry,4749.602,6510.156,4749.589,6510.284,34,GA1,31,3,m,61,,0,0,1,0,0,1,Simple,,
1464,27,6,2001,Glandry,4749.602,6510.156,4749.589,6510.284,34,GA1,31,4,,,,0,0,1,0,0,1,Simple,,
1465,27,6,2001,Glandry,4749.602,6510.156,4749.589,6510.284,34,GA1,31,5,f,53,,0,0,1,0,0,1,Simple,,
1466,27,6,2001,Glandry,4749.602,6510.156,4749.589,6510.284,34,GA1,31,6,m,51,,0,0,1,0,0,1,Simple,,
1467,27,6,2001,Glandry,4749.602,6510.156,4749.589,6510.284,34,GA1,31,6,m,26,,0,0,1,0,0,1,Simple,,
1468,27,6,2001,Glandry,4749.602,6510.156,4749.589,6510.284,34,GA1,31,7,m,62,,0,0,1,0,0,1,Simple,,
1469,27,6,2001,Glandry,4749.602,6510.156,4749.589,6510.284,34,GA1,31,7,f,62,,0,0,1,0,0,1,Simple,,
1470,27,6,2001,Glandry,4749.602,6510.156,4749.589,6510.284,34,GA1,31,8,m,47,,0,0,1,0,0,1,Simple,,
1471,27,6,2001,Glandry,4749.602,6510.156,4749.589,6510.284,34,GA1,31,9,m,62,,0,0,1,0,0,1,Simple,,
1472,27,6,2001,Glandry,4749.602,6510.156,4749.589,6510.284,34,GA1,31,10,,,,0,0,1,0,0,0,Simple,,
1473,27,6,2001,Glandry,4749.602,6510.156,4749.589,6510.284,34,GA1,31,11,f,58,,0,0,1,0,0,1,Simple,,
1474,27,6,2001,Glandry,4749.602,6510.156,4749.589,6510.284,34,GA1,31,12,,,,0,0,1,0,0,1,Simple,,
1475,27,6,2001,Glandry,4749.602,6510.156,4749.589,6510.284,34,GA1,31,13,m,62,,0,0,1,0,0,1,Simple,,
1476,27,6,2001,Glandry,4749.602,6510.156,4749.589,6510.284,34,GA1,31,14,,,,0,0,1,0,0,1,Simple,,
1477,27,6,2001,Glandry,4749.602,6510.156,4749.589,6510.284,34,GA1,31,15,,,,0,0,1,0,0,1,Simple,,
1478,27,6,2001,Glandry,4749.602,6510.156,4749.589,6510.284,34,GA1,31,16,m,38,,0,0,1,0,0,1,Simple,,
1479,27,6,2001,Glandry,4749.602,6510.156,4749.589,6510.284,34,GA1,31,17,m,22,,0,0,1,0,0,1,Simple,,
1480,27,6,2001,Glandry,4749.602,6510.156,4749.589,6510.284,34,GA1,31,18,m,56,,0,0,1,0,0,1,Simple,,
1481,27,6,2001,Glandry,4749.602,6510.156,4749.589,6510.284,34,GA1,31,18,f,65,,0,0,1,0,0,1,Simple,,
1482,27,6,2001,Glandry,4749.602,6510.156,4749.589,6510.284,34,GA1,31,19,m,56,,0,0,1,0,0,1,Simple,,
1483,27,6,2001,Glandry,4749.602,6510.156,4749.589,6510.284,34,GA1,31,19,f,32,,0,0,1,0,0,1,Simple,,
1484,27,6,2001,Glandry,4749.602,6510.156,4749.589,6510.284,34,GA1,31,20,,,,0,0,1,0,0,1,Simple,,
1496,27,6,2001,Bcomeau,4749.547,6510.209,4749.514,6510.271,30,GA1,32,12,m,56,,0,0,0,0,1,1,Simple,,
1497,27,6,2001,Bcomeau,4749.547,6510.209,4749.514,6510.271,30,GA1,32,12,f,47,,0,0,0,0,1,1,Simple,,
1498,27,6,2001,Bcomeau,4749.547,6510.209,4749.514,6510.271,30,GA1,32,13,,,,0,0,1,0,0,1,Simple,,
1499,27,6,2001,Bcomeau,4749.547,6510.209,4749.514,6510.271,30,GA1,32,14,m,62,,0,0,0,0,0,1,Simple,,
1500,27,6,2001,Bcomeau,4749.547,6510.209,4749.514,6510.271,30,GA1,32,15,m,47,,0,0,0,0,1,1,Simple,,
1501,27,6,2001,Bcomeau,4749.547,6510.209,4749.514,6510.271,30,GA1,32,16,,,,0,0,0,0,1,1,Simple,,
1502,27,6,2001,Bcomeau,4749.547,6510.209,4749.514,6510.271,30,GA1,32,17,,,,0,0,0,0,1,1,Simple,,
1503,27,6,2001,Bcomeau,4749.547,6510.209,4749.514,6510.271,30,GA1,32,18,,,,0,0,0,0,1,1,Simple,,
1504,27,6,2001,Bcomeau,4749.547,6510.209,4749.514,6510.271,30,GA1,32,19,,,,0,0,0,0,1,1,Simple,,
1505,27,6,2001,Bcomeau,4749.547,6510.209,4749.514,6510.271,30,GA1,32,20,,,,0,0,0,0,1,1,Simple,,
1518,27,6,2001,Rvienneau,4749.547,6510.209,4749.514,6510.271,30,GA1,32,13,m,45,,0,0,1,0,0,1,Simple,,
1521,27,6,2001,Rvienneau,4749.547,6510.209,4749.514,6510.271,30,GA1,32,16,m,26,,0,0,1,0,0,1,Simple,,
1523,27,6,2001,Rvienneau,4749.547,6510.209,4749.514,6510.271,30,GA1,32,18,,,,0,0,1,0,0,1,Simple,,
1524,27,6,2001,Rvienneau,4749.547,6510.209,4749.514,6510.271,30,GA1,32,19,f,56,,0,0,1,0,0,1,Simple,,
1525,27,6,2001,Rvienneau,4749.547,6510.209,4749.514,6510.271,30,GA1,32,20,f,48,,0,0,1,0,0,1,Simple,,
