Marker,Jour,Mois,Année,Plongeur,Début - lat.,Début - long.,Fin - lat.,Fin - long.,Depth,Site,Transect,section,sexe,LC,Escape,Sa,Va,Du,Al,Gr,Co,Ca,type,commentaire,fond
1,24,7,2006,Bcomeau,4710.931,6504.426,4710.897,6504.363,28,S1,1,1,,,,0,1,0,0,0,0,0,Simple,,
2,24,7,2006,Bcomeau,4710.931,6504.426,4710.897,6504.363,28,S1,1,2,,,,0,1,0,0,0,0,0,Simple,,
3,24,7,2006,Bcomeau,4710.931,6504.426,4710.897,6504.363,28,S1,1,3,,,,0,1,0,0,0,0,0,Simple,,
4,24,7,2006,Bcomeau,4710.931,6504.426,4710.897,6504.363,28,S1,1,4,,,,0,1,0,0,0,0,0,Simple,,
5,24,7,2006,Bcomeau,4710.931,6504.426,4710.897,6504.363,28,S1,1,5,,,,0,1,0,0,0,0,0,Simple,,
6,24,7,2006,Bcomeau,4710.931,6504.426,4710.897,6504.363,28,S1,1,6,,,,0,1,0,0,0,0,0,Simple,,
7,24,7,2006,Bcomeau,4710.931,6504.426,4710.897,6504.363,28,S1,1,7,,,,0,1,0,0,0,0,0,Simple,,
8,24,7,2006,Bcomeau,4710.931,6504.426,4710.897,6504.363,28,S1,1,8,,,,0,1,0,0,0,0,0,Simple,,
9,24,7,2006,Bcomeau,4710.931,6504.426,4710.897,6504.363,28,S1,1,9,f,71,,0,1,0,0,0,0,0,Simple,,
10,24,7,2006,Bcomeau,4710.931,6504.426,4710.897,6504.363,28,S1,1,10,,,,0,1,0,0,0,0,0,Simple,,
11,24,7,2006,Bcomeau,4710.931,6504.426,4710.897,6504.363,28,S1,1,11,,,,0,1,0,0,0,0,0,Simple,,
12,24,7,2006,Bcomeau,4710.931,6504.426,4710.897,6504.363,28,S1,1,12,,,,0,1,0,0,0,0,0,Simple,,
13,24,7,2006,Bcomeau,4710.931,6504.426,4710.897,6504.363,28,S1,1,13,,,,0,1,0,0,0,0,0,Simple,,
14,24,7,2006,Bcomeau,4710.931,6504.426,4710.897,6504.363,28,S1,1,14,,,,0,1,0,0,0,0,0,Simple,,
15,24,7,2006,Bcomeau,4710.931,6504.426,4710.897,6504.363,28,S1,1,15,,,,0,1,0,0,0,0,0,Simple,,
16,24,7,2006,Bcomeau,4710.931,6504.426,4710.897,6504.363,28,S1,1,16,,,,0,1,0,0,0,0,0,Simple,,
17,24,7,2006,Bcomeau,4710.931,6504.426,4710.897,6504.363,28,S1,1,17,,,,0,1,0,0,0,0,0,Simple,,
18,24,7,2006,Bcomeau,4710.931,6504.426,4710.897,6504.363,28,S1,1,18,,,,0,1,0,0,0,0,0,Simple,,
19,24,7,2006,Bcomeau,4710.931,6504.426,4710.897,6504.363,28,S1,1,19,f,31,,0,1,0,0,0,0,0,Simple,,
20,24,7,2006,Bcomeau,4710.931,6504.426,4710.897,6504.363,28,S1,1,20,,,,0,1,0,0,0,0,0,Simple,,
21,24,7,2006,Mcomeau,4710.931,6504.426,4710.897,6504.363,28,S1,1,1,,,,0,1,0,0,0,0,0,Simple,,
22,24,7,2006,Mcomeau,4710.931,6504.426,4710.897,6504.363,28,S1,1,2,,,,0,1,0,0,0,0,0,Simple,,
23,24,7,2006,Mcomeau,4710.931,6504.426,4710.897,6504.363,28,S1,1,3,,,,0,1,0,0,0,0,0,Simple,,
24,24,7,2006,Mcomeau,4710.931,6504.426,4710.897,6504.363,28,S1,1,4,,,,0,1,0,0,0,0,0,Simple,,
25,24,7,2006,Mcomeau,4710.931,6504.426,4710.897,6504.363,28,S1,1,5,,,,0,1,0,0,0,0,0,Simple,,
26,24,7,2006,Mcomeau,4710.931,6504.426,4710.897,6504.363,28,S1,1,6,,,,0,1,0,0,0,0,0,Simple,,
27,24,7,2006,Mcomeau,4710.931,6504.426,4710.897,6504.363,28,S1,1,7,,,,0,1,0,0,0,0,0,Simple,,
28,24,7,2006,Mcomeau,4710.931,6504.426,4710.897,6504.363,28,S1,1,8,,,,0,1,0,0,0,0,0,Simple,,
29,24,7,2006,Mcomeau,4710.931,6504.426,4710.897,6504.363,28,S1,1,9,,,,0,1,0,0,0,0,0,Simple,,
30,24,7,2006,Mcomeau,4710.931,6504.426,4710.897,6504.363,28,S1,1,10,,,,0,1,0,0,0,0,0,Simple,,
31,24,7,2006,Mcomeau,4710.931,6504.426,4710.897,6504.363,28,S1,1,11,,,,0,1,0,0,0,0,0,Simple,,
32,24,7,2006,Mcomeau,4710.931,6504.426,4710.897,6504.363,28,S1,1,12,,,,0,1,0,0,0,0,0,Simple,,Site
33,24,7,2006,Mcomeau,4710.931,6504.426,4710.897,6504.363,28,S1,1,13,,,,0,1,0,0,0,0,0,Simple,,S1T1
34,24,7,2006,Mcomeau,4710.931,6504.426,4710.897,6504.363,28,S1,1,14,,,,0,1,0,0,0,0,0,Simple,,S1T2
35,24,7,2006,Mcomeau,4710.931,6504.426,4710.897,6504.363,28,S1,1,15,,,,0,1,0,0,0,0,0,Simple,,S2T1
36,24,7,2006,Mcomeau,4710.931,6504.426,4710.897,6504.363,28,S1,1,16,,,,0,1,0,0,0,0,0,Simple,,
37,24,7,2006,Mcomeau,4710.931,6504.426,4710.897,6504.363,28,S1,1,17,,,,0,1,0,0,0,0,0,Simple,,
38,24,7,2006,Mcomeau,4710.931,6504.426,4710.897,6504.363,28,S1,1,18,,,,0,1,0,0,0,0,0,Simple,,
39,24,7,2006,Mcomeau,4710.931,6504.426,4710.897,6504.363,28,S1,1,19,,,,0,1,0,0,0,0,0,Simple,,
40,24,7,2006,Mcomeau,4710.931,6504.426,4710.897,6504.363,32,S1,1,20,,,,0,1,0,0,0,0,0,Simple,,
41,24,7,2006,Mcomeau,4710.88,6504.392,4710.85,6504.326,32,S1,2,1,,,,0,1,0,0,0,0,0,Simple,,
42,24,7,2006,Mcomeau,4710.88,6504.392,4710.85,6504.326,32,S1,2,2,,,,0,1,0,0,0,0,0,Simple,,
43,24,7,2006,Mcomeau,4710.88,6504.392,4710.85,6504.326,32,S1,2,3,,,,0,1,0,0,0,0,0,Simple,,
44,24,7,2006,Mcomeau,4710.88,6504.392,4710.85,6504.326,32,S1,2,4,,,,0,1,0,0,0,0,0,Simple,,
45,24,7,2006,Mcomeau,4710.88,6504.392,4710.85,6504.326,32,S1,2,5,,,,0,1,0,0,0,0,0,Simple,,
46,24,7,2006,Mcomeau,4710.88,6504.392,4710.85,6504.326,32,S1,2,6,,,,0,1,0,0,0,0,0,Simple,,
47,24,7,2006,Mcomeau,4710.88,6504.392,4710.85,6504.326,32,S1,2,7,,,,0,1,0,0,0,0,0,Simple,,
48,24,7,2006,Mcomeau,4710.88,6504.392,4710.85,6504.326,32,S1,2,8,,,,0,1,0,0,0,0,0,Simple,,
49,24,7,2006,Mcomeau,4710.88,6504.392,4710.85,6504.326,32,S1,2,9,,,,0,1,0,0,0,0,0,Simple,,
50,24,7,2006,Mcomeau,4710.88,6504.392,4710.85,6504.326,32,S1,2,10,,,,0,1,0,0,0,0,0,Simple,,
51,24,7,2006,Mcomeau,4710.88,6504.392,4710.85,6504.326,32,S1,2,11,,,,0,1,0,0,0,0,0,Simple,,
52,24,7,2006,Mcomeau,4710.88,6504.392,4710.85,6504.326,32,S1,2,12,,,,0,1,0,0,0,0,0,Simple,,
53,24,7,2006,Mcomeau,4710.88,6504.392,4710.85,6504.326,32,S1,2,13,m,63,,0,1,0,0,0,0,0,Simple,,
54,24,7,2006,Mcomeau,4710.88,6504.392,4710.85,6504.326,32,S1,2,14,,,,0,1,0,0,0,0,0,Simple,,
55,24,7,2006,Mcomeau,4710.88,6504.392,4710.85,6504.326,32,S1,2,15,,,,0,1,0,0,0,0,0,Simple,,
56,24,7,2006,Mcomeau,4710.88,6504.392,4710.85,6504.326,32,S1,2,16,b3,81,,0,1,0,0,0,0,0,Simple,,
57,24,7,2006,Mcomeau,4710.88,6504.392,4710.85,6504.326,32,S1,2,16,b3,75,,0,1,0,0,0,0,0,Simple,,
58,24,7,2006,Mcomeau,4710.88,6504.392,4710.85,6504.326,32,S1,2,17,,,,0,1,0,0,0,0,0,Simple,,
59,24,7,2006,Mcomeau,4710.88,6504.392,4710.85,6504.326,32,S1,2,18,,,,0,1,0,0,0,0,0,Simple,,
60,24,7,2006,Mcomeau,4710.88,6504.392,4710.85,6504.326,32,S1,2,19,,,,0,1,0,0,0,0,0,Simple,,
61,24,7,2006,Mcomeau,4710.88,6504.392,4710.85,6504.326,32,S1,2,20,,,,0,1,0,0,0,0,0,Simple,,
62,24,7,2006,Bcomeau,4710.88,6504.392,4710.85,6504.326,32,S1,2,1,,,,0,1,0,0,0,0,0,Simple,,
63,24,7,2006,Bcomeau,4710.88,6504.392,4710.85,6504.326,32,S1,2,2,,,,0,1,0,0,0,0,0,Simple,,
64,24,7,2006,Bcomeau,4710.88,6504.392,4710.85,6504.326,32,S1,2,3,,,,0,1,0,0,0,0,0,Simple,,
65,24,7,2006,Bcomeau,4710.88,6504.392,4710.85,6504.326,32,S1,2,4,,,,0,1,0,0,0,0,0,Simple,,
66,24,7,2006,Bcomeau,4710.88,6504.392,4710.85,6504.326,32,S1,2,5,,,,0,1,0,0,0,0,0,Simple,,
67,24,7,2006,Bcomeau,4710.88,6504.392,4710.85,6504.326,32,S1,2,6,,,,0,1,0,0,0,0,0,Simple,,
68,24,7,2006,Bcomeau,4710.88,6504.392,4710.85,6504.326,32,S1,2,7,,,,0,1,0,0,0,0,0,Simple,,
69,24,7,2006,Bcomeau,4710.88,6504.392,4710.85,6504.326,32,S1,2,8,,,,0,1,0,0,0,0,0,Simple,,
70,24,7,2006,Bcomeau,4710.88,6504.392,4710.85,6504.326,32,S1,2,9,,,,0,1,0,0,0,0,0,Simple,,
71,24,7,2006,Bcomeau,4710.88,6504.392,4710.85,6504.326,32,S1,2,10,,,,0,1,0,0,0,0,0,Simple,,
72,24,7,2006,Bcomeau,4710.88,6504.392,4710.85,6504.326,32,S1,2,11,,,,0,1,0,0,0,0,0,Simple,,
73,24,7,2006,Bcomeau,4710.88,6504.392,4710.85,6504.326,32,S1,2,12,,,,0,1,0,0,0,0,0,Simple,,
74,24,7,2006,Bcomeau,4710.88,6504.392,4710.85,6504.326,32,S1,2,13,,,,0,1,0,0,0,0,0,Simple,,
75,24,7,2006,Bcomeau,4710.88,6504.392,4710.85,6504.326,32,S1,2,14,,,,0,1,0,0,0,0,0,Simple,,
76,24,7,2006,Bcomeau,4710.88,6504.392,4710.85,6504.326,32,S1,2,15,m,80,,0,1,0,0,0,0,0,Simple,,
77,24,7,2006,Bcomeau,4710.88,6504.392,4710.85,6504.326,32,S1,2,16,,,,0,1,0,0,0,0,0,Simple,,
78,24,7,2006,Bcomeau,4710.88,6504.392,4710.85,6504.326,32,S1,2,17,,,,0,1,0,0,0,0,0,Simple,,
79,24,7,2006,Bcomeau,4710.88,6504.392,4710.85,6504.326,32,S1,2,18,,,,0,1,0,0,0,0,0,Simple,,
80,24,7,2006,Bcomeau,4710.88,6504.392,4710.85,6504.326,32,S1,2,19,,,,0,1,0,0,0,0,0,Simple,,
81,24,7,2006,Bcomeau,4710.88,6504.392,4710.85,6504.326,32,S1,2,20,,,,0,1,0,0,0,0,0,Simple,,
82,24,7,2006,Bcomeau,4710.248,6503.744,4710.209,6503.685,36,S2,1,1,,,,0,1,0,0,0,0,0,Simple,,
83,24,7,2006,Bcomeau,4710.248,6503.744,4710.209,6503.685,36,S2,1,2,,,,0,1,0,0,0,0,0,Simple,,
84,24,7,2006,Bcomeau,4710.248,6503.744,4710.209,6503.685,36,S2,1,3,,,,0,1,0,0,0,0,0,Simple,,
85,24,7,2006,Bcomeau,4710.248,6503.744,4710.209,6503.685,36,S2,1,4,,,,0,1,0,0,0,0,0,Simple,,
86,24,7,2006,Bcomeau,4710.248,6503.744,4710.209,6503.685,36,S2,1,5,,,,0,1,0,0,0,0,0,Simple,,
87,24,7,2006,Bcomeau,4710.248,6503.744,4710.209,6503.685,36,S2,1,6,,,,0,1,0,0,0,0,0,Simple,,
88,24,7,2006,Bcomeau,4710.248,6503.744,4710.209,6503.685,36,S2,1,7,,,,0,1,0,0,0,0,0,Simple,,
89,24,7,2006,Bcomeau,4710.248,6503.744,4710.209,6503.685,36,S2,1,8,,,,0,1,0,0,0,0,0,Simple,,
90,24,7,2006,Bcomeau,4710.248,6503.744,4710.209,6503.685,36,S2,1,9,m,65,,0,1,0,0,0,0,0,Simple,,
91,24,7,2006,Bcomeau,4710.248,6503.744,4710.209,6503.685,36,S2,1,10,,,,0,1,0,0,0,0,0,Simple,,
92,24,7,2006,Bcomeau,4710.248,6503.744,4710.209,6503.685,36,S2,1,11,,,,0,1,0,0,0,0,0,Simple,,
93,24,7,2006,Bcomeau,4710.248,6503.744,4710.209,6503.685,36,S2,1,12,,,,0,1,0,0,0,0,0,Simple,,
94,24,7,2006,Bcomeau,4710.248,6503.744,4710.209,6503.685,36,S2,1,13,,,,0,1,0,0,0,0,0,Simple,,
95,24,7,2006,Bcomeau,4710.248,6503.744,4710.209,6503.685,36,S2,1,14,m,42,,0,1,0,0,0,0,0,Simple,,
96,24,7,2006,Bcomeau,4710.248,6503.744,4710.209,6503.685,36,S2,1,15,,,,0,1,0,0,0,0,0,Simple,,
97,24,7,2006,Bcomeau,4710.248,6503.744,4710.209,6503.685,36,S2,1,16,,,,0,1,0,0,0,0,0,Simple,,
98,24,7,2006,Bcomeau,4710.248,6503.744,4710.209,6503.685,36,S2,1,17,,,,0,1,0,0,0,0,0,Simple,,
99,24,7,2006,Bcomeau,4710.248,6503.744,4710.209,6503.685,36,S2,1,18,,,,0,1,0,0,0,0,0,Simple,,
100,24,7,2006,Bcomeau,4710.248,6503.744,4710.209,6503.685,36,S2,1,19,,,,0,1,0,0,0,0,0,Simple,,
101,24,7,2006,Bcomeau,4710.248,6503.744,4710.209,6503.685,36,S2,1,20,,,,0,1,0,0,0,0,0,Simple,,
102,24,7,2006,Dgiard,4710.248,6503.744,4710.209,6503.685,36,S2,1,1,,,,0,1,0,0,0,0,0,Simple,,
103,24,7,2006,Dgiard,4710.248,6503.744,4710.209,6503.685,36,S2,1,2,,,,0,1,0,0,0,0,0,Simple,,
104,24,7,2006,Dgiard,4710.248,6503.744,4710.209,6503.685,36,S2,1,3,,,,0,1,0,0,0,0,0,Simple,,
105,24,7,2006,Dgiard,4710.248,6503.744,4710.209,6503.685,36,S2,1,4,,,,0,1,0,0,0,0,0,Simple,,
106,24,7,2006,Dgiard,4710.248,6503.744,4710.209,6503.685,36,S2,1,5,,,,0,1,0,0,0,0,0,Simple,,
107,24,7,2006,Dgiard,4710.248,6503.744,4710.209,6503.685,36,S2,1,6,,,,0,1,0,0,0,0,0,Simple,,
108,24,7,2006,Dgiard,4710.248,6503.744,4710.209,6503.685,36,S2,1,7,,,,0,1,0,0,0,0,0,Simple,,
109,24,7,2006,Dgiard,4710.248,6503.744,4710.209,6503.685,36,S2,1,8,m,65,,0,1,0,0,0,0,0,Simple,,
110,24,7,2006,Dgiard,4710.248,6503.744,4710.209,6503.685,36,S2,1,9,,,,0,1,0,0,0,0,0,Simple,,
111,24,7,2006,Dgiard,4710.248,6503.744,4710.209,6503.685,36,S2,1,10,,,,0,1,0,0,0,0,0,Simple,,
112,24,7,2006,Dgiard,4710.248,6503.744,4710.209,6503.685,36,S2,1,11,,,,0,1,0,0,0,0,0,Simple,,
113,24,7,2006,Dgiard,4710.248,6503.744,4710.209,6503.685,36,S2,1,12,,,,0,1,0,0,0,0,0,Simple,,
114,24,7,2006,Dgiard,4710.248,6503.744,4710.209,6503.685,36,S2,1,13,m,65,,0,1,0,0,0,0,0,Simple,,
115,24,7,2006,Dgiard,4710.248,6503.744,4710.209,6503.685,36,S2,1,14,,,,0,1,0,0,0,0,0,Simple,,
116,24,7,2006,Dgiard,4710.248,6503.744,4710.209,6503.685,36,S2,1,15,f,75,,0,1,0,0,0,0,0,Simple,,
117,24,7,2006,Dgiard,4710.248,6503.744,4710.209,6503.685,36,S2,1,16,,,,0,1,0,0,0,0,0,Simple,,
118,24,7,2006,Dgiard,4710.248,6503.744,4710.209,6503.685,36,S2,1,17,,,,0,1,0,0,0,0,0,Simple,,
119,24,7,2006,Dgiard,4710.248,6503.744,4710.209,6503.685,36,S2,1,18,,,,0,1,0,0,0,0,0,Simple,,
120,24,7,2006,Dgiard,4710.248,6503.744,4710.209,6503.685,36,S2,1,19,,,,0,1,0,0,0,0,0,Simple,,
121,24,7,2006,Dgiard,4710.248,6503.744,4710.209,6503.685,36,S2,1,20,,,,0,1,0,0,0,0,0,Simple,,
122,24,7,2006,Dgiard,,4709.982,6503.536,4709.93,6503.504,S2,2,1,m,63,,0,1,0,0,0,0,0,Simple,,
123,24,7,2006,Dgiard,4709.982,6503.536,4709.93,6503.504,34,S2,2,2,,,,0,1,0,0,0,0,0,Simple,,
124,24,7,2006,Dgiard,4709.982,6503.536,4709.93,6503.504,34,S2,2,3,,,,0,1,0,0,0,0,0,Simple,,
125,24,7,2006,Dgiard,4709.982,6503.536,4709.93,6503.504,34,S2,2,4,,,,0,1,0,0,0,0,0,Simple,,
126,24,7,2006,Dgiard,4709.982,6503.536,4709.93,6503.504,34,S2,2,5,m,35,,0,1,0,0,0,0,0,Simple,,
127,24,7,2006,Dgiard,4709.982,6503.536,4709.93,6503.504,34,S2,2,5,m,60,,0,1,0,0,0,0,0,Simple,,
128,24,7,2006,Dgiard,4709.982,6503.536,4709.93,6503.504,34,S2,2,6,,,,0,1,0,0,0,0,0,Simple,,
129,24,7,2006,Dgiard,4709.982,6503.536,4709.93,6503.504,34,S2,2,7,,,,0,1,0,0,0,0,0,Simple,,
130,24,7,2006,Dgiard,4709.982,6503.536,4709.93,6503.504,34,S2,2,8,,,,0,1,0,0,0,0,0,Simple,,
131,24,7,2006,Dgiard,4709.982,6503.536,4709.93,6503.504,34,S2,2,9,,,,0,1,0,0,0,0,0,Simple,,
132,24,7,2006,Dgiard,4709.982,6503.536,4709.93,6503.504,34,S2,2,10,m,103,,0,1,0,0,0,0,0,Simple,,
133,24,7,2006,Dgiard,4709.982,6503.536,4709.93,6503.504,34,S2,2,11,,,,0,1,0,0,0,0,0,Simple,,
134,24,7,2006,Dgiard,4709.982,6503.536,4709.93,6503.504,34,S2,2,12,,,,0,1,0,0,0,0,0,Simple,,
135,24,7,2006,Dgiard,4709.982,6503.536,4709.93,6503.504,34,S2,2,13,,,,0,1,0,0,0,0,0,Simple,,
136,24,7,2006,Dgiard,4709.982,6503.536,4709.93,6503.504,34,S2,2,14,,,,0,1,0,0,0,0,0,Simple,,
137,24,7,2006,Dgiard,4709.982,6503.536,4709.93,6503.504,34,S2,2,15,,,,0,1,0,0,0,0,0,Simple,,
138,24,7,2006,Dgiard,4709.982,6503.536,4709.93,6503.504,34,S2,2,16,,,,0,1,0,0,0,0,0,Simple,,
139,24,7,2006,Dgiard,4709.982,6503.536,4709.93,6503.504,34,S2,2,17,,,,0,1,0,0,0,0,0,Simple,,
140,24,7,2006,Dgiard,4709.982,6503.536,4709.93,6503.504,34,S2,2,18,,,,0,1,0,0,0,0,0,Simple,,
141,24,7,2006,Dgiard,4709.982,6503.536,4709.93,6503.504,34,S2,2,19,m,35,,0,1,0,0,0,0,0,Simple,,
142,24,7,2006,Dgiard,4709.982,6503.536,4709.93,6503.504,34,S2,2,20,,,,0,1,0,0,0,0,0,Simple,,
143,24,7,2006,Bcomeau,4709.982,6503.536,4709.93,6503.504,34,S2,2,1,,,,0,1,0,0,0,0,0,Simple,,
144,24,7,2006,Bcomeau,4709.982,6503.536,4709.93,6503.504,34,S2,2,2,,,,0,1,0,0,0,0,0,Simple,,
145,24,7,2006,Bcomeau,4709.982,6503.536,4709.93,6503.504,34,S2,2,3,,,,0,1,0,0,0,0,0,Simple,,
146,24,7,2006,Bcomeau,4709.982,6503.536,4709.93,6503.504,34,S2,2,4,,,,0,1,0,0,0,0,0,Simple,,
147,24,7,2006,Bcomeau,4709.982,6503.536,4709.93,6503.504,34,S2,2,5,,,,0,1,0,0,0,0,0,Simple,,
148,24,7,2006,Bcomeau,4709.982,6503.536,4709.93,6503.504,34,S2,2,6,,,,0,1,0,0,0,0,0,Simple,,
149,24,7,2006,Bcomeau,4709.982,6503.536,4709.93,6503.504,34,S2,2,7,,,,0,1,0,0,0,0,0,Simple,,
150,24,7,2006,Bcomeau,4709.982,6503.536,4709.93,6503.504,34,S2,2,8,,,,0,1,0,0,0,0,0,Simple,,
151,24,7,2006,Bcomeau,4709.982,6503.536,4709.93,6503.504,34,S2,2,9,,,,0,1,0,0,0,0,0,Simple,,
152,24,7,2006,Bcomeau,4709.982,6503.536,4709.93,6503.504,34,S2,2,10,,,,0,1,0,0,0,0,0,Simple,,
153,24,7,2006,Bcomeau,4709.982,6503.536,4709.93,6503.504,34,S2,2,11,,,,0,1,0,0,0,0,0,Simple,,
154,24,7,2006,Bcomeau,4709.982,6503.536,4709.93,6503.504,34,S2,2,12,,,,0,1,0,0,0,0,0,Simple,,
155,24,7,2006,Bcomeau,4709.982,6503.536,4709.93,6503.504,34,S2,2,13,f,62,,0,1,0,0,0,0,0,Simple,,
156,24,7,2006,Bcomeau,4709.982,6503.536,4709.93,6503.504,34,S2,2,14,,,,0,1,0,0,0,0,0,Simple,,
157,24,7,2006,Bcomeau,4709.982,6503.536,4709.93,6503.504,34,S2,2,15,,,,0,1,0,0,0,0,0,Simple,,
158,24,7,2006,Bcomeau,4709.982,6503.536,4709.93,6503.504,34,S2,2,16,,,,0,1,0,0,0,0,0,Simple,,
159,24,7,2006,Bcomeau,4709.982,6503.536,4709.93,6503.504,34,S2,2,17,,,,0,1,0,0,0,0,0,Simple,,
160,24,7,2006,Bcomeau,4709.982,6503.536,4709.93,6503.504,34,S2,2,18,,,,0,1,0,0,0,0,0,Simple,,
161,24,7,2006,Bcomeau,4709.982,6503.536,4709.93,6503.504,34,S2,2,19,m,64,,0,1,0,0,0,0,0,Simple,,
162,24,7,2006,Bcomeau,4709.982,6503.536,4709.93,6503.504,34,S2,2,20,f,71,,0,1,0,0,0,0,0,Simple,,
163,24,7,2006,Bcomeau,4709.982,6503.536,4709.93,6503.504,34,S2,2,20,f,57,,0,1,0,0,0,0,0,Simple,,
164,25,7,2006,Fsavoie,4711.014,6508.307,4710.969,6508.356,16,S3,1,1,,,,0,1,0,0,0,0,0,Simple,,
165,25,7,2006,Fsavoie,4711.014,6508.307,4710.969,6508.356,16,S3,1,2,,,,0,1,0,0,0,0,0,Simple,,
166,25,7,2006,Fsavoie,4711.014,6508.307,4710.969,6508.356,16,S3,1,3,,,,0,1,0,0,0,0,0,Simple,,
167,25,7,2006,Fsavoie,4711.014,6508.307,4710.969,6508.356,16,S3,1,4,,,,0,1,0,0,0,0,0,Simple,,
168,25,7,2006,Fsavoie,4711.014,6508.307,4710.969,6508.356,16,S3,1,5,,,,0,1,0,0,0,0,0,Simple,,
169,25,7,2006,Fsavoie,4711.014,6508.307,4710.969,6508.356,16,S3,1,6,,,,0,1,0,0,0,0,0,Simple,,
170,25,7,2006,Fsavoie,4711.014,6508.307,4710.969,6508.356,16,S3,1,7,,,,0,1,0,0,0,0,0,Simple,,
171,25,7,2006,Fsavoie,4711.014,6508.307,4710.969,6508.356,16,S3,1,8,,,,0,1,0,0,0,0,0,Simple,,
172,25,7,2006,Fsavoie,4711.014,6508.307,4710.969,6508.356,16,S3,1,9,,,,0,1,0,0,0,0,0,Simple,,
173,25,7,2006,Fsavoie,4711.014,6508.307,4710.969,6508.356,16,S3,1,10,,,,0,1,0,0,0,0,0,Simple,,
174,25,7,2006,Fsavoie,4711.014,6508.307,4710.969,6508.356,16,S3,1,11,,,,0,1,0,0,0,0,0,Simple,,
175,25,7,2006,Fsavoie,4711.014,6508.307,4710.969,6508.356,16,S3,1,12,,,,0,1,0,0,0,0,0,Simple,,
176,25,7,2006,Fsavoie,4711.014,6508.307,4710.969,6508.356,16,S3,1,13,,,,0,1,0,0,0,0,0,Simple,,
177,25,7,2006,Fsavoie,4711.014,6508.307,4710.969,6508.356,16,S3,1,14,,,,0,1,0,0,0,0,0,Simple,,
178,25,7,2006,Fsavoie,4711.014,6508.307,4710.969,6508.356,16,S3,1,15,,,,0,1,0,0,0,0,0,Simple,,
179,25,7,2006,Fsavoie,4711.014,6508.307,4710.969,6508.356,16,S3,1,16,,,,0,1,0,0,0,0,0,Simple,,
180,25,7,2006,Fsavoie,4711.014,6508.307,4710.969,6508.356,16,S3,1,17,,,,0,1,0,0,0,0,0,Simple,,
181,25,7,2006,Fsavoie,4711.014,6508.307,4710.969,6508.356,16,S3,1,18,,,,0,1,0,0,0,0,0,Simple,,
182,25,7,2006,Fsavoie,4711.014,6508.307,4710.969,6508.356,16,S3,1,19,,,,0,1,0,0,0,0,0,Simple,,
183,25,7,2006,Fsavoie,4711.014,6508.307,4710.969,6508.356,16,S3,1,20,,,,0,1,0,0,0,0,0,Simple,,
184,25,7,2006,Grobichaud,4711.014,6508.307,4710.969,6508.356,16,S3,1,1,,,,0,1,0,0,0,0,0,Simple,,
185,25,7,2006,Grobichaud,4711.014,6508.307,4710.969,6508.356,16,S3,1,2,,,,0,1,0,0,0,0,0,Simple,,
186,25,7,2006,Grobichaud,4711.014,6508.307,4710.969,6508.356,16,S3,1,3,,,,0,1,0,0,0,0,0,Simple,LS,
187,25,7,2006,Grobichaud,4711.014,6508.307,4710.969,6508.356,16,S3,1,4,,,,0,1,0,0,0,0,0,Simple,,
188,25,7,2006,Grobichaud,4711.014,6508.307,4710.969,6508.356,16,S3,1,5,,,,0,1,0,0,0,0,0,Simple,,
189,25,7,2006,Grobichaud,4711.014,6508.307,4710.969,6508.356,16,S3,1,6,m,55,,0,1,0,0,0,0,0,Simple,,
190,25,7,2006,Grobichaud,4711.014,6508.307,4710.969,6508.356,16,S3,1,7,,,,0,1,0,0,0,0,0,Simple,,
191,25,7,2006,Grobichaud,4711.014,6508.307,4710.969,6508.356,16,S3,1,8,m,65,,0,1,0,0,0,0,0,Simple,,
192,25,7,2006,Grobichaud,4711.014,6508.307,4710.969,6508.356,16,S3,1,9,,,,0,1,0,0,0,0,0,Simple,,
193,25,7,2006,Grobichaud,4711.014,6508.307,4710.969,6508.356,16,S3,1,10,,,,0,1,0,0,0,0,0,Simple,,
194,25,7,2006,Grobichaud,4711.014,6508.307,4710.969,6508.356,16,S3,1,11,,,,0,1,0,0,0,0,0,Simple,,
195,25,7,2006,Grobichaud,4711.014,6508.307,4710.969,6508.356,16,S3,1,12,,,,0,1,0,0,0,0,0,Simple,,
196,25,7,2006,Grobichaud,4711.014,6508.307,4710.969,6508.356,16,S3,1,13,,,,0,1,0,0,0,0,0,Simple,,
197,25,7,2006,Grobichaud,4711.014,6508.307,4710.969,6508.356,16,S3,1,14,,,,0,1,0,0,0,0,0,Simple,,
198,25,7,2006,Grobichaud,4711.014,6508.307,4710.969,6508.356,16,S3,1,15,,,,0,1,0,0,0,0,0,Simple,,
199,25,7,2006,Grobichaud,4711.014,6508.307,4710.969,6508.356,16,S3,1,16,,,,0,1,0,0,0,0,0,Simple,,
200,25,7,2006,Grobichaud,4711.014,6508.307,4710.969,6508.356,16,S3,1,17,,,,0,1,0,0,0,0,0,Simple,,
201,25,7,2006,Grobichaud,4711.014,6508.307,4710.969,6508.356,16,S3,1,18,,,,0,1,0,0,0,0,0,Simple,,
202,25,7,2006,Grobichaud,4711.014,6508.307,4710.969,6508.356,16,S3,1,19,,,,0,1,0,0,0,0,0,Simple,,
203,25,7,2006,Grobichaud,4711.014,6508.307,4710.969,6508.356,16,S3,1,20,,,,0,1,0,0,0,0,0,Simple,,
204,25,7,2006,Mcomeau,4711.1,6508.203,4711.057,6508.252,16,S3,2,1,,,,0,1,0,0,0,0,0,Simple,,
205,25,7,2006,Mcomeau,4711.1,6508.203,4711.057,6508.252,16,S3,2,2,,,,0,1,0,0,0,0,0,Simple,,
206,25,7,2006,Mcomeau,4711.1,6508.203,4711.057,6508.252,16,S3,2,3,,,,0,1,0,0,0,0,0,Simple,,
207,25,7,2006,Mcomeau,4711.1,6508.203,4711.057,6508.252,16,S3,2,4,,,,0,1,0,0,0,0,0,Simple,,
208,25,7,2006,Mcomeau,4711.1,6508.203,4711.057,6508.252,16,S3,2,5,,,,0,1,0,0,0,0,0,Simple,,
209,25,7,2006,Mcomeau,4711.1,6508.203,4711.057,6508.252,16,S3,2,6,,,,0,1,0,0,0,0,0,Simple,,
210,25,7,2006,Mcomeau,4711.1,6508.203,4711.057,6508.252,16,S3,2,7,m,70,,0,1,0,0,0,0,1,Simple,,
211,25,7,2006,Mcomeau,4711.1,6508.203,4711.057,6508.252,16,S3,2,8,,,,0,1,0,0,0,0,0,Simple,,
212,25,7,2006,Mcomeau,4711.1,6508.203,4711.057,6508.252,16,S3,2,9,,,,0,1,0,0,0,0,0,Simple,,
213,25,7,2006,Mcomeau,4711.1,6508.203,4711.057,6508.252,16,S3,2,10,,,,0,1,0,0,0,0,0,Simple,,
214,25,7,2006,Mcomeau,4711.1,6508.203,4711.057,6508.252,16,S3,2,11,,,,0,1,0,0,0,0,0,Simple,,
215,25,7,2006,Mcomeau,4711.1,6508.203,4711.057,6508.252,16,S3,2,12,m,75,,0,1,0,0,0,0,1,Simple,,
216,25,7,2006,Mcomeau,4711.1,6508.203,4711.057,6508.252,16,S3,2,12,m,75,,0,1,0,0,0,0,1,Simple,,
217,25,7,2006,Mcomeau,4711.1,6508.203,4711.057,6508.252,16,S3,2,13,,,,0,1,0,0,0,0,1,Simple,LS,
218,25,7,2006,Mcomeau,4711.1,6508.203,4711.057,6508.252,16,S3,2,14,m,76,,0,1,0,0,0,0,1,Simple,,
219,25,7,2006,Mcomeau,4711.1,6508.203,4711.057,6508.252,16,S3,2,15,,,,0,1,0,0,0,0,0,Simple,,
220,25,7,2006,Mcomeau,4711.1,6508.203,4711.057,6508.252,16,S3,2,16,m,32,,0,1,0,0,0,0,1,Simple,,
221,25,7,2006,Mcomeau,4711.1,6508.203,4711.057,6508.252,16,S3,2,16,m,57,,0,1,0,0,0,0,1,Simple,,
222,25,7,2006,Mcomeau,4711.1,6508.203,4711.057,6508.252,16,S3,2,17,,,,0,1,0,0,0,0,0,Simple,,
223,25,7,2006,Mcomeau,4711.1,6508.203,4711.057,6508.252,16,S3,2,18,,,,0,1,0,0,0,0,0,Simple,,
224,25,7,2006,Mcomeau,4711.1,6508.203,4711.057,6508.252,16,S3,2,19,m,52,,0,1,0,0,0,0,1,Simple,,
225,25,7,2006,Mcomeau,4711.1,6508.203,4711.057,6508.252,16,S3,2,20,,,,0,1,0,0,0,0,1,Simple,,
226,25,7,2006,Gpaulin,4711.1,6508.203,4711.057,6508.252,16,S3,2,1,,,,0,1,0,0,0,0,0,Simple,,
227,25,7,2006,Gpaulin,4711.1,6508.203,4711.057,6508.252,16,S3,2,2,,,,0,1,0,0,0,0,0,Simple,,
228,25,7,2006,Gpaulin,4711.1,6508.203,4711.057,6508.252,16,S3,2,3,,,,0,1,0,0,0,0,0,Simple,,
229,25,7,2006,Gpaulin,4711.1,6508.203,4711.057,6508.252,16,S3,2,4,,,,0,1,0,0,0,0,0,Simple,,
230,25,7,2006,Gpaulin,4711.1,6508.203,4711.057,6508.252,16,S3,2,5,m,70,,0,1,0,0,0,0,1,Simple,,
231,25,7,2006,Gpaulin,4711.1,6508.203,4711.057,6508.252,16,S3,2,6,,,,0,1,0,0,0,0,0,Simple,,
232,25,7,2006,Gpaulin,4711.1,6508.203,4711.057,6508.252,16,S3,2,7,,,,0,1,0,0,0,0,0,Simple,,
233,25,7,2006,Gpaulin,4711.1,6508.203,4711.057,6508.252,16,S3,2,8,,,,0,1,0,0,0,0,0,Simple,,
234,25,7,2006,Gpaulin,4711.1,6508.203,4711.057,6508.252,16,S3,2,9,f,65,,0,1,0,0,0,0,1,Simple,,
235,25,7,2006,Gpaulin,4711.1,6508.203,4711.057,6508.252,16,S3,2,10,,,,0,1,0,0,0,0,0,Simple,,
236,25,7,2006,Gpaulin,4711.1,6508.203,4711.057,6508.252,16,S3,2,11,m,70,,0,1,0,0,0,0,1,Simple,,
237,25,7,2006,Gpaulin,4711.1,6508.203,4711.057,6508.252,16,S3,2,12,,,,0,1,0,0,0,0,0,Simple,,
238,25,7,2006,Gpaulin,4711.1,6508.203,4711.057,6508.252,16,S3,2,13,,,,0,1,0,0,0,0,0,Simple,,
239,25,7,2006,Gpaulin,4711.1,6508.203,4711.057,6508.252,16,S3,2,14,f,60,,0,1,0,0,0,0,1,Simple,,
240,25,7,2006,Gpaulin,4711.1,6508.203,4711.057,6508.252,16,S3,2,15,,,,0,1,0,0,0,0,0,Simple,,
241,25,7,2006,Gpaulin,4711.1,6508.203,4711.057,6508.252,16,S3,2,16,,,,0,1,0,0,0,0,0,Simple,,
242,25,7,2006,Gpaulin,4711.1,6508.203,4711.057,6508.252,16,S3,2,17,,,,0,1,0,0,0,0,0,Simple,,
243,25,7,2006,Gpaulin,4711.1,6508.203,4711.057,6508.252,16,S3,2,18,,,,0,1,0,0,0,0,0,Simple,,
244,25,7,2006,Gpaulin,4711.1,6508.203,4711.057,6508.252,16,S3,2,19,m,60,,0,1,0,0,0,0,1,Simple,,
245,25,7,2006,Gpaulin,4711.1,6508.203,4711.057,6508.252,16,S3,2,20,,,,0,1,0,0,0,0,0,Simple,,
246,25,7,2006,Bcomeau,4713.385,6503.717,4713.344,6503.768,12,S4,2,1,,,,0,1,0,0,0,0,0,Simple,,
247,25,7,2006,Bcomeau,4713.385,6503.717,4713.344,6503.768,12,S4,2,2,,,,0,1,0,0,0,0,0,Simple,,
248,25,7,2006,Bcomeau,4713.385,6503.717,4713.344,6503.768,12,S4,2,3,,,,0,1,0,0,0,0,0,Simple,,
249,25,7,2006,Bcomeau,4713.385,6503.717,4713.344,6503.768,12,S4,2,4,,,,0,1,0,0,0,0,0,Simple,,
250,25,7,2006,Bcomeau,4713.385,6503.717,4713.344,6503.768,12,S4,2,5,,,,0,1,0,0,0,0,0,Simple,,
251,25,7,2006,Bcomeau,4713.385,6503.717,4713.344,6503.768,12,S4,2,6,,,,0,1,0,0,0,0,0,Simple,,
252,25,7,2006,Bcomeau,4713.385,6503.717,4713.344,6503.768,12,S4,2,7,,,,0,1,0,0,0,0,0,Simple,,
253,25,7,2006,Bcomeau,4713.385,6503.717,4713.344,6503.768,12,S4,2,8,,,,0,1,0,0,0,0,0,Simple,,
254,25,7,2006,Bcomeau,4713.385,6503.717,4713.344,6503.768,12,S4,2,9,,,,0,1,0,0,0,0,0,Simple,,
255,25,7,2006,Bcomeau,4713.385,6503.717,4713.344,6503.768,12,S4,2,10,,,,0,1,0,0,0,0,0,Simple,,
256,25,7,2006,Bcomeau,4713.385,6503.717,4713.344,6503.768,12,S4,2,11,,,,0,1,0,0,0,0,0,Simple,,
257,25,7,2006,Bcomeau,4713.385,6503.717,4713.344,6503.768,12,S4,2,12,,,,0,1,0,0,0,0,0,Simple,,
258,25,7,2006,Bcomeau,4713.385,6503.717,4713.344,6503.768,12,S4,2,13,,,,0,1,0,0,0,0,0,Simple,,
259,25,7,2006,Bcomeau,4713.385,6503.717,4713.344,6503.768,12,S4,2,14,,,,0,1,0,0,0,0,0,Simple,,
260,25,7,2006,Bcomeau,4713.385,6503.717,4713.344,6503.768,12,S4,2,15,,,,0,1,0,0,0,0,0,Simple,,
261,25,7,2006,Bcomeau,4713.385,6503.717,4713.344,6503.768,12,S4,2,16,,,,0,1,0,0,0,0,0,Simple,,
262,25,7,2006,Bcomeau,4713.385,6503.717,4713.344,6503.768,12,S4,2,17,,,,0,1,0,0,0,0,0,Simple,,
263,25,7,2006,Bcomeau,4713.385,6503.717,4713.344,6503.768,12,S4,2,18,,,,0,1,0,0,0,0,0,Simple,,
264,25,7,2006,Bcomeau,4713.385,6503.717,4713.344,6503.768,12,S4,2,19,,,,0,1,0,0,0,0,0,Simple,,
265,25,7,2006,Bcomeau,4713.385,6503.717,4713.344,6503.768,12,S4,2,20,,,,0,1,0,0,0,0,0,Simple,,
266,25,7,2006,Mcomeau,4713.385,6503.717,4713.344,6503.768,12,S4,2,1,,,,0,1,0,0,0,0,0,Simple,,
267,25,7,2006,Mcomeau,4713.385,6503.717,4713.344,6503.768,12,S4,2,2,,,,0,1,0,0,0,0,0,Simple,,
268,25,7,2006,Mcomeau,4713.385,6503.717,4713.344,6503.768,12,S4,2,3,,,,0,1,0,0,0,0,0,Simple,,
269,25,7,2006,Mcomeau,4713.385,6503.717,4713.344,6503.768,12,S4,2,4,,,,0,1,0,0,0,0,0,Simple,,
270,25,7,2006,Mcomeau,4713.385,6503.717,4713.344,6503.768,12,S4,2,5,,,,0,1,0,0,0,0,0,Simple,,
271,25,7,2006,Mcomeau,4713.385,6503.717,4713.344,6503.768,12,S4,2,6,,,,0,1,0,0,0,0,0,Simple,,
272,25,7,2006,Mcomeau,4713.385,6503.717,4713.344,6503.768,12,S4,2,7,,,,0,1,0,0,0,0,0,Simple,,
273,25,7,2006,Mcomeau,4713.385,6503.717,4713.344,6503.768,12,S4,2,8,,,,0,1,0,0,0,0,0,Simple,,
274,25,7,2006,Mcomeau,4713.385,6503.717,4713.344,6503.768,12,S4,2,9,,,,0,1,0,0,0,0,0,Simple,,
275,25,7,2006,Mcomeau,4713.385,6503.717,4713.344,6503.768,12,S4,2,10,,,,0,1,0,0,0,0,0,Simple,,
276,25,7,2006,Mcomeau,4713.385,6503.717,4713.344,6503.768,12,S4,2,11,,,,0,1,0,0,0,0,0,Simple,,
277,25,7,2006,Mcomeau,4713.385,6503.717,4713.344,6503.768,12,S4,2,12,,,,0,1,0,0,0,0,0,Simple,,
278,25,7,2006,Mcomeau,4713.385,6503.717,4713.344,6503.768,12,S4,2,13,,,,0,1,0,0,0,0,0,Simple,,
279,25,7,2006,Mcomeau,4713.385,6503.717,4713.344,6503.768,12,S4,2,14,,,,0,1,0,0,0,0,0,Simple,,
280,25,7,2006,Mcomeau,4713.385,6503.717,4713.344,6503.768,12,S4,2,15,,,,0,1,0,0,0,0,0,Simple,,
281,25,7,2006,Mcomeau,4713.385,6503.717,4713.344,6503.768,12,S4,2,16,,,,0,1,0,0,0,0,0,Simple,,
282,25,7,2006,Mcomeau,4713.385,6503.717,4713.344,6503.768,12,S4,2,17,,,,0,1,0,0,0,0,0,Simple,,
283,25,7,2006,Mcomeau,4713.385,6503.717,4713.344,6503.768,12,S4,2,18,,,,0,1,0,0,0,0,0,Simple,,
284,25,7,2006,Mcomeau,4713.385,6503.717,4713.344,6503.768,12,S4,2,19,,,,0,1,0,0,0,0,0,Simple,,
285,25,7,2006,Mcomeau,4713.385,6503.717,4713.344,6503.768,12,S4,2,20,,,,0,1,0,0,0,0,0,Simple,,
286,25,7,2006,Fsavoie,4713.406,6503.816,4713.35,6503.83,12,S4,1,1,m,75,,0,1,0,0,1,1,0,Simple,,
287,25,7,2006,Fsavoie,4713.406,6503.816,4713.35,6503.83,12,S4,1,2,,,,0,1,0,0,1,1,0,Simple,,
288,25,7,2006,Fsavoie,4713.406,6503.816,4713.35,6503.83,12,S4,1,3,m,77,,0,1,0,0,1,1,0,Simple,,
289,25,7,2006,Fsavoie,4713.406,6503.816,4713.35,6503.83,12,S4,1,4,m,25,,0,1,0,0,1,1,0,Simple,,
290,25,7,2006,Fsavoie,4713.406,6503.816,4713.35,6503.83,12,S4,1,5,,,,0,1,0,0,0,0,0,Simple,,
291,25,7,2006,Fsavoie,4713.406,6503.816,4713.35,6503.83,12,S4,1,6,,,,0,1,0,0,0,0,0,Simple,,
292,25,7,2006,Fsavoie,4713.406,6503.816,4713.35,6503.83,12,S4,1,7,,,,0,1,0,0,0,0,0,Simple,,
293,25,7,2006,Fsavoie,4713.406,6503.816,4713.35,6503.83,12,S4,1,8,,,,0,1,0,0,0,0,0,Simple,,
294,25,7,2006,Fsavoie,4713.406,6503.816,4713.35,6503.83,12,S4,1,9,,,,0,1,0,0,0,0,0,Simple,,
295,25,7,2006,Fsavoie,4713.406,6503.816,4713.35,6503.83,12,S4,1,10,,,,0,1,0,0,0,0,0,Simple,,
296,25,7,2006,Fsavoie,4713.406,6503.816,4713.35,6503.83,12,S4,1,11,,,,0,1,0,0,1,0,1,Simple,,
297,25,7,2006,Fsavoie,4713.406,6503.816,4713.35,6503.83,12,S4,1,12,i,13,,0,1,0,0,1,0,1,Simple,,
298,25,7,2006,Fsavoie,4713.406,6503.816,4713.35,6503.83,12,S4,1,12,m,45,,0,1,0,0,1,0,1,Simple,,
299,25,7,2006,Fsavoie,4713.406,6503.816,4713.35,6503.83,12,S4,1,13,i,19,,0,1,0,0,1,0,1,Simple,,
300,25,7,2006,Fsavoie,4713.406,6503.816,4713.35,6503.83,12,S4,1,13,m,26,,0,1,0,0,1,0,1,Simple,,
301,25,7,2006,Fsavoie,4713.406,6503.816,4713.35,6503.83,12,S4,1,14,,,,0,1,0,0,1,0,0,Simple,,
302,25,7,2006,Fsavoie,4713.406,6503.816,4713.35,6503.83,12,S4,1,15,,,,0,1,0,0,0,0,0,Simple,,
303,25,7,2006,Fsavoie,4713.406,6503.816,4713.35,6503.83,12,S4,1,16,,,,0,1,0,0,0,0,0,Simple,,
304,25,7,2006,Fsavoie,4713.406,6503.816,4713.35,6503.83,12,S4,1,17,,,,0,1,0,0,0,0,0,Simple,,
305,25,7,2006,Fsavoie,4713.406,6503.816,4713.35,6503.83,12,S4,1,18,,,,0,1,0,0,0,0,0,Simple,,
306,25,7,2006,Fsavoie,4713.406,6503.816,4713.35,6503.83,12,S4,1,19,,,,0,1,0,0,0,0,0,Simple,,
307,25,7,2006,Fsavoie,4713.406,6503.816,4713.35,6503.83,12,S4,1,20,,,,0,1,0,0,0,0,0,Simple,,
308,25,7,2006,Grobichaud,4713.406,6503.816,4713.35,6503.83,12,S4,1,1,m,22,,0,1,0,0,1,1,0,Simple,,
309,25,7,2006,Grobichaud,4713.406,6503.816,4713.35,6503.83,12,S4,1,2,,,,0,1,0,0,1,1,0,Simple,,
310,25,7,2006,Grobichaud,4713.406,6503.816,4713.35,6503.83,12,S4,1,3,m,35,,0,1,0,0,1,1,0,Simple,,
311,25,7,2006,Grobichaud,4713.406,6503.816,4713.35,6503.83,12,S4,1,3,f,35,,0,1,0,0,1,1,0,Simple,,
312,25,7,2006,Grobichaud,4713.406,6503.816,4713.35,6503.83,12,S4,1,4,m,35,,0,1,0,0,1,1,0,Simple,,
313,25,7,2006,Grobichaud,4713.406,6503.816,4713.35,6503.83,12,S4,1,5,,,,0,1,0,0,1,0,0,Simple,,
314,25,7,2006,Grobichaud,4713.406,6503.816,4713.35,6503.83,12,S4,1,6,,,,0,1,0,0,0,0,0,Simple,,
315,25,7,2006,Grobichaud,4713.406,6503.816,4713.35,6503.83,12,S4,1,7,,,,0,1,0,0,0,0,0,Simple,,
316,25,7,2006,Grobichaud,4713.406,6503.816,4713.35,6503.83,12,S4,1,8,,,,0,1,0,0,0,0,0,Simple,,
317,25,7,2006,Grobichaud,4713.406,6503.816,4713.35,6503.83,12,S4,1,9,,,,0,1,0,0,0,0,0,Simple,,
318,25,7,2006,Grobichaud,4713.406,6503.816,4713.35,6503.83,12,S4,1,10,,,,0,1,0,0,0,0,0,Simple,,
319,25,7,2006,Grobichaud,4713.406,6503.816,4713.35,6503.83,12,S4,1,11,,,,0,1,0,0,0,0,0,Simple,,
320,25,7,2006,Grobichaud,4713.406,6503.816,4713.35,6503.83,12,S4,1,12,m,22,,0,1,0,0,1,1,0,Simple,,
321,25,7,2006,Grobichaud,4713.406,6503.816,4713.35,6503.83,12,S4,1,13,m,22,,0,1,0,0,1,1,0,Simple,,
322,25,7,2006,Grobichaud,4713.406,6503.816,4713.35,6503.83,12,S4,1,13,m,22,,0,1,0,0,1,1,0,Simple,,
323,25,7,2006,Grobichaud,4713.406,6503.816,4713.35,6503.83,12,S4,1,13,m,68,,0,1,0,0,1,1,0,Simple,,
324,25,7,2006,Grobichaud,4713.406,6503.816,4713.35,6503.83,12,S4,1,13,f,28,,0,1,0,0,1,1,0,Simple,,
325,25,7,2006,Grobichaud,4713.406,6503.816,4713.35,6503.83,12,S4,1,13,f,27,,0,1,0,0,1,1,0,Simple,,
326,25,7,2006,Grobichaud,4713.406,6503.816,4713.35,6503.83,12,S4,1,14,,,,0,1,0,0,1,0,0,Simple,,
327,25,7,2006,Grobichaud,4713.406,6503.816,4713.35,6503.83,12,S4,1,15,,,,0,1,0,0,0,0,0,Simple,,
328,25,7,2006,Grobichaud,4713.406,6503.816,4713.35,6503.83,12,S4,1,16,,,,0,1,0,0,0,0,0,Simple,,
329,25,7,2006,Grobichaud,4713.406,6503.816,4713.35,6503.83,12,S4,1,17,,,,0,1,0,0,0,0,0,Simple,,
330,25,7,2006,Grobichaud,4713.406,6503.816,4713.35,6503.83,12,S4,1,18,,,,0,1,0,0,0,0,0,Simple,,
331,25,7,2006,Grobichaud,4713.406,6503.816,4713.35,6503.83,12,S4,1,19,,,,0,1,0,0,0,0,0,Simple,,
332,25,7,2006,Grobichaud,4713.406,6503.816,4713.35,6503.83,12,S4,1,20,,,,0,1,0,0,0,0,0,Simple,,
333,25,7,2006,Fsavoie,4714.259,6458.548,4714.216,6458.6,33,S5,1,1,,,,1,0,0,0,0,0,0,Simple,,
334,25,7,2006,Fsavoie,4714.259,6458.548,4714.216,6458.6,33,S5,1,2,,,,1,0,0,0,0,0,0,Simple,,
335,25,7,2006,Fsavoie,4714.259,6458.548,4714.216,6458.6,33,S5,1,3,,,,1,0,0,0,0,0,0,Simple,,
336,25,7,2006,Fsavoie,4714.259,6458.548,4714.216,6458.6,33,S5,1,4,m,65,,1,0,0,0,0,0,0,Simple,,
337,25,7,2006,Fsavoie,4714.259,6458.548,4714.216,6458.6,33,S5,1,5,,,,1,0,0,0,0,0,0,Simple,,
338,25,7,2006,Fsavoie,4714.259,6458.548,4714.216,6458.6,33,S5,1,6,,,,1,0,0,0,0,0,0,Simple,,
339,25,7,2006,Fsavoie,4714.259,6458.548,4714.216,6458.6,33,S5,1,7,,,,1,0,0,0,0,0,0,Simple,,
340,25,7,2006,Fsavoie,4714.259,6458.548,4714.216,6458.6,33,S5,1,8,,,,1,0,0,0,0,0,0,Simple,,
341,25,7,2006,Fsavoie,4714.259,6458.548,4714.216,6458.6,33,S5,1,9,,,,1,0,0,0,0,0,0,Simple,,
342,25,7,2006,Fsavoie,4714.259,6458.548,4714.216,6458.6,33,S5,1,10,,,,1,0,0,0,0,0,0,Simple,,
343,25,7,2006,Fsavoie,4714.259,6458.548,4714.216,6458.6,33,S5,1,11,,,,1,0,0,0,0,0,0,Simple,,
344,25,7,2006,Fsavoie,4714.259,6458.548,4714.216,6458.6,33,S5,1,12,,,,1,0,0,0,0,0,0,Simple,,
345,25,7,2006,Fsavoie,4714.259,6458.548,4714.216,6458.6,33,S5,1,13,,,,1,0,0,0,0,0,0,Simple,,
346,25,7,2006,Fsavoie,4714.259,6458.548,4714.216,6458.6,33,S5,1,14,,,,1,0,0,0,0,0,0,Simple,,
347,25,7,2006,Fsavoie,4714.259,6458.548,4714.216,6458.6,33,S5,1,15,,,,1,0,0,0,0,0,0,Simple,,
348,25,7,2006,Fsavoie,4714.259,6458.548,4714.216,6458.6,33,S5,1,16,,,,1,0,0,0,0,0,0,Simple,,
349,25,7,2006,Fsavoie,4714.259,6458.548,4714.216,6458.6,33,S5,1,17,,,,1,0,0,0,0,0,0,Simple,,
350,25,7,2006,Fsavoie,4714.259,6458.548,4714.216,6458.6,33,S5,1,18,,,,1,0,0,0,0,0,0,Simple,,
351,25,7,2006,Fsavoie,4714.259,6458.548,4714.216,6458.6,33,S5,1,19,,,,1,0,0,0,0,0,0,Simple,,
352,25,7,2006,Fsavoie,4714.259,6458.548,4714.216,6458.6,33,S5,1,20,,,,1,0,0,0,0,0,0,Simple,,
353,25,7,2006,Mgodin,4714.259,6458.548,4714.216,6458.6,33,S5,1,1,,,,1,0,0,0,0,0,0,Simple,,
354,25,7,2006,Mgodin,4714.259,6458.548,4714.216,6458.6,33,S5,1,2,,,,1,0,0,0,0,0,0,Simple,,
355,25,7,2006,Mgodin,4714.259,6458.548,4714.216,6458.6,33,S5,1,3,,,,1,0,0,0,0,0,0,Simple,,
356,25,7,2006,Mgodin,4714.259,6458.548,4714.216,6458.6,33,S5,1,4,,,,1,0,0,0,0,0,0,Simple,,
357,25,7,2006,Mgodin,4714.259,6458.548,4714.216,6458.6,33,S5,1,5,,,,1,0,0,0,0,0,0,Simple,,
358,25,7,2006,Mgodin,4714.259,6458.548,4714.216,6458.6,33,S5,1,6,,,,1,0,0,0,0,0,0,Simple,,
359,25,7,2006,Mgodin,4714.259,6458.548,4714.216,6458.6,33,S5,1,7,,,,1,0,0,0,0,0,0,Simple,,
360,25,7,2006,Mgodin,4714.259,6458.548,4714.216,6458.6,33,S5,1,8,,,,1,0,0,0,0,0,0,Simple,,
361,25,7,2006,Mgodin,4714.259,6458.548,4714.216,6458.6,33,S5,1,9,,,,1,0,0,0,0,0,0,Simple,,
362,25,7,2006,Mgodin,4714.259,6458.548,4714.216,6458.6,33,S5,1,10,,,,1,0,0,0,0,0,0,Simple,,
363,25,7,2006,Mgodin,4714.259,6458.548,4714.216,6458.6,33,S5,1,11,,,,1,0,0,0,0,0,0,Simple,,
364,25,7,2006,Mgodin,4714.259,6458.548,4714.216,6458.6,33,S5,1,12,,,,1,0,0,0,0,0,0,Simple,,
365,25,7,2006,Mgodin,4714.259,6458.548,4714.216,6458.6,33,S5,1,13,,,,1,0,0,0,0,0,0,Simple,,
366,25,7,2006,Mgodin,4714.259,6458.548,4714.216,6458.6,33,S5,1,14,,,,1,0,0,0,0,0,0,Simple,,
367,25,7,2006,Mgodin,4714.259,6458.548,4714.216,6458.6,33,S5,1,15,,,,1,0,0,0,0,0,0,Simple,,
368,25,7,2006,Mgodin,4714.259,6458.548,4714.216,6458.6,33,S5,1,16,,,,1,0,0,0,0,0,0,Simple,,
369,25,7,2006,Mgodin,4714.259,6458.548,4714.216,6458.6,33,S5,1,17,,,,1,0,0,0,0,0,0,Simple,,
370,25,7,2006,Mgodin,4714.259,6458.548,4714.216,6458.6,33,S5,1,18,,,,1,0,0,0,0,0,0,Simple,,
371,25,7,2006,Mgodin,4714.259,6458.548,4714.216,6458.6,33,S5,1,19,m,55,,1,0,0,0,0,0,0,Simple,,
372,25,7,2006,Mgodin,4714.259,6458.548,4714.216,6458.6,33,S5,1,20,,,,1,0,0,0,0,0,0,Simple,,
373,25,7,2006,Mcomeau,4714.103,6458.733,4714.06,6458.783,33,S5,2,1,,,,1,0,0,0,0,0,0,Simple,,
374,25,7,2006,Mcomeau,4714.103,6458.733,4714.06,6458.783,33,S5,2,2,,,,1,0,0,0,0,0,0,Simple,,
375,25,7,2006,Mcomeau,4714.103,6458.733,4714.06,6458.783,33,S5,2,3,,,,1,0,0,0,0,0,0,Simple,,
376,25,7,2006,Mcomeau,4714.103,6458.733,4714.06,6458.783,33,S5,2,4,,,,1,0,0,0,0,0,0,Simple,,
377,25,7,2006,Mcomeau,4714.103,6458.733,4714.06,6458.783,33,S5,2,5,m,54,,1,0,0,0,0,0,0,Simple,STA,
378,25,7,2006,Mcomeau,4714.103,6458.733,4714.06,6458.783,33,S5,2,6,,,,1,0,0,0,0,0,0,Simple,,
379,25,7,2006,Mcomeau,4714.103,6458.733,4714.06,6458.783,33,S5,2,7,m,56,,1,0,0,0,0,0,0,Simple,,
380,25,7,2006,Mcomeau,4714.103,6458.733,4714.06,6458.783,33,S5,2,8,,,,1,0,0,0,0,0,0,Simple,,
381,25,7,2006,Mcomeau,4714.103,6458.733,4714.06,6458.783,33,S5,2,9,,,,1,0,0,0,0,0,0,Simple,,
382,25,7,2006,Mcomeau,4714.103,6458.733,4714.06,6458.783,33,S5,2,10,,,,1,0,0,0,0,0,0,Simple,,
383,25,7,2006,Mcomeau,4714.103,6458.733,4714.06,6458.783,33,S5,2,11,,,,1,0,0,0,0,0,0,Simple,,
384,25,7,2006,Mcomeau,4714.103,6458.733,4714.06,6458.783,33,S5,2,12,,,,1,0,0,0,0,0,0,Simple,,
385,25,7,2006,Mcomeau,4714.103,6458.733,4714.06,6458.783,33,S5,2,13,,,,1,0,0,0,0,0,0,Simple,,
386,25,7,2006,Mcomeau,4714.103,6458.733,4714.06,6458.783,33,S5,2,14,,,,1,0,0,0,0,0,0,Simple,,
387,25,7,2006,Mcomeau,4714.103,6458.733,4714.06,6458.783,33,S5,2,15,,,,1,0,0,0,0,0,0,Simple,,
388,25,7,2006,Mcomeau,4714.103,6458.733,4714.06,6458.783,33,S5,2,16,,,,1,0,0,0,0,0,0,Simple,,
389,25,7,2006,Mcomeau,4714.103,6458.733,4714.06,6458.783,33,S5,2,17,,,,1,0,0,0,0,0,0,Simple,,
390,25,7,2006,Mcomeau,4714.103,6458.733,4714.06,6458.783,33,S5,2,18,,,,1,0,0,0,0,0,0,Simple,,
391,25,7,2006,Mcomeau,4714.103,6458.733,4714.06,6458.783,33,S5,2,19,,,,1,0,0,0,0,0,0,Simple,,
392,25,7,2006,Mcomeau,4714.103,6458.733,4714.06,6458.783,33,S5,2,20,,,,1,0,0,0,0,0,0,Simple,,
393,25,7,2006,Bcomeau,4714.103,6458.733,4714.06,6458.783,33,S5,2,1,,,,1,0,0,0,0,0,0,Simple,,
394,25,7,2006,Bcomeau,4714.103,6458.733,4714.06,6458.783,33,S5,2,2,,,,1,0,0,0,0,0,0,Simple,,
395,25,7,2006,Bcomeau,4714.103,6458.733,4714.06,6458.783,33,S5,2,3,,,,1,0,0,0,0,0,0,Simple,,
396,25,7,2006,Bcomeau,4714.103,6458.733,4714.06,6458.783,33,S5,2,4,,,,1,0,0,0,0,0,0,Simple,,
397,25,7,2006,Bcomeau,4714.103,6458.733,4714.06,6458.783,33,S5,2,5,,,,1,0,0,0,0,0,0,Simple,,
398,25,7,2006,Bcomeau,4714.103,6458.733,4714.06,6458.783,33,S5,2,6,f,67,,1,0,0,0,0,0,0,Simple,,
399,25,7,2006,Bcomeau,4714.103,6458.733,4714.06,6458.783,33,S5,2,7,m,65,,1,0,0,0,0,0,0,Simple,,
400,25,7,2006,Bcomeau,4714.103,6458.733,4714.06,6458.783,33,S5,2,8,,,,1,0,0,0,0,0,0,Simple,,
401,25,7,2006,Bcomeau,4714.103,6458.733,4714.06,6458.783,33,S5,2,9,,,,1,0,0,0,0,0,0,Simple,,
402,25,7,2006,Bcomeau,4714.103,6458.733,4714.06,6458.783,33,S5,2,10,,,,1,0,0,0,0,0,0,Simple,,
403,25,7,2006,Bcomeau,4714.103,6458.733,4714.06,6458.783,33,S5,2,11,,,,1,0,0,0,0,0,0,Simple,,
404,25,7,2006,Bcomeau,4714.103,6458.733,4714.06,6458.783,33,S5,2,12,,,,1,0,0,0,0,0,0,Simple,,
405,25,7,2006,Bcomeau,4714.103,6458.733,4714.06,6458.783,33,S5,2,13,,,,1,0,0,0,0,0,0,Simple,,
406,25,7,2006,Bcomeau,4714.103,6458.733,4714.06,6458.783,33,S5,2,14,,,,1,0,0,0,0,0,0,Simple,,
407,25,7,2006,Bcomeau,4714.103,6458.733,4714.06,6458.783,33,S5,2,15,,,,1,0,0,0,0,0,0,Simple,,
408,25,7,2006,Bcomeau,4714.103,6458.733,4714.06,6458.783,33,S5,2,16,,,,1,0,0,0,0,0,0,Simple,,
409,25,7,2006,Bcomeau,4714.103,6458.733,4714.06,6458.783,33,S5,2,17,,,,1,0,0,0,0,0,0,Simple,,
410,25,7,2006,Bcomeau,4714.103,6458.733,4714.06,6458.783,33,S5,2,18,,,,1,0,0,0,0,0,0,Simple,,
411,25,7,2006,Bcomeau,4714.103,6458.733,4714.06,6458.783,33,S5,2,19,,,,1,0,0,0,0,0,0,Simple,,
412,25,7,2006,Bcomeau,4714.103,6458.733,4714.06,6458.783,33,S5,2,20,,,,1,0,0,0,0,0,0,Simple,,
413,25,7,2006,Bcomeau,4708.863,6503.928,4708.918,6503.932,33,S6,1,1,,,,1,0,0,0,0,0,0,Simple,,
414,25,7,2006,Bcomeau,4708.863,6503.928,4708.918,6503.932,33,S6,1,2,,,,1,0,0,0,0,0,0,Simple,,
415,25,7,2006,Bcomeau,4708.863,6503.928,4708.918,6503.932,33,S6,1,3,,,,1,0,0,0,0,0,0,Simple,,
416,25,7,2006,Bcomeau,4708.863,6503.928,4708.918,6503.932,33,S6,1,4,,,,1,0,0,0,0,0,0,Simple,,
417,25,7,2006,Bcomeau,4708.863,6503.928,4708.918,6503.932,33,S6,1,5,,,,1,0,0,0,0,0,0,Simple,,
418,25,7,2006,Bcomeau,4708.863,6503.928,4708.918,6503.932,33,S6,1,6,,,,1,0,0,0,0,0,0,Simple,,
419,25,7,2006,Bcomeau,4708.863,6503.928,4708.918,6503.932,33,S6,1,7,,,,1,0,0,0,0,0,0,Simple,,
420,25,7,2006,Bcomeau,4708.863,6503.928,4708.918,6503.932,33,S6,1,8,,,,1,0,0,0,0,0,0,Simple,,
421,25,7,2006,Bcomeau,4708.863,6503.928,4708.918,6503.932,33,S6,1,9,,,,1,0,0,0,0,0,0,Simple,,
422,25,7,2006,Bcomeau,4708.863,6503.928,4708.918,6503.932,33,S6,1,10,,,,1,0,0,0,0,0,0,Simple,,
423,25,7,2006,Bcomeau,4708.863,6503.928,4708.918,6503.932,33,S6,1,11,,,,1,0,0,0,0,0,0,Simple,,
424,25,7,2006,Bcomeau,4708.863,6503.928,4708.918,6503.932,33,S6,1,12,,,,1,0,0,0,0,0,0,Simple,,
425,25,7,2006,Bcomeau,4708.863,6503.928,4708.918,6503.932,33,S6,1,13,,,,1,0,0,0,0,0,0,Simple,,
426,25,7,2006,Bcomeau,4708.863,6503.928,4708.918,6503.932,33,S6,1,14,,,,1,0,0,0,0,0,0,Simple,,
427,25,7,2006,Bcomeau,4708.863,6503.928,4708.918,6503.932,33,S6,1,15,,,,1,0,0,0,0,0,0,Simple,,
428,25,7,2006,Bcomeau,4708.863,6503.928,4708.918,6503.932,33,S6,1,16,,,,1,0,0,0,0,0,0,Simple,,
429,25,7,2006,Bcomeau,4708.863,6503.928,4708.918,6503.932,33,S6,1,17,,,,1,0,0,0,0,0,0,Simple,,
430,25,7,2006,Bcomeau,4708.863,6503.928,4708.918,6503.932,33,S6,1,18,,,,1,0,0,0,0,0,0,Simple,,
431,25,7,2006,Bcomeau,4708.863,6503.928,4708.918,6503.932,33,S6,1,19,,,,1,0,0,0,0,0,0,Simple,,
432,25,7,2006,Bcomeau,4708.863,6503.928,4708.918,6503.932,33,S6,1,20,,,,1,0,0,0,0,0,0,Simple,,
433,25,7,2006,Mcomeau,4708.863,6503.928,4708.918,6503.932,33,S6,1,1,,,,1,0,0,0,0,0,0,Simple,,
434,25,7,2006,Mcomeau,4708.863,6503.928,4708.918,6503.932,33,S6,1,2,,,,1,0,0,0,0,0,0,Simple,,
435,25,7,2006,Mcomeau,4708.863,6503.928,4708.918,6503.932,33,S6,1,3,,,,1,0,0,0,0,0,0,Simple,,
436,25,7,2006,Mcomeau,4708.863,6503.928,4708.918,6503.932,33,S6,1,4,,,,1,0,0,0,0,0,0,Simple,,
437,25,7,2006,Mcomeau,4708.863,6503.928,4708.918,6503.932,33,S6,1,5,,,,1,0,0,0,0,0,0,Simple,,
438,25,7,2006,Mcomeau,4708.863,6503.928,4708.918,6503.932,33,S6,1,6,,,,1,0,0,0,0,0,0,Simple,,
439,25,7,2006,Mcomeau,4708.863,6503.928,4708.918,6503.932,33,S6,1,7,,,,1,0,0,0,0,0,0,Simple,,
440,25,7,2006,Mcomeau,4708.863,6503.928,4708.918,6503.932,33,S6,1,8,,,,1,0,0,0,0,0,0,Simple,,
441,25,7,2006,Mcomeau,4708.863,6503.928,4708.918,6503.932,33,S6,1,9,,,,1,0,0,0,0,0,0,Simple,,
442,25,7,2006,Mcomeau,4708.863,6503.928,4708.918,6503.932,33,S6,1,10,,,,1,0,0,0,0,0,0,Simple,,
443,25,7,2006,Mcomeau,4708.863,6503.928,4708.918,6503.932,33,S6,1,11,,,,1,0,0,0,0,0,0,Simple,,
444,25,7,2006,Mcomeau,4708.863,6503.928,4708.918,6503.932,33,S6,1,12,,,,1,0,0,0,0,0,0,Simple,,
445,25,7,2006,Mcomeau,4708.863,6503.928,4708.918,6503.932,33,S6,1,13,,,,1,0,0,0,0,0,0,Simple,,
446,25,7,2006,Mcomeau,4708.863,6503.928,4708.918,6503.932,33,S6,1,14,,,,1,0,0,0,0,0,0,Simple,,
447,25,7,2006,Mcomeau,4708.863,6503.928,4708.918,6503.932,33,S6,1,15,,,,1,0,0,0,0,0,0,Simple,,
448,25,7,2006,Mcomeau,4708.863,6503.928,4708.918,6503.932,33,S6,1,16,,,,1,0,0,0,0,0,0,Simple,,
449,25,7,2006,Mcomeau,4708.863,6503.928,4708.918,6503.932,33,S6,1,17,,,,1,0,0,0,0,0,0,Simple,,
450,25,7,2006,Mcomeau,4708.863,6503.928,4708.918,6503.932,33,S6,1,18,,,,1,0,0,0,0,0,0,Simple,,
451,25,7,2006,Mcomeau,4708.863,6503.928,4708.918,6503.932,33,S6,1,19,,,,1,0,0,0,0,0,0,Simple,,
452,25,7,2006,Mcomeau,4708.863,6503.928,4708.918,6503.932,33,S6,1,20,,,,1,0,0,0,0,0,0,Simple,,
453,25,7,2006,Fsavoie,4709.007,6503.953,4709.024,6504.03,33,S6,2,1,,,,1,0,0,0,0,0,0,Simple,,
454,25,7,2006,Fsavoie,4709.007,6503.953,4709.024,6504.03,33,S6,2,2,,,,1,0,0,0,0,0,0,Simple,,
455,25,7,2006,Fsavoie,4709.007,6503.953,4709.024,6504.03,33,S6,2,3,,,,1,0,0,0,0,0,0,Simple,,
456,25,7,2006,Fsavoie,4709.007,6503.953,4709.024,6504.03,33,S6,2,4,,,,1,0,0,0,0,0,0,Simple,,
457,25,7,2006,Fsavoie,4709.007,6503.953,4709.024,6504.03,33,S6,2,5,,,,1,0,0,0,0,0,0,Simple,,
458,25,7,2006,Fsavoie,4709.007,6503.953,4709.024,6504.03,33,S6,2,6,,,,1,0,0,0,0,0,0,Simple,,
459,25,7,2006,Fsavoie,4709.007,6503.953,4709.024,6504.03,33,S6,2,7,,,,1,0,0,0,0,0,0,Simple,,
460,25,7,2006,Fsavoie,4709.007,6503.953,4709.024,6504.03,33,S6,2,8,,,,1,0,0,0,0,0,0,Simple,,
461,25,7,2006,Fsavoie,4709.007,6503.953,4709.024,6504.03,33,S6,2,9,,,,1,0,0,0,0,0,0,Simple,,
462,25,7,2006,Fsavoie,4709.007,6503.953,4709.024,6504.03,33,S6,2,10,,,,1,0,0,0,0,0,0,Simple,,
463,25,7,2006,Fsavoie,4709.007,6503.953,4709.024,6504.03,33,S6,2,11,,,,1,0,0,0,0,0,0,Simple,,
464,25,7,2006,Fsavoie,4709.007,6503.953,4709.024,6504.03,33,S6,2,12,,,,1,0,0,0,0,0,0,Simple,,
465,25,7,2006,Fsavoie,4709.007,6503.953,4709.024,6504.03,33,S6,2,13,,,,1,0,0,0,0,0,0,Simple,,
466,25,7,2006,Fsavoie,4709.007,6503.953,4709.024,6504.03,33,S6,2,14,,,,1,0,0,0,0,0,0,Simple,,
467,25,7,2006,Fsavoie,4709.007,6503.953,4709.024,6504.03,33,S6,2,15,,,,1,0,0,0,0,0,0,Simple,,
468,25,7,2006,Fsavoie,4709.007,6503.953,4709.024,6504.03,33,S6,2,16,,,,1,0,0,0,0,0,0,Simple,,
469,25,7,2006,Fsavoie,4709.007,6503.953,4709.024,6504.03,33,S6,2,17,,,,1,0,0,0,0,0,0,Simple,,
470,25,7,2006,Fsavoie,4709.007,6503.953,4709.024,6504.03,33,S6,2,18,,,,1,0,0,0,0,0,0,Simple,,
471,25,7,2006,Fsavoie,4709.007,6503.953,4709.024,6504.03,33,S6,2,19,,,,1,0,0,0,0,0,0,Simple,,
472,25,7,2006,Fsavoie,4709.007,6503.953,4709.024,6504.03,33,S6,2,20,,,,1,0,0,0,0,0,0,Simple,,
473,25,7,2006,Mgodin,4709.007,6503.953,4709.024,6504.03,33,S6,2,1,,,,1,0,0,0,0,0,0,Simple,,
474,25,7,2006,Mgodin,4709.007,6503.953,4709.024,6504.03,33,S6,2,2,,,,1,0,0,0,0,0,0,Simple,,
475,25,7,2006,Mgodin,4709.007,6503.953,4709.024,6504.03,33,S6,2,3,,,,1,0,0,0,0,0,0,Simple,,
476,25,7,2006,Mgodin,4709.007,6503.953,4709.024,6504.03,33,S6,2,4,,,,1,0,0,0,0,0,0,Simple,,
477,25,7,2006,Mgodin,4709.007,6503.953,4709.024,6504.03,33,S6,2,5,,,,1,0,0,0,0,0,0,Simple,,
478,25,7,2006,Mgodin,4709.007,6503.953,4709.024,6504.03,33,S6,2,6,,,,1,0,0,0,0,0,0,Simple,,
479,25,7,2006,Mgodin,4709.007,6503.953,4709.024,6504.03,33,S6,2,7,,,,1,0,0,0,0,0,0,Simple,,
480,25,7,2006,Mgodin,4709.007,6503.953,4709.024,6504.03,33,S6,2,8,,,,1,0,0,0,0,0,0,Simple,,
481,25,7,2006,Mgodin,4709.007,6503.953,4709.024,6504.03,33,S6,2,9,,,,1,0,0,0,0,0,0,Simple,,
482,25,7,2006,Mgodin,4709.007,6503.953,4709.024,6504.03,33,S6,2,10,,,,1,0,0,0,0,0,0,Simple,,
483,25,7,2006,Mgodin,4709.007,6503.953,4709.024,6504.03,33,S6,2,11,,,,1,0,0,0,0,0,0,Simple,,
484,25,7,2006,Mgodin,4709.007,6503.953,4709.024,6504.03,33,S6,2,12,,,,1,0,0,0,0,0,0,Simple,,
485,25,7,2006,Mgodin,4709.007,6503.953,4709.024,6504.03,33,S6,2,13,,,,1,0,0,0,0,0,0,Simple,,
486,25,7,2006,Mgodin,4709.007,6503.953,4709.024,6504.03,33,S6,2,14,,,,1,0,0,0,0,0,0,Simple,,
487,25,7,2006,Mgodin,4709.007,6503.953,4709.024,6504.03,33,S6,2,15,,,,1,0,0,0,0,0,0,Simple,,
488,25,7,2006,Mgodin,4709.007,6503.953,4709.024,6504.03,33,S6,2,16,,,,1,0,0,0,0,0,0,Simple,,
489,25,7,2006,Mgodin,4709.007,6503.953,4709.024,6504.03,33,S6,2,17,,,,1,0,0,0,0,0,0,Simple,,
490,25,7,2006,Mgodin,4709.007,6503.953,4709.024,6504.03,33,S6,2,18,,,,1,0,0,0,0,0,0,Simple,,
491,25,7,2006,Mgodin,4709.007,6503.953,4709.024,6504.03,33,S6,2,19,,,,1,0,0,0,0,0,0,Simple,,
492,25,7,2006,Mgodin,4709.007,6503.953,4709.024,6504.03,33,S6,2,20,,,,1,0,0,0,0,0,0,Simple,,
493,26,7,2006,Fsavoie,4715.834,6456.403,4715.783,6456.424,36,S7,1,1,f,65,,0,0,1,0,0,1,0,Simple,,
494,26,7,2006,Fsavoie,4715.834,6456.403,4715.783,6456.424,36,S7,1,1,i,7,,0,0,1,0,0,1,0,Simple,,
495,26,7,2006,Fsavoie,4715.834,6456.403,4715.783,6456.424,36,S7,1,2,,,,0,0,1,0,0,1,0,Simple,,
496,26,7,2006,Fsavoie,4715.834,6456.403,4715.783,6456.424,36,S7,1,3,,,,0,0,1,0,0,1,0,Simple,,
497,26,7,2006,Fsavoie,4715.834,6456.403,4715.783,6456.424,36,S7,1,4,,,,0,0,1,0,0,1,0,Simple,,
498,26,7,2006,Fsavoie,4715.834,6456.403,4715.783,6456.424,36,S7,1,5,,,,0,0,1,0,0,0,0,Simple,,
499,26,7,2006,Fsavoie,4715.834,6456.403,4715.783,6456.424,36,S7,1,6,,,,0,0,1,0,0,1,0,Simple,,
500,26,7,2006,Fsavoie,4715.834,6456.403,4715.783,6456.424,36,S7,1,7,,,,0,0,1,0,0,1,0,Simple,,
501,26,7,2006,Fsavoie,4715.834,6456.403,4715.783,6456.424,36,S7,1,8,m,65,,0,0,1,0,0,1,0,Simple,,
502,26,7,2006,Fsavoie,4715.834,6456.403,4715.783,6456.424,36,S7,1,8,m,36,,0,0,1,0,0,1,0,Simple,,
503,26,7,2006,Fsavoie,4715.834,6456.403,4715.783,6456.424,36,S7,1,9,m,20,,0,0,1,0,0,1,0,Simple,,
504,26,7,2006,Fsavoie,4715.834,6456.403,4715.783,6456.424,36,S7,1,9,m,20,,0,0,1,0,0,1,0,Simple,,
505,26,7,2006,Fsavoie,4715.834,6456.403,4715.783,6456.424,36,S7,1,9,m,20,,0,0,1,0,0,1,0,Simple,,
506,26,7,2006,Fsavoie,4715.834,6456.403,4715.783,6456.424,36,S7,1,10,,,,0,0,1,0,0,1,0,Simple,,
507,26,7,2006,Fsavoie,4715.834,6456.403,4715.783,6456.424,36,S7,1,11,,,,0,0,1,0,0,1,0,Simple,,
508,26,7,2006,Fsavoie,4715.834,6456.403,4715.783,6456.424,36,S7,1,12,,,,0,0,1,0,0,1,0,Simple,,
509,26,7,2006,Fsavoie,4715.834,6456.403,4715.783,6456.424,36,S7,1,13,,,,0,0,1,0,0,1,0,Simple,,
510,26,7,2006,Fsavoie,4715.834,6456.403,4715.783,6456.424,36,S7,1,14,,,,0,0,1,0,0,1,0,Simple,,
511,26,7,2006,Fsavoie,4715.834,6456.403,4715.783,6456.424,36,S7,1,15,,,,0,0,1,0,0,1,0,Simple,,
512,26,7,2006,Fsavoie,4715.834,6456.403,4715.783,6456.424,36,S7,1,16,,,,0,0,1,0,0,1,0,Simple,,
513,26,7,2006,Fsavoie,4715.834,6456.403,4715.783,6456.424,36,S7,1,17,,,,0,0,1,0,0,1,0,Simple,,
514,26,7,2006,Fsavoie,4715.834,6456.403,4715.783,6456.424,36,S7,1,18,,,,0,0,1,0,0,1,0,Simple,,
515,26,7,2006,Fsavoie,4715.834,6456.403,4715.783,6456.424,36,S7,1,19,,,,0,0,1,0,0,1,0,Simple,,
516,26,7,2006,Fsavoie,4715.834,6456.403,4715.783,6456.424,36,S7,1,20,,,,0,0,1,0,0,1,0,Simple,,
517,26,7,2006,Grobichaud,4715.834,6456.403,4715.783,6456.424,36,S7,1,1,,,,0,0,1,0,0,1,0,Simple,,
518,26,7,2006,Grobichaud,4715.834,6456.403,4715.783,6456.424,36,S7,1,2,,,,0,0,1,0,0,1,0,Simple,,
519,26,7,2006,Grobichaud,4715.834,6456.403,4715.783,6456.424,36,S7,1,3,,,,0,0,1,0,0,1,0,Simple,,
520,26,7,2006,Grobichaud,4715.834,6456.403,4715.783,6456.424,36,S7,1,4,,,,0,0,1,0,0,1,0,Simple,,
521,26,7,2006,Grobichaud,4715.834,6456.403,4715.783,6456.424,36,S7,1,5,m,85,,0,0,1,0,0,1,0,Simple,,
522,26,7,2006,Grobichaud,4715.834,6456.403,4715.783,6456.424,36,S7,1,6,i,17,,0,0,1,0,0,1,0,Simple,,
523,26,7,2006,Grobichaud,4715.834,6456.403,4715.783,6456.424,36,S7,1,6,m,29,,0,0,1,0,0,1,0,Simple,,
524,26,7,2006,Grobichaud,4715.834,6456.403,4715.783,6456.424,36,S7,1,7,,,,0,0,1,0,0,1,0,Simple,,
525,26,7,2006,Grobichaud,4715.834,6456.403,4715.783,6456.424,36,S7,1,8,,,,0,0,1,0,0,1,0,Simple,,
526,26,7,2006,Grobichaud,4715.834,6456.403,4715.783,6456.424,36,S7,1,9,,,,0,0,1,0,0,1,0,Simple,,
527,26,7,2006,Grobichaud,4715.834,6456.403,4715.783,6456.424,36,S7,1,10,m,22,,0,0,1,0,0,1,0,Simple,,
528,26,7,2006,Grobichaud,4715.834,6456.403,4715.783,6456.424,36,S7,1,11,i,15,,0,0,1,0,0,1,0,Simple,,
529,26,7,2006,Grobichaud,4715.834,6456.403,4715.783,6456.424,36,S7,1,11,i,9,,0,0,1,0,0,1,0,Simple,,
530,26,7,2006,Grobichaud,4715.834,6456.403,4715.783,6456.424,36,S7,1,11,f,69,,0,0,1,0,0,1,0,Simple,,
531,26,7,2006,Grobichaud,4715.834,6456.403,4715.783,6456.424,36,S7,1,12,,,,0,0,1,0,0,1,0,Simple,,
532,26,7,2006,Grobichaud,4715.834,6456.403,4715.783,6456.424,36,S7,1,13,m,56,,0,0,1,0,0,1,0,Simple,,
533,26,7,2006,Grobichaud,4715.834,6456.403,4715.783,6456.424,36,S7,1,14,m,22,,0,0,1,0,0,1,0,Simple,,
534,26,7,2006,Grobichaud,4715.834,6456.403,4715.783,6456.424,36,S7,1,15,,,,0,0,1,0,0,1,0,Simple,,
535,26,7,2006,Grobichaud,4715.834,6456.403,4715.783,6456.424,36,S7,1,16,m,22,,0,0,1,0,0,1,0,Simple,,
536,26,7,2006,Grobichaud,4715.834,6456.403,4715.783,6456.424,36,S7,1,17,,,,0,0,1,0,0,1,0,Simple,,
537,26,7,2006,Grobichaud,4715.834,6456.403,4715.783,6456.424,36,S7,1,18,m,37,,0,0,1,0,0,1,0,Simple,,
538,26,7,2006,Grobichaud,4715.834,6456.403,4715.783,6456.424,36,S7,1,19,,,,0,0,1,0,0,1,0,Simple,,
539,26,7,2006,Grobichaud,4715.834,6456.403,4715.783,6456.424,36,S7,1,20,m,37,,0,0,1,0,0,1,0,Simple,,
540,26,7,2006,Mcomeau,4715.761,6456.355,4715.706,6456.365,36,S7,2,1,m,54,,0,0,1,0,0,0,1,Simple,STD41,
541,26,7,2006,Mcomeau,4715.761,6456.355,4715.706,6456.365,36,S7,2,2,m,38,,0,0,1,0,0,0,1,Simple,,
542,26,7,2006,Mcomeau,4715.761,6456.355,4715.706,6456.365,36,S7,2,2,m,63,,0,0,1,0,0,0,1,Simple,,
543,26,7,2006,Mcomeau,4715.761,6456.355,4715.706,6456.365,36,S7,2,3,,,,0,0,1,0,0,0,1,Simple,LS,
544,26,7,2006,Mcomeau,4715.761,6456.355,4715.706,6456.365,36,S7,2,4,f,26,,0,0,1,0,0,0,1,Simple,LS,
545,26,7,2006,Mcomeau,4715.761,6456.355,4715.706,6456.365,36,S7,2,4,f,23,,0,0,1,0,0,0,1,Simple,,
546,26,7,2006,Mcomeau,4715.761,6456.355,4715.706,6456.365,36,S7,2,5,i,17,,0,0,1,0,0,0,1,Simple,LS,
547,26,7,2006,Mcomeau,4715.761,6456.355,4715.706,6456.365,36,S7,2,5,f,24,,0,0,1,0,0,0,1,Simple,LS,
548,26,7,2006,Mcomeau,4715.761,6456.355,4715.706,6456.365,36,S7,2,5,f,67,,0,0,1,0,0,0,1,Simple,,
549,26,7,2006,Mcomeau,4715.761,6456.355,4715.706,6456.365,36,S7,2,5,f,62,,0,0,1,0,0,0,1,Simple,,
550,26,7,2006,Mcomeau,4715.761,6456.355,4715.706,6456.365,36,S7,2,5,f,42,,0,0,1,0,0,0,1,Simple,,
551,26,7,2006,Mcomeau,4715.761,6456.355,4715.706,6456.365,36,S7,2,5,m,24,,0,0,1,0,0,0,1,Simple,,
552,26,7,2006,Mcomeau,4715.761,6456.355,4715.706,6456.365,36,S7,2,6,f,48,,0,0,1,0,0,0,1,Simple,,
553,26,7,2006,Mcomeau,4715.761,6456.355,4715.706,6456.365,36,S7,2,7,f,38,,0,0,1,0,0,0,1,Simple,LS,
554,26,7,2006,Mcomeau,4715.761,6456.355,4715.706,6456.365,36,S7,2,7,m,26,,0,0,1,0,0,0,1,Simple,LS,
555,26,7,2006,Mcomeau,4715.761,6456.355,4715.706,6456.365,36,S7,2,7,m,80,,0,0,1,0,0,0,1,Simple,,
556,26,7,2006,Mcomeau,4715.761,6456.355,4715.706,6456.365,36,S7,2,8,f,66,,0,0,1,0,0,0,1,Simple,,
557,26,7,2006,Mcomeau,4715.761,6456.355,4715.706,6456.365,36,S7,2,8,m,67,,0,0,1,0,0,0,1,Simple,,
558,26,7,2006,Mcomeau,4715.761,6456.355,4715.706,6456.365,36,S7,2,8,f,40,,0,0,1,0,0,0,1,Simple,,
559,26,7,2006,Mcomeau,4715.761,6456.355,4715.706,6456.365,36,S7,2,8,f,39,,0,0,1,0,0,0,1,Simple,,
560,26,7,2006,Mcomeau,4715.761,6456.355,4715.706,6456.365,36,S7,2,9,m,33,,0,0,1,0,0,0,1,Simple,,
561,26,7,2006,Mcomeau,4715.761,6456.355,4715.706,6456.365,36,S7,2,10,f,39,,0,0,1,0,0,0,1,Simple,LS,
562,26,7,2006,Mcomeau,4715.761,6456.355,4715.706,6456.365,36,S7,2,10,i,12,,0,0,1,0,0,0,1,Simple,,
563,26,7,2006,Mcomeau,4715.761,6456.355,4715.706,6456.365,36,S7,2,12,f,36,,0,0,1,0,0,0,0,Simple,,
564,26,7,2006,Mcomeau,4715.761,6456.355,4715.706,6456.365,36,S7,2,12,m,60,,0,0,1,0,0,0,0,Simple,,
565,26,7,2006,Mcomeau,4715.761,6456.355,4715.706,6456.365,36,S7,2,13,f,26,,0,0,1,0,0,0,1,Simple,,
566,26,7,2006,Mcomeau,4715.761,6456.355,4715.706,6456.365,36,S7,2,13,f,20,,0,0,1,0,0,0,1,Simple,,
567,26,7,2006,Mcomeau,4715.761,6456.355,4715.706,6456.365,36,S7,2,16,i,13,,0,0,1,0,0,0,1,Simple,,
568,26,7,2006,Mcomeau,4715.761,6456.355,4715.706,6456.365,36,S7,2,16,m,52,,0,0,1,0,0,0,1,Simple,,
569,26,7,2006,Mcomeau,4715.761,6456.355,4715.706,6456.365,36,S7,2,17,i,18,,0,0,1,0,0,0,1,Simple,,
570,26,7,2006,Mcomeau,4715.761,6456.355,4715.706,6456.365,36,S7,2,17,m,26,,0,0,1,0,0,0,1,Simple,,
571,26,7,2006,Mcomeau,4715.761,6456.355,4715.706,6456.365,36,S7,2,18,m,36,,0,0,1,0,0,0,1,Simple,,
572,26,7,2006,Mcomeau,4715.761,6456.355,4715.706,6456.365,36,S7,2,18,m,82,,0,0,1,0,0,0,1,Simple,,
573,26,7,2006,Mcomeau,4715.761,6456.355,4715.706,6456.365,36,S7,2,18,m,26,,0,0,1,0,0,0,1,Simple,,
574,26,7,2006,Mcomeau,4715.761,6456.355,4715.706,6456.365,36,S7,2,19,m,32,,0,0,1,0,0,0,1,Simple,,
575,26,7,2006,Mcomeau,4715.761,6456.355,4715.706,6456.365,36,S7,2,19,m,32,,0,0,1,0,0,0,1,Simple,,
576,26,7,2006,Mcomeau,4715.761,6456.355,4715.706,6456.365,36,S7,2,19,i,12,,0,0,1,0,0,0,1,Simple,,
577,26,7,2006,Mcomeau,4715.761,6456.355,4715.706,6456.365,36,S7,2,19,f,28,,0,0,1,0,0,0,1,Simple,,
578,26,7,2006,Mcomeau,4715.761,6456.355,4715.706,6456.365,36,S7,2,19,f,38,,0,0,1,0,0,0,1,Simple,,
579,26,7,2006,Bcomeau,4715.761,6456.355,4715.706,6456.365,36,S7,2,1,i,18,,0,0,1,0,0,0,1,Simple,,
580,26,7,2006,Bcomeau,4715.761,6456.355,4715.706,6456.365,36,S7,2,1,f,28,,0,0,1,0,0,0,1,Simple,,
581,26,7,2006,Bcomeau,4715.761,6456.355,4715.706,6456.365,36,S7,2,2,i,15,,0,0,1,0,0,0,0,Simple,,
582,26,7,2006,Bcomeau,4715.761,6456.355,4715.706,6456.365,36,S7,2,5,f,35,,0,0,1,0,0,0,1,Simple,,
583,26,7,2006,Bcomeau,4715.761,6456.355,4715.706,6456.365,36,S7,2,5,i,16,,0,0,1,0,0,0,1,Simple,,
584,26,7,2006,Bcomeau,4715.761,6456.355,4715.706,6456.365,36,S7,2,6,f,41,,0,0,1,0,0,0,0,Simple,,
585,26,7,2006,Bcomeau,4715.761,6456.355,4715.706,6456.365,36,S7,2,6,f,70,,0,0,1,0,0,0,0,Simple,,
586,26,7,2006,Bcomeau,4715.761,6456.355,4715.706,6456.365,36,S7,2,6,m,90,,0,0,1,0,0,0,0,Simple,,
587,26,7,2006,Bcomeau,4715.761,6456.355,4715.706,6456.365,36,S7,2,6,m,33,,0,0,1,0,0,0,0,Simple,,
588,26,7,2006,Bcomeau,4715.761,6456.355,4715.706,6456.365,36,S7,2,6,m,58,,0,0,1,0,0,0,0,Simple,,
589,26,7,2006,Bcomeau,4715.761,6456.355,4715.706,6456.365,36,S7,2,7,f,21,,0,0,1,0,0,0,0,Simple,,
590,26,7,2006,Bcomeau,4715.761,6456.355,4715.706,6456.365,36,S7,2,7,i,12,,0,0,1,0,0,0,0,Simple,,
591,26,7,2006,Bcomeau,4715.761,6456.355,4715.706,6456.365,36,S7,2,7,f,29,,0,0,1,0,0,0,0,Simple,,
592,26,7,2006,Bcomeau,4715.761,6456.355,4715.706,6456.365,36,S7,2,9,f,30,,0,0,1,0,0,0,0,Simple,LS,
593,26,7,2006,Bcomeau,4715.761,6456.355,4715.706,6456.365,36,S7,2,10,i,19,,0,0,1,0,0,0,0,Simple,,
594,26,7,2006,Bcomeau,4715.761,6456.355,4715.706,6456.365,36,S7,2,10,m,34,,0,0,1,0,0,0,0,Simple,,
595,26,7,2006,Bcomeau,4715.761,6456.355,4715.706,6456.365,36,S7,2,11,m,27,,0,0,1,0,0,0,0,Simple,,
596,26,7,2006,Bcomeau,4715.761,6456.355,4715.706,6456.365,36,S7,2,11,f,25,,0,0,1,0,0,0,0,Simple,,
597,26,7,2006,Bcomeau,4715.761,6456.355,4715.706,6456.365,36,S7,2,11,f,24,,0,0,1,0,0,0,0,Simple,,
598,26,7,2006,Bcomeau,4715.761,6456.355,4715.706,6456.365,36,S7,2,12,f,54,,0,0,1,0,0,0,0,Simple,,
599,26,7,2006,Bcomeau,4715.761,6456.355,4715.706,6456.365,36,S7,2,13,m,21,,0,0,1,0,0,0,0,Simple,,
600,26,7,2006,Bcomeau,4715.761,6456.355,4715.706,6456.365,36,S7,2,13,f,59,,0,0,1,0,0,0,0,Simple,,
601,26,7,2006,Bcomeau,4715.761,6456.355,4715.706,6456.365,36,S7,2,13,m,58,,0,0,1,0,0,0,0,Simple,,
602,26,7,2006,Bcomeau,4715.761,6456.355,4715.706,6456.365,36,S7,2,13,m,27,,0,0,1,0,0,0,0,Simple,,
603,26,7,2006,Bcomeau,4715.761,6456.355,4715.706,6456.365,36,S7,2,13,i,12,,0,0,1,0,0,0,0,Simple,,
604,26,7,2006,Bcomeau,4715.761,6456.355,4715.706,6456.365,36,S7,2,16,i,16,,0,0,1,0,0,0,0,Simple,,
605,26,7,2006,Bcomeau,4715.761,6456.355,4715.706,6456.365,36,S7,2,16,i,16,,0,0,1,0,0,0,0,Simple,,
606,26,7,2006,Bcomeau,4715.761,6456.355,4715.706,6456.365,36,S7,2,16,f,25,,0,0,1,0,0,0,0,Simple,,
607,26,7,2006,Bcomeau,4715.761,6456.355,4715.706,6456.365,36,S7,2,18,m,20,,1,0,1,0,0,0,0,Simple,,
608,26,7,2006,Bcomeau,4715.761,6456.355,4715.706,6456.365,36,S7,2,19,m,78,,0,0,1,0,0,0,0,Simple,,
609,26,7,2006,Bcomeau,4715.761,6456.355,4715.706,6456.365,36,S7,2,20,i,12,,1,0,1,0,0,0,0,Simple,,
610,26,7,2006,Bcomeau,4715.761,6456.355,4715.706,6456.365,36,S7,2,20,f,66,,1,0,1,0,0,0,0,Simple,,
611,26,7,2006,Grobichaud,4715.88,6456.25,4715.825,6456.263,36,S7,3,3,m,82,,1,0,1,0,0,0,0,Simple,,
612,26,7,2006,Grobichaud,4715.88,6456.25,4715.825,6456.263,36,S7,3,4,f,33,,1,0,1,0,0,0,0,Simple,,
613,26,7,2006,Grobichaud,4715.88,6456.25,4715.825,6456.263,36,S7,3,4,i,13,,1,0,1,0,0,0,0,Simple,,
614,26,7,2006,Grobichaud,4715.88,6456.25,4715.825,6456.263,36,S7,3,4,m,23,,1,0,1,0,0,0,0,Simple,,
615,26,7,2006,Grobichaud,4715.88,6456.25,4715.825,6456.263,36,S7,3,5,f,61,,0,0,1,0,0,0,0,Simple,,
616,26,7,2006,Grobichaud,4715.88,6456.25,4715.825,6456.263,36,S7,3,6,f,62,,0,0,1,0,0,0,0,Simple,,
617,26,7,2006,Grobichaud,4715.88,6456.25,4715.825,6456.263,36,S7,3,6,m,22,,0,0,1,0,0,0,0,Simple,,
618,26,7,2006,Grobichaud,4715.88,6456.25,4715.825,6456.263,36,S7,3,6,m,22,,0,0,1,0,0,0,0,Simple,,
619,26,7,2006,Grobichaud,4715.88,6456.25,4715.825,6456.263,36,S7,3,7,m,22,,0,0,1,0,0,0,0,Simple,,
620,26,7,2006,Grobichaud,4715.88,6456.25,4715.825,6456.263,36,S7,3,7,m,21,,0,0,1,0,0,0,0,Simple,,
621,26,7,2006,Grobichaud,4715.88,6456.25,4715.825,6456.263,36,S7,3,8,f,24,,0,0,1,0,0,0,0,Simple,,
622,26,7,2006,Grobichaud,4715.88,6456.25,4715.825,6456.263,36,S7,3,9,m,88,,0,0,1,0,0,0,0,Simple,,
623,26,7,2006,Grobichaud,4715.88,6456.25,4715.825,6456.263,36,S7,3,13,m,60,,0,0,1,0,0,0,0,Simple,,
624,26,7,2006,Grobichaud,4715.88,6456.25,4715.825,6456.263,36,S7,3,13,m,60,,0,0,1,0,0,0,0,Simple,,
625,26,7,2006,Grobichaud,4715.88,6456.25,4715.825,6456.263,36,S7,3,13,m,60,,0,0,1,0,0,0,0,Simple,,
626,26,7,2006,Grobichaud,4715.88,6456.25,4715.825,6456.263,36,S7,3,13,m,60,,0,0,1,0,0,0,0,Simple,,
627,26,7,2006,Grobichaud,4715.88,6456.25,4715.825,6456.263,36,S7,3,13,m,60,,0,0,1,0,0,0,0,Simple,,
628,26,7,2006,Grobichaud,4715.88,6456.25,4715.825,6456.263,36,S7,3,14,f,68,,0,0,1,0,0,0,0,Simple,,
629,26,7,2006,Grobichaud,4715.88,6456.25,4715.825,6456.263,36,S7,3,19,m,57,,0,0,1,0,0,0,0,Simple,,
630,26,7,2006,Mgodin,4715.88,6456.25,4715.825,6456.263,36,S7,3,2,f,48,,1,0,1,0,0,0,0,Simple,,
631,26,7,2006,Mgodin,4715.88,6456.25,4715.825,6456.263,36,S7,3,4,f,66,,1,0,1,0,0,0,0,Simple,,
632,26,7,2006,Mgodin,4715.88,6456.25,4715.825,6456.263,36,S7,3,5,m,22,,1,0,1,0,0,0,0,Simple,,
633,26,7,2006,Mgodin,4715.88,6456.25,4715.825,6456.263,36,S7,3,7,f,64,,1,0,1,0,0,0,0,Simple,,
634,26,7,2006,Mgodin,4715.88,6456.25,4715.825,6456.263,36,S7,3,8,i,16,,1,0,1,0,0,0,0,Simple,,
635,26,7,2006,Mgodin,4715.88,6456.25,4715.825,6456.263,36,S7,3,8,m,22,,1,0,1,0,0,0,0,Simple,,
636,26,7,2006,Mgodin,4715.88,6456.25,4715.825,6456.263,36,S7,3,9,m,49,,1,0,1,0,0,0,0,Simple,,
637,26,7,2006,Mgodin,4715.88,6456.25,4715.825,6456.263,36,S7,3,14,m,34,,1,0,1,0,0,0,0,Simple,,
638,26,7,2006,Mgodin,4715.88,6456.25,4715.825,6456.263,36,S7,3,14,m,70,,1,0,1,0,0,0,0,Simple,,
639,26,7,2006,Mgodin,4715.88,6456.25,4715.825,6456.263,36,S7,3,16,m,77,,1,0,1,0,0,0,0,Simple,,
640,26,7,2006,Mgodin,4715.88,6456.25,4715.825,6456.263,36,S7,3,19,f,33,,1,0,1,0,0,0,0,Simple,,
641,26,7,2006,Mgodin,4715.88,6456.25,4715.825,6456.263,36,S7,3,20,m,22,,1,0,1,0,0,0,0,Simple,,
642,26,7,2006,Mgodin,4715.88,6456.25,4715.825,6456.263,36,S7,3,20,m,56,,1,0,1,0,0,0,0,Simple,,
643,26,7,2006,Bcomeau,4715.859,6456.351,4715.805,6456.327,36,S7,4,1,f,20,,0,0,1,0,0,0,0,Simple,,
644,26,7,2006,Bcomeau,4715.859,6456.351,4715.805,6456.327,36,S7,4,1,m,27,,0,0,1,0,0,0,0,Simple,,
645,26,7,2006,Bcomeau,4715.859,6456.351,4715.805,6456.327,36,S7,4,1,i,12,,0,0,1,0,0,0,0,Simple,,
646,26,7,2006,Bcomeau,4715.859,6456.351,4715.805,6456.327,36,S7,4,1,f,32,,0,0,1,0,0,0,0,Simple,,
647,26,7,2006,Bcomeau,4715.859,6456.351,4715.805,6456.327,36,S7,4,2,m,37,,0,0,1,0,0,0,0,Simple,,
648,26,7,2006,Bcomeau,4715.859,6456.351,4715.805,6456.327,36,S7,4,2,m,37,,0,0,1,0,0,0,0,Simple,,
649,26,7,2006,Bcomeau,4715.859,6456.351,4715.805,6456.327,36,S7,4,2,m,34,,0,0,1,0,0,0,0,Simple,,
650,26,7,2006,Bcomeau,4715.859,6456.351,4715.805,6456.327,36,S7,4,2,f,40,,0,0,1,0,0,0,0,Simple,36FEXUVIA,
651,26,7,2006,Bcomeau,4715.859,6456.351,4715.805,6456.327,36,S7,4,3,m,24,,0,0,1,0,0,0,0,Simple,LS,
652,26,7,2006,Bcomeau,4715.859,6456.351,4715.805,6456.327,36,S7,4,3,f,26,,0,0,1,0,0,0,0,Simple,,
653,26,7,2006,Bcomeau,4715.859,6456.351,4715.805,6456.327,36,S7,4,4,f,61,,0,0,1,0,0,0,0,Simple,,
654,26,7,2006,Bcomeau,4715.859,6456.351,4715.805,6456.327,36,S7,4,4,f,21,,0,0,1,0,0,0,0,Simple,,
655,26,7,2006,Bcomeau,4715.859,6456.351,4715.805,6456.327,36,S7,4,5,i,16,,0,0,1,0,0,0,0,Simple,,
656,26,7,2006,Bcomeau,4715.859,6456.351,4715.805,6456.327,36,S7,4,6,i,16,,0,0,1,0,0,0,0,Simple,,
657,26,7,2006,Bcomeau,4715.859,6456.351,4715.805,6456.327,36,S7,4,6,m,31,,0,0,1,0,0,0,0,Simple,,
658,26,7,2006,Bcomeau,4715.859,6456.351,4715.805,6456.327,36,S7,4,12,i,17,,1,0,1,0,0,0,0,Simple,,
659,26,7,2006,Bcomeau,4715.859,6456.351,4715.805,6456.327,36,S7,4,13,f,34,,0,0,1,0,0,0,0,Simple,,
660,26,7,2006,Bcomeau,4715.859,6456.351,4715.805,6456.327,36,S7,4,14,f,25,,0,0,1,0,0,0,0,Simple,,
661,26,7,2006,Bcomeau,4715.859,6456.351,4715.805,6456.327,36,S7,4,14,f,20,,0,0,1,0,0,0,0,Simple,,
662,26,7,2006,Bcomeau,4715.859,6456.351,4715.805,6456.327,36,S7,4,14,m,40,,0,0,1,0,0,0,0,Simple,,
663,26,7,2006,Bcomeau,4715.859,6456.351,4715.805,6456.327,36,S7,4,14,i,19,,0,0,1,0,0,0,0,Simple,,
664,26,7,2006,Bcomeau,4715.859,6456.351,4715.805,6456.327,36,S7,4,14,m,24,,0,0,1,0,0,0,0,Simple,,
665,26,7,2006,Bcomeau,4715.859,6456.351,4715.805,6456.327,36,S7,4,14,f,20,,0,0,1,0,0,0,0,Simple,,
666,26,7,2006,Bcomeau,4715.859,6456.351,4715.805,6456.327,36,S7,4,16,m,40,,0,0,1,0,0,0,0,Simple,LS,
667,26,7,2006,Bcomeau,4715.859,6456.351,4715.805,6456.327,36,S7,4,17,m,38,,0,0,1,0,0,0,0,Simple,,
668,26,7,2006,Bcomeau,4715.859,6456.351,4715.805,6456.327,36,S7,4,19,f,60,,0,0,1,0,0,1,0,Simple,,
669,26,7,2006,Bcomeau,4715.859,6456.351,4715.805,6456.327,36,S7,4,19,m,48,,0,0,1,0,0,1,0,Simple,,
670,26,7,2006,Bcomeau,4715.859,6456.351,4715.805,6456.327,36,S7,4,20,m,111,,1,0,1,0,0,0,0,Simple,,
671,26,7,2006,Bcomeau,4715.859,6456.351,4715.805,6456.327,36,S7,4,20,m,50,,1,0,1,0,0,0,0,Simple,,
672,26,7,2006,Mcomeau,4715.859,6456.351,4715.805,6456.327,36,S7,4,1,m,36,,0,0,1,0,0,0,1,Simple,,
673,26,7,2006,Mcomeau,4715.859,6456.351,4715.805,6456.327,36,S7,4,1,m,36,,0,0,1,0,0,0,1,Simple,,
674,26,7,2006,Mcomeau,4715.859,6456.351,4715.805,6456.327,36,S7,4,1,f,50,,0,0,1,0,0,0,1,Simple,,
675,26,7,2006,Mcomeau,4715.859,6456.351,4715.805,6456.327,36,S7,4,2,f,24,,1,0,1,0,0,0,1,Simple,,
676,26,7,2006,Mcomeau,4715.859,6456.351,4715.805,6456.327,36,S7,4,2,f,30,,1,0,1,0,0,0,1,Simple,,
677,26,7,2006,Mcomeau,4715.859,6456.351,4715.805,6456.327,36,S7,4,2,f,77,,1,0,1,0,0,0,1,Simple,,
678,26,7,2006,Mcomeau,4715.859,6456.351,4715.805,6456.327,36,S7,4,3,m,31,,1,0,1,0,0,0,1,Simple,LS,
679,26,7,2006,Mcomeau,4715.859,6456.351,4715.805,6456.327,36,S7,4,3,m,24,,1,0,1,0,0,0,1,Simple,LS,
680,26,7,2006,Mcomeau,4715.859,6456.351,4715.805,6456.327,36,S7,4,4,m,33,,1,0,1,0,0,0,1,Simple,,
681,26,7,2006,Mcomeau,4715.859,6456.351,4715.805,6456.327,36,S7,4,4,f,52,,1,0,1,0,0,0,1,Simple,,
682,26,7,2006,Mcomeau,4715.859,6456.351,4715.805,6456.327,36,S7,4,4,m,44,,1,0,1,0,0,0,1,Simple,,
683,26,7,2006,Mcomeau,4715.859,6456.351,4715.805,6456.327,36,S7,4,6,i,18,,0,0,1,0,0,0,1,Simple,,
684,26,7,2006,Mcomeau,4715.859,6456.351,4715.805,6456.327,36,S7,4,6,m,34,,0,0,1,0,0,0,1,Simple,,
685,26,7,2006,Mcomeau,4715.859,6456.351,4715.805,6456.327,36,S7,4,6,m,64,,0,0,1,0,0,0,1,Simple,,
686,26,7,2006,Mcomeau,4715.859,6456.351,4715.805,6456.327,36,S7,4,8,m,34,,0,0,1,0,0,0,1,Simple,,
687,26,7,2006,Mcomeau,4715.859,6456.351,4715.805,6456.327,36,S7,4,8,f,28,,0,0,1,0,0,0,1,Simple,,
688,26,7,2006,Mcomeau,4715.859,6456.351,4715.805,6456.327,36,S7,4,8,m,79,,0,0,1,0,0,0,1,Simple,,
689,26,7,2006,Mcomeau,4715.859,6456.351,4715.805,6456.327,36,S7,4,8,m,34,,0,0,1,0,0,0,1,Simple,,
690,26,7,2006,Mcomeau,4715.859,6456.351,4715.805,6456.327,36,S7,4,8,m,68,,0,0,1,0,0,0,1,Simple,,
691,26,7,2006,Mcomeau,4715.859,6456.351,4715.805,6456.327,36,S7,4,8,m,24,,0,0,1,0,0,0,1,Simple,,
692,26,7,2006,Mcomeau,4715.859,6456.351,4715.805,6456.327,36,S7,4,9,f,24,,0,0,1,0,0,0,0,Simple,,
693,26,7,2006,Mcomeau,4715.859,6456.351,4715.805,6456.327,36,S7,4,12,i,13,,0,0,1,0,0,0,1,Simple,LS,
694,26,7,2006,Mcomeau,4715.859,6456.351,4715.805,6456.327,36,S7,4,13,m,48,,0,0,1,0,0,0,1,Simple,36STD,
695,26,7,2006,Mcomeau,4715.859,6456.351,4715.805,6456.327,36,S7,4,13,m,42,,0,0,1,0,0,0,1,Simple,,
696,26,7,2006,Mcomeau,4715.859,6456.351,4715.805,6456.327,36,S7,4,13,f,42,,0,0,1,0,0,0,1,Simple,,
697,26,7,2006,Mcomeau,4715.859,6456.351,4715.805,6456.327,36,S7,4,14,m,32,,0,0,1,0,0,0,1,Simple,24STD,
698,26,7,2006,Mcomeau,4715.859,6456.351,4715.805,6456.327,36,S7,4,14,m,33,,0,0,1,0,0,0,1,Simple,6LS,
699,26,7,2006,Mcomeau,4715.859,6456.351,4715.805,6456.327,36,S7,4,14,f,72,,0,0,1,0,0,0,1,Simple,,
700,26,7,2006,Mcomeau,4715.859,6456.351,4715.805,6456.327,36,S7,4,15,,,,0,0,1,0,0,0,1,Simple,2LS,
701,26,7,2006,Mcomeau,4715.859,6456.351,4715.805,6456.327,36,S7,4,16,m,23,,0,0,1,0,0,0,1,Simple,LS,
702,26,7,2006,Mcomeau,4715.859,6456.351,4715.805,6456.327,36,S7,4,16,i,9,,0,0,1,0,0,0,1,Simple,LS,
703,26,7,2006,Mcomeau,4715.859,6456.351,4715.805,6456.327,36,S7,4,16,i,9,,0,0,1,0,0,0,1,Simple,,
704,26,7,2006,Mcomeau,4715.859,6456.351,4715.805,6456.327,36,S7,4,16,m,44,,0,0,1,0,0,0,1,Simple,,
705,26,7,2006,Mcomeau,4715.859,6456.351,4715.805,6456.327,36,S7,4,16,i,16,,0,0,1,0,0,0,1,Simple,,
706,26,7,2006,Mcomeau,4715.859,6456.351,4715.805,6456.327,36,S7,4,16,f,24,,0,0,1,0,0,0,1,Simple,,
707,26,7,2006,Mcomeau,4715.859,6456.351,4715.805,6456.327,36,S7,4,17,f,66,,0,0,1,0,0,0,0,Simple,2LS,
708,26,7,2006,Mcomeau,4715.859,6456.351,4715.805,6456.327,36,S7,4,18,m,42,,0,0,1,0,0,0,0,Simple,,
709,26,7,2006,Mcomeau,4715.859,6456.351,4715.805,6456.327,36,S7,4,18,f,72,,0,0,1,0,0,0,0,Simple,,
710,26,7,2006,Mcomeau,4715.859,6456.351,4715.805,6456.327,36,S7,4,19,m,51,,0,0,1,0,0,0,1,Simple,,
711,26,7,2006,Mcomeau,4715.859,6456.351,4715.805,6456.327,36,S7,4,19,m,24,,0,0,1,0,0,0,1,Simple,,
712,26,7,2006,Mcomeau,4715.859,6456.351,4715.805,6456.327,36,S7,4,19,m,22,,0,0,1,0,0,0,1,Simple,,
713,26,7,2006,Mcomeau,4715.859,6456.351,4715.805,6456.327,36,S7,4,19,i,16,,0,0,1,0,0,0,1,Simple,,
