Marker,Jour,Mois,Année,Plongeur,Début - lat.,Début - long.,Fin - lat.,Fin - long.,Depth,Site,Transect,section,sexe,LC,Escape,Sa,Va,Du,Al,Gr,Co,Ca,type,commentaire,fond,
1,24,8,2005,Elandry,4749.492,6509.918,4749.484,6510.994,19,GA1,GA1,1,m,69,,0,0,0,0,1,,1,Simple,,,
2,24,8,2005,Elandry,4749.492,6509.918,4749.484,6510.994,19,GA1,GA1,2,,,,0,0,0,0,1,,1,Simple,,,
3,24,8,2005,Elandry,4749.492,6509.918,4749.484,6510.994,19,GA1,GA1,3,m,70,,0,0,0,0,0,,1,Simple,,,
4,24,8,2005,Elandry,4749.492,6509.918,4749.484,6510.994,19,GA1,GA1,4,m,76,,0,0,0,0,0,,1,Simple,,,
5,24,8,2005,Elandry,4749.492,6509.918,4749.484,6510.994,19,GA1,GA1,5,m,42,,0,0,0,0,1,,1,Simple,,,
6,24,8,2005,Elandry,4749.492,6509.918,4749.484,6510.994,19,GA1,GA1,6,m,25,,0,0,0,0,1,,1,Simple,,,
7,24,8,2005,Elandry,4749.492,6509.918,4749.484,6510.994,19,GA1,GA1,7,f,65,,0,0,0,0,1,,1,Simple,,,
8,24,8,2005,Elandry,4749.492,6509.918,4749.484,6510.994,19,GA1,GA1,7,b,73,,0,0,0,0,1,,1,Simple,,,
9,24,8,2005,Elandry,4749.492,6509.918,4749.484,6510.994,19,GA1,GA1,8,,,,0,0,0,0,1,,1,Simple,,,
10,24,8,2005,Elandry,4749.492,6509.918,4749.484,6510.994,19,GA1,GA1,9,m,30,,0,0,1,0,0,,0,Simple,,,
11,24,8,2005,Elandry,4749.492,6509.918,4749.484,6510.994,19,GA1,GA1,10,f,27,,0,0,1,0,0,,0,Simple,,,
12,24,8,2005,Elandry,4749.492,6509.918,4749.484,6510.994,19,GA1,GA1,10,f,64,,0,0,1,0,0,,0,Simple,,,
14,24,8,2005,Elandry,4749.492,6509.918,4749.484,6510.994,19,GA1,GA1,12,m,38,,0,0,1,0,0,,0,Simple,,,
15,24,8,2005,Elandry,4749.492,6509.918,4749.484,6510.994,19,GA1,GA1,13,m,47,,0,0,1,0,0,,1,Simple,,,
16,24,8,2005,Elandry,4749.492,6509.918,4749.484,6510.994,19,GA1,GA1,13,f,22,,0,0,1,0,0,,0,Simple,,,
18,24,8,2005,Elandry,4749.492,6509.918,4749.484,6510.994,19,GA1,GA1,15,m,14,,0,0,1,0,0,,0,Simple,,,
20,24,8,2005,Elandry,4749.492,6509.918,4749.484,6510.994,19,GA1,GA1,17,m,13,,0,0,1,0,0,,1,Simple,,,
21,24,8,2005,Elandry,4749.492,6509.918,4749.484,6510.994,19,GA1,GA1,18,m,18,,0,0,0,0,1,,1,Simple,,,
22,24,8,2005,Elandry,4749.492,6509.918,4749.484,6510.994,19,GA1,GA1,19,m,38,,0,0,1,0,1,,1,Simple,,,
23,24,8,2005,Elandry,4749.492,6509.918,4749.484,6510.994,19,GA1,GA1,20,f,56,,0,0,0,0,1,,1,Simple,,,
24,24,8,2005,Elandry,4749.492,6509.918,4749.484,6510.994,19,GA1,GA1,20,m,78,,0,0,0,0,1,,1,Simple,,,
25,24,8,2005,Glandry,4749.492,6509.918,4749.484,6510.994,19,GA1,GA1,1,f,70,,0,0,0,0,1,,1,Simple,LS,,
26,24,8,2005,Glandry,4749.492,6509.918,4749.484,6510.994,19,GA1,GA1,1,m,67,,0,0,0,0,1,,1,Simple,,,
27,24,8,2005,Glandry,4749.492,6509.918,4749.484,6510.994,19,GA1,GA1,2,m,33,,0,0,0,0,0,,1,Simple,,,
28,24,8,2005,Glandry,4749.492,6509.918,4749.484,6510.994,19,GA1,GA1,3,m,25,,0,0,0,0,0,,1,Simple,LS,,
29,24,8,2005,Glandry,4749.492,6509.918,4749.484,6510.994,19,GA1,GA1,4,f,30,,0,0,0,0,0,,1,Simple,,,
30,24,8,2005,Glandry,4749.492,6509.918,4749.484,6510.994,19,GA1,GA1,5,,,,0,0,0,0,1,,1,Simple,LS,,
31,24,8,2005,Glandry,4749.492,6509.918,4749.484,6510.994,19,GA1,GA1,6,f,60,,0,0,0,0,1,,1,Simple,,,
32,24,8,2005,Glandry,4749.492,6509.918,4749.484,6510.994,19,GA1,GA1,7,m,18,,0,0,0,0,1,,1,Simple,LS,,
33,24,8,2005,Glandry,4749.492,6509.918,4749.484,6510.994,19,GA1,GA1,7,m,39,,0,0,0,0,1,,1,Simple,,,
34,24,8,2005,Glandry,4749.492,6509.918,4749.484,6510.994,19,GA1,GA1,8,,,,0,0,0,0,1,,1,Simple,LS,,
35,24,8,2005,Glandry,4749.492,6509.918,4749.484,6510.994,19,GA1,GA1,9,f,36,,0,0,0,0,1,,1,Simple,,,
36,24,8,2005,Glandry,4749.492,6509.918,4749.484,6510.994,19,GA1,GA1,10,,,,0,0,0,0,1,,1,Simple,LS,,
37,24,8,2005,Glandry,4749.492,6509.918,4749.484,6510.994,19,GA1,GA1,11,f,21,,0,0,1,0,1,,1,Simple,,,
38,24,8,2005,Glandry,4749.492,6509.918,4749.484,6510.994,19,GA1,GA1,11,m,17,,0,0,1,0,1,,1,Simple,,,
39,24,8,2005,Glandry,4749.492,6509.918,4749.484,6510.994,19,GA1,GA1,12,m,11,,0,0,1,0,1,,1,Simple,LS,,
40,24,8,2005,Glandry,4749.492,6509.918,4749.484,6510.994,19,GA1,GA1,13,f,22,,0,0,1,0,1,,1,Simple,,,
41,24,8,2005,Glandry,4749.492,6509.918,4749.484,6510.994,19,GA1,GA1,14,m,14,,0,0,1,0,1,,1,Simple,,,
43,24,8,2005,Glandry,4749.492,6509.918,4749.484,6510.994,19,GA1,GA1,16,,,,0,0,1,0,1,,1,Simple,LS,,
44,24,8,2005,Glandry,4749.492,6509.918,4749.484,6510.994,19,GA1,GA1,17,,,,0,0,1,0,1,,1,Simple,,,
45,24,8,2005,Glandry,4749.492,6509.918,4749.484,6510.994,19,GA1,GA1,18,,,,0,0,0,0,0,,1,Simple,LS,,
46,24,8,2005,Glandry,4749.492,6509.918,4749.484,6510.994,19,GA1,GA1,19,f,33,,0,0,0,0,0,,1,Simple,,,
47,24,8,2005,Glandry,4749.492,6509.918,4749.484,6510.994,19,GA1,GA1,20,m,20,,0,0,0,0,0,,1,Simple,,,
48,25,8,2005,Glandry,4749.478,6510.061,4749.457,6510.132,22,GA1,GA2,1,f,40,,0,0,1,0,0,,1,Simple,,,
52,25,8,2005,Glandry,4749.478,6510.061,4749.457,6510.132,22,GA1,GA2,5,f,34,,0,0,1,0,0,,0,Simple,,,
53,25,8,2005,Glandry,4749.478,6510.061,4749.457,6510.132,22,GA1,GA2,6,m,33,,0,0,1,0,0,,0,Simple,,,
54,25,8,2005,Glandry,4749.478,6510.061,4749.457,6510.132,22,GA1,GA2,6,f,60,,0,0,1,0,0,,0,Simple,,,
57,25,8,2005,Glandry,4749.478,6510.061,4749.457,6510.132,22,GA1,GA2,9,f,36,,0,0,1,0,0,,0,Simple,,,
59,25,8,2005,Glandry,4749.478,6510.061,4749.457,6510.132,22,GA1,GA2,11,m,33,,0,0,1,0,0,,0,Simple,,,
61,25,8,2005,Glandry,4749.478,6510.061,4749.457,6510.132,22,GA1,GA2,13,,,,0,0,1,0,0,,1,Simple,,,
62,25,8,2005,Glandry,4749.478,6510.061,4749.457,6510.132,22,GA1,GA2,14,b,72,,0,0,1,0,0,,0,Simple,,,
64,25,8,2005,Glandry,4749.478,6510.061,4749.457,6510.132,22,GA1,GA2,16,f,47,,0,0,1,0,0,,1,Simple,,,
65,25,8,2005,Glandry,4749.478,6510.061,4749.457,6510.132,22,GA1,GA2,16,m,26,,0,0,1,0,0,,1,Simple,,,
66,25,8,2005,Glandry,4749.478,6510.061,4749.457,6510.132,22,GA1,GA2,17,f,37,,0,0,1,0,0,,1,Simple,,,
67,25,8,2005,Glandry,4749.478,6510.061,4749.457,6510.132,22,GA1,GA2,17,m,46,,0,0,1,0,0,,1,Simple,,,
68,25,8,2005,Glandry,4749.478,6510.061,4749.457,6510.132,22,GA1,GA2,18,,,,0,0,1,0,0,,1,Simple,LS,,
69,25,8,2005,Glandry,4749.478,6510.061,4749.457,6510.132,22,GA1,GA2,19,,,,0,0,1,0,0,,1,Simple,LS,,
71,25,8,2005,Elandry,4749.478,6510.061,4749.457,6510.132,22,GA1,GA2,1,m,38,,0,0,1,0,1,,1,Simple,,,
72,25,8,2005,Elandry,4749.478,6510.061,4749.457,6510.132,22,GA1,GA2,1,f,53,,0,0,1,0,1,,1,Simple,,,
75,25,8,2005,Elandry,4749.478,6510.061,4749.457,6510.132,22,GA1,GA2,4,f,53,,0,0,1,0,0,,0,Simple,s,,
76,25,8,2005,Elandry,4749.478,6510.061,4749.457,6510.132,22,GA1,GA2,4,f,30,,0,0,1,0,0,,0,Simple,s,,
92,25,8,2005,Elandry,4749.478,6510.061,4749.457,6510.132,22,GA1,GA2,20,m,46,,0,0,1,0,0,,1,Simple,,,
93,25,8,2005,Glandry,4749.457,6509.978,4749.446,6510.054,21,GA1,GA3,1,m,14,,0,0,1,0,0,,1,Simple,,,
94,25,8,2005,Glandry,4749.457,6509.978,4749.446,6510.054,21,GA1,GA3,1,m,18,,0,0,1,0,0,,1,Simple,,,
95,25,8,2005,Glandry,4749.457,6509.978,4749.446,6510.054,21,GA1,GA3,1,m,34,,0,0,1,0,0,,1,Simple,,,
96,25,8,2005,Glandry,4749.457,6509.978,4749.446,6510.054,21,GA1,GA3,2,,,,0,0,1,0,0,,1,Simple,LS,,
97,25,8,2005,Glandry,4749.457,6509.978,4749.446,6510.054,21,GA1,GA3,3,f,66,,0,0,1,0,0,,1,Simple,,,
98,25,8,2005,Glandry,4749.457,6509.978,4749.446,6510.054,21,GA1,GA3,3,m,13,,0,0,1,0,0,,1,Simple,,,
99,25,8,2005,Glandry,4749.457,6509.978,4749.446,6510.054,21,GA1,GA3,4,f,45,,0,0,1,0,1,,1,Simple,LS,,
100,25,8,2005,Glandry,4749.457,6509.978,4749.446,6510.054,21,GA1,GA3,4,f,31,,0,0,1,0,1,,1,Simple,,,
101,25,8,2005,Glandry,4749.457,6509.978,4749.446,6510.054,21,GA1,GA3,4,m,17,,0,0,1,0,1,,1,Simple,,,
102,25,8,2005,Glandry,4749.457,6509.978,4749.446,6510.054,21,GA1,GA3,5,f,70,,0,0,1,0,1,,1,Simple,,,
103,25,8,2005,Glandry,4749.457,6509.978,4749.446,6510.054,21,GA1,GA3,5,m,37,,0,0,1,0,1,,1,Simple,,,
104,25,8,2005,Glandry,4749.457,6509.978,4749.446,6510.054,21,GA1,GA3,5,m,50,,0,0,1,0,1,,1,Simple,,,
105,25,8,2005,Glandry,4749.457,6509.978,4749.446,6510.054,21,GA1,GA3,6,f,35,,0,0,1,0,1,,1,Simple,,,
106,25,8,2005,Glandry,4749.457,6509.978,4749.446,6510.054,21,GA1,GA3,6,f,49,,0,0,1,0,1,,1,Simple,,,
107,25,8,2005,Glandry,4749.457,6509.978,4749.446,6510.054,21,GA1,GA3,7,,,,0,0,1,0,1,,1,Simple,,,
108,25,8,2005,Glandry,4749.457,6509.978,4749.446,6510.054,21,GA1,GA3,8,,,,0,0,1,0,1,,1,Simple,LS,,
109,25,8,2005,Glandry,4749.457,6509.978,4749.446,6510.054,21,GA1,GA3,9,,,,0,0,1,0,1,,1,Simple,,,
112,25,8,2005,Glandry,4749.457,6509.978,4749.446,6510.054,21,GA1,GA3,12,f,27,,0,0,1,0,0,,0,Simple,s-2s,,
113,25,8,2005,Glandry,4749.457,6509.978,4749.446,6510.054,21,GA1,GA3,13,m,53,,0,0,1,0,0,,0,Simple,s-2s,,
114,25,8,2005,Glandry,4749.457,6509.978,4749.446,6510.054,21,GA1,GA3,14,f,33,,0,0,1,0,1,,0,Simple,s,,
115,25,8,2005,Glandry,4749.457,6509.978,4749.446,6510.054,21,GA1,GA3,15,m,53,,0,0,1,0,1,,0,Simple,s-2s,,
116,25,8,2005,Glandry,4749.457,6509.978,4749.446,6510.054,21,GA1,GA3,16,,,,0,0,0,0,1,,1,Simple,s-LS,,
117,25,8,2005,Glandry,4749.457,6509.978,4749.446,6510.054,21,GA1,GA3,17,f,45,,0,0,0,0,1,,1,Simple,s-2s,,
117,25,8,2005,Glandry,4749.457,6509.978,4749.446,6510.054,21,GA1,GA3,17,m,16,,0,0,0,0,1,,1,,,,
118,25,8,2005,Glandry,4749.457,6509.978,4749.446,6510.054,21,GA1,GA3,18,m,37,,0,0,0,0,1,,1,Simple,,,
119,25,8,2005,Glandry,4749.457,6509.978,4749.446,6510.054,21,GA1,GA3,18,f,37,,0,0,0,0,1,,1,Simple,,,
120,25,8,2005,Glandry,4749.457,6509.978,4749.446,6510.054,21,GA1,GA3,19,m,68,,0,0,0,0,1,,1,Simple,2s,,
121,25,8,2005,Glandry,4749.457,6509.978,4749.446,6510.054,21,GA1,GA3,20,m,27,,0,0,0,0,1,,1,Simple,s-2s,,
122,25,8,2005,Elandry,4749.457,6509.978,4749.446,6510.054,21,GA1,GA3,1,f,40,,0,0,1,0,0,,1,Simple,s-2s,,
123,25,8,2005,Elandry,4749.457,6509.978,4749.446,6510.054,21,GA1,GA3,2,f,15,,0,0,1,0,0,,1,Simple,,,
124,25,8,2005,Elandry,4749.457,6509.978,4749.446,6510.054,21,GA1,GA3,2,m,80,,0,0,1,0,0,,1,Simple,,,
125,25,8,2005,Elandry,4749.457,6509.978,4749.446,6510.054,21,GA1,GA3,3,b,80,,0,0,0,0,1,,1,Simple,,,
126,25,8,2005,Elandry,4749.457,6509.978,4749.446,6510.054,21,GA1,GA3,3,f,45,,0,0,0,0,1,,1,Simple,,,
127,25,8,2005,Elandry,4749.457,6509.978,4749.446,6510.054,21,GA1,GA3,4,f,25,,0,0,0,0,1,,1,Simple,,,
128,25,8,2005,Elandry,4749.457,6509.978,4749.446,6510.054,21,GA1,GA3,5,m,25,,0,0,0,0,1,,1,Simple,,,
129,25,8,2005,Elandry,4749.457,6509.978,4749.446,6510.054,21,GA1,GA3,6,f,29,,0,0,0,0,1,,0,Simple,s,,
131,25,8,2005,Elandry,4749.457,6509.978,4749.446,6510.054,21,GA1,GA3,6,f,33,,0,0,0,0,1,,,,,,
130,25,8,2005,Elandry,4749.457,6509.978,4749.446,6510.054,21,GA1,GA3,7,f,63,,0,0,0,0,1,,0,Simple,s,,
134,25,8,2005,Elandry,4749.457,6509.978,4749.446,6510.054,21,GA1,GA3,11,i,40,,0,0,0,0,1,,0,Simple,,,
135,25,8,2005,Elandry,4749.457,6509.978,4749.446,6510.054,21,GA1,GA3,12,m,13,,0,0,1,0,1,,1,Simple,s-2s,,
136,25,8,2005,Elandry,4749.457,6509.978,4749.446,6510.054,21,GA1,GA3,12,f,49,,0,0,1,0,1,,1,Simple,,,
137,25,8,2005,Elandry,4749.457,6509.978,4749.446,6510.054,21,GA1,GA3,12,f,27,,0,0,1,0,1,,1,Simple,,,
138,25,8,2005,Elandry,4749.457,6509.978,4749.446,6510.054,21,GA1,GA3,13,m,43,,0,0,0,0,1,,0,Simple,s-2s,,
138,25,8,2005,Elandry,4749.457,6509.978,4749.446,6510.054,21,GA1,GA3,13,f,50,,0,0,0,0,1,,,,,,
139,25,8,2005,Elandry,4749.457,6509.978,4749.446,6510.054,21,GA1,GA3,14,m,25,,0,0,0,0,1,,0,Simple,s,,
140,25,8,2005,Elandry,4749.457,6509.978,4749.446,6510.054,21,GA1,GA3,17,m,30,,0,0,0,0,1,,0,Simple,s,,
141,25,8,2005,Elandry,4749.457,6509.978,4749.446,6510.054,21,GA1,GA3,17,m,57,,0,0,0,0,1,,0,Simple,,,
141,25,8,2005,Elandry,4749.457,6509.978,4749.446,6510.054,21,GA1,GA3,17,m,45,,0,0,0,0,1,,0,Simple,,,
142,25,8,2005,Elandry,4749.457,6509.978,4749.446,6510.054,21,GA1,GA3,17,i,10,,0,0,0,0,1,,0,Simple,,,
143,25,8,2005,Elandry,4749.457,6509.978,4749.446,6510.054,21,GA1,GA3,18,m,18,,0,0,0,0,1,,0,Simple,s,,
144,25,8,2005,Elandry,4749.457,6509.978,4749.446,6510.054,21,GA1,GA3,19,i,75,,0,0,0,0,1,,0,Simple,1s,,
145,25,8,2005,Elandry,4749.457,6509.978,4749.446,6510.054,21,GA1,GA3,20,m,70,,0,0,0,0,1,,0,Simple,s,,
146,25,8,2005,Elandry,4749.457,6509.978,4749.446,6510.054,21,GA1,GA3,20,m,60,,0,0,0,0,1,,0,Simple,,,
146,25,8,2005,Elandry,4749.457,6509.978,4749.446,6510.054,21,GA1,GA3,20,f,77,,0,0,0,0,1,,0,Simple,,,
147,25,8,2005,Glandry,4749.441,6509.989,4749.429,6510.059,22,GA1,GA4,1,f,64,,0,0,0,0,1,,0,Simple,,,
148,25,8,2005,Glandry,4749.441,6509.989,4749.429,6510.059,22,GA1,GA4,1,m,36,,0,0,0,0,1,,0,Simple,,,
149,25,8,2005,Glandry,4749.441,6509.989,4749.429,6510.059,22,GA1,GA4,2,f,38,,0,0,0,0,1,,0,Simple,,,
150,25,8,2005,Glandry,4749.441,6509.989,4749.429,6510.059,22,GA1,GA4,3,m,15,,0,0,0,0,1,,0,Simple,,,
151,25,8,2005,Glandry,4749.441,6509.989,4749.429,6510.059,22,GA1,GA4,4,,,,0,0,0,0,1,,0,Simple,,,
152,25,8,2005,Glandry,4749.441,6509.989,4749.429,6510.059,22,GA1,GA4,5,m,35,,0,0,0,0,1,,0,Simple,,,
153,25,8,2005,Glandry,4749.441,6509.989,4749.429,6510.059,22,GA1,GA4,6,,,,0,0,0,0,1,,0,Simple,1s,,
154,25,8,2005,Glandry,4749.441,6509.989,4749.429,6510.059,22,GA1,GA4,7,m,14,,0,0,0,0,1,,0,Simple,,,
155,25,8,2005,Glandry,4749.441,6509.989,4749.429,6510.059,22,GA1,GA4,8,f,27,,0,0,0,0,1,,0,Simple,,,
156,25,8,2005,Glandry,4749.441,6509.989,4749.429,6510.059,22,GA1,GA4,9,m,38,,0,0,0,0,1,,0,Simple,s-2s,,
157,25,8,2005,Glandry,4749.441,6509.989,4749.429,6510.059,22,GA1,GA4,9,m,62,,0,0,0,0,1,,0,Simple,LS,,
158,25,8,2005,Glandry,4749.441,6509.989,4749.429,6510.059,22,GA1,GA4,9,f,42,,0,0,0,0,1,,0,Simple,,,
159,25,8,2005,Glandry,4749.441,6509.989,4749.429,6510.059,22,GA1,GA4,9,f,48,,0,0,0,0,1,,0,Simple,,,
160,25,8,2005,Glandry,4749.441,6509.989,4749.429,6510.059,22,GA1,GA4,10,f,75,,0,0,0,0,1,,0,Simple,,,
161,25,8,2005,Glandry,4749.441,6509.989,4749.429,6510.059,22,GA1,GA4,10,m,42,,0,0,0,0,1,,0,Simple,,,
162,25,8,2005,Glandry,4749.441,6509.989,4749.429,6510.059,22,GA1,GA4,11,m,22,,0,0,0,0,1,,0,Simple,,,
162,25,8,2005,Glandry,4749.441,6509.989,4749.429,6510.059,22,GA1,GA4,11,f,45,,0,0,0,0,1,,0,Simple,,,
163,25,8,2005,Glandry,4749.441,6509.989,4749.429,6510.059,22,GA1,GA4,12,,,,0,0,0,0,1,,0,Simple,s,,
164,25,8,2005,Glandry,4749.441,6509.989,4749.429,6510.059,22,GA1,GA4,13,m,15,,0,0,0,0,1,,0,Simple,LS,,
165,25,8,2005,Glandry,4749.441,6509.989,4749.429,6510.059,22,GA1,GA4,14,f,42,,0,0,0,0,1,,0,Simple,,,
166,25,8,2005,Glandry,4749.441,6509.989,4749.429,6510.059,22,GA1,GA4,14,m,14,,0,0,0,0,1,,0,Simple,1s,,
167,25,8,2005,Glandry,4749.441,6509.989,4749.429,6510.059,22,GA1,GA4,14,m,16,,0,0,0,0,1,,0,Simple,,,
168,25,8,2005,Glandry,4749.441,6509.989,4749.429,6510.059,22,GA1,GA4,15,m,14,,0,0,0,0,1,,0,Simple,s,,
168,25,8,2005,Glandry,4749.441,6509.989,4749.429,6510.059,22,GA1,GA4,15,m,18,,0,0,0,0,1,,0,Simple,,,
169,25,8,2005,Glandry,4749.441,6509.989,4749.429,6510.059,22,GA1,GA4,16,m,69,,0,0,0,0,1,,0,Simple,,,
170,25,8,2005,Glandry,4749.441,6509.989,4749.429,6510.059,22,GA1,GA4,17,m,55,,0,0,0,0,1,,0,Simple,1s,,
170,25,8,2005,Glandry,4749.441,6509.989,4749.429,6510.059,22,GA1,GA4,18,i,14,,0,0,0,0,1,,0,Simple,,,
170,25,8,2005,Glandry,4749.441,6509.989,4749.429,6510.059,22,GA1,GA4,18,f,27,,0,0,0,0,1,,0,Simple,,,
170,25,8,2005,Glandry,4749.441,6509.989,4749.429,6510.059,22,GA1,GA4,19,m,17,,0,0,0,0,1,,0,Simple,s,,
170,25,8,2005,Glandry,4749.441,6509.989,4749.429,6510.059,22,GA1,GA4,19,m,14,,0,0,0,0,1,,0,Simple,,,
170,25,8,2005,Glandry,4749.441,6509.989,4749.429,6510.059,22,GA1,GA4,20,m,35,,0,0,0,0,1,,0,Simple,,,
170,25,8,2005,Glandry,4749.441,6509.989,4749.429,6510.059,22,GA1,GA4,20,i,14,,0,0,0,0,1,,0,Simple,s,,
176,25,8,2005,Elandry,4749.441,6509.989,4749.429,6510.059,22,GA1,GA4,2,f,18,,0,0,1,0,1,,1,Simple,,,
177,25,8,2005,Elandry,4749.441,6509.989,4749.429,6510.059,22,GA1,GA4,3,m,68,,0,0,0,0,1,,0,Simple,s,,
178,25,8,2005,Elandry,4749.441,6509.989,4749.429,6510.059,22,GA1,GA4,3,i,16,,0,0,0,0,1,,0,Simple,,,
179,25,8,2005,Elandry,4749.441,6509.989,4749.429,6510.059,22,GA1,GA4,7,f,50,,0,0,0,0,1,,0,Simple,,,
180,25,8,2005,Elandry,4749.441,6509.989,4749.429,6510.059,22,GA1,GA4,7,m,63,,0,0,0,0,1,,0,Simple,,,
181,25,8,2005,Elandry,4749.441,6509.989,4749.429,6510.059,22,GA1,GA4,8,i,60,,0,0,0,0,1,,1,Simple,s,,
182,25,8,2005,Elandry,4749.441,6509.989,4749.429,6510.059,22,GA1,GA4,8,f,43,,0,0,0,0,1,,0,Simple,,,
183,25,8,2005,Elandry,4749.441,6509.989,4749.429,6510.059,22,GA1,GA4,9,f,38,,0,0,0,0,1,,0,Simple,s,,
183,25,8,2005,Elandry,4749.441,6509.989,4749.429,6510.059,22,GA1,GA4,9,m,50,,0,0,0,0,1,,0,Simple,,,
183,25,8,2005,Elandry,4749.441,6509.989,4749.429,6510.059,22,GA1,GA4,10,i,18,,0,0,0,0,1,,0,Simple,,,
183,25,8,2005,Elandry,4749.441,6509.989,4749.429,6510.059,22,GA1,GA4,10,f,42,,0,0,0,0,1,,0,Simple,s,,
183,25,8,2005,Elandry,4749.441,6509.989,4749.429,6510.059,22,GA1,GA4,11,m,64,,0,0,0,0,1,,0,Simple,,,
183,25,8,2005,Elandry,4749.441,6509.989,4749.429,6510.059,22,GA1,GA4,11,m,26,,0,0,0,0,1,,0,Simple,s,,
183,25,8,2005,Elandry,4749.441,6509.989,4749.429,6510.059,22,GA1,GA4,13,f,28,,0,0,0,0,1,,1,Simple,s,,
183,25,8,2005,Elandry,4749.441,6509.989,4749.429,6510.059,22,GA1,GA4,14,i,20,,0,0,0,0,1,,1,Simple,,,
183,25,8,2005,Elandry,4749.441,6509.989,4749.429,6510.059,22,GA1,GA4,15,m,51,,0,0,0,0,1,,1,Simple,s,,
183,25,8,2005,Elandry,4749.441,6509.989,4749.429,6510.059,22,GA1,GA4,16,f,52,,0,0,0,0,1,,1,Simple,s-2s,,
183,25,8,2005,Elandry,4749.441,6509.989,4749.429,6510.059,22,GA1,GA4,16,f,32,,0,0,0,0,1,,1,Simple,,,
183,25,8,2005,Elandry,4749.441,6509.989,4749.429,6510.059,22,GA1,GA4,16,i,18,,0,0,0,0,1,,1,Simple,,,
183,25,8,2005,Elandry,4749.441,6509.989,4749.429,6510.059,22,GA1,GA4,17,m,55,,0,0,0,0,1,,1,Simple,,,
183,25,8,2005,Elandry,4749.441,6509.989,4749.429,6510.059,22,GA1,GA4,17,m,45,,0,0,0,0,1,,1,Simple,s,,
183,25,8,2005,Elandry,4749.441,6509.989,4749.429,6510.059,22,GA1,GA4,17,f,52,,0,0,0,0,1,,1,Simple,,,
183,25,8,2005,Elandry,4749.441,6509.989,4749.429,6510.059,22,GA1,GA4,18,m,45,,0,0,0,0,1,,0,Simple,s,,
183,25,8,2005,Elandry,4749.441,6509.989,4749.429,6510.059,22,GA1,GA4,18,i,20,,0,0,0,0,1,,0,Simple,,,
195,25,8,2005,Elandry,4749.441,6509.989,4749.429,6510.059,22,GA1,GA4,19,m,21,,0,0,0,0,1,,0,Simple,,,
196,25,8,2005,Elandry,4749.441,6509.989,4749.429,6510.059,22,GA1,GA4,20,m,36,,0,0,0,0,1,,0,Simple,s,,
197,9,8,2005,Glandry,4749.885,6508.329,4749.881,6508.406,30,GA1,CI1,1,f,15,,0,1,1,0,1,,1,Simple,s,,
198,9,8,2005,Glandry,4749.885,6508.329,4749.881,6508.406,30,GA1,CI1,2,,,,0,1,1,0,1,,1,Simple,LS,,
199,9,8,2005,Glandry,4749.885,6508.329,4749.881,6508.406,30,GA1,CI1,3,f,65,,0,1,1,0,1,,1,Simple,LS,,
200,9,8,2005,Glandry,4749.885,6508.329,4749.881,6508.406,30,GA1,CI1,4,,,,0,1,1,0,1,,1,Simple,LS,,
201,9,8,2005,Glandry,4749.885,6508.329,4749.881,6508.406,30,GA1,CI1,5,f,41,,0,0,0,0,1,,1,Simple,LS,,
202,9,8,2005,Glandry,4749.885,6508.329,4749.881,6508.406,30,GA1,CI1,5,f,68,,0,0,0,0,1,,1,Simple,LS,,
203,9,8,2005,Glandry,4749.885,6508.329,4749.881,6508.406,30,GA1,CI1,6,m,17,,0,0,0,0,1,,1,Simple,,,
204,9,8,2005,Glandry,4749.885,6508.329,4749.881,6508.406,30,GA1,CI1,6,m,47,,0,0,0,0,1,,1,Simple,,,
205,9,8,2005,Glandry,4749.885,6508.329,4749.881,6508.406,30,GA1,CI1,7,m,35,,0,0,0,0,1,,1,Simple,,,
206,9,8,2005,Glandry,4749.885,6508.329,4749.881,6508.406,30,GA1,CI1,7,m,30,,0,0,0,0,1,,1,Simple,,,
207,9,8,2005,Glandry,4749.885,6508.329,4749.881,6508.406,30,GA1,CI1,8,m,20,,0,0,0,0,1,,1,Simple,,,
208,9,8,2005,Glandry,4749.885,6508.329,4749.881,6508.406,30,GA1,CI1,9,m,40,,0,0,0,0,1,,1,Simple,LS,,
209,9,8,2005,Glandry,4749.885,6508.329,4749.881,6508.406,30,GA1,CI1,10,f,58,,0,0,0,0,1,,1,Simple,2LS,,
210,9,8,2005,Glandry,4749.885,6508.329,4749.881,6508.406,30,GA1,CI1,10,f,48,,0,0,0,0,1,,1,Simple,,,
211,9,8,2005,Glandry,4749.885,6508.329,4749.881,6508.406,30,GA1,CI1,10,f,65,,0,0,0,0,1,,1,Simple,,,
212,9,8,2005,Glandry,4749.885,6508.329,4749.881,6508.406,30,GA1,CI1,11,m,20,,0,0,0,0,1,,1,Simple,,,
213,9,8,2005,Glandry,4749.885,6508.329,4749.881,6508.406,30,GA1,CI1,11,m,40,,0,0,0,0,1,,1,Simple,LS,,
214,9,8,2005,Glandry,4749.885,6508.329,4749.881,6508.406,30,GA1,CI1,12,f,68,,0,0,0,0,1,,1,Simple,,,
215,9,8,2005,Glandry,4749.885,6508.329,4749.881,6508.406,30,GA1,CI1,12,m,43,,0,0,0,0,1,,1,Simple,LS,,
216,9,8,2005,Glandry,4749.885,6508.329,4749.881,6508.406,30,GA1,CI1,13,f,64,,0,0,0,0,1,,1,Simple,,,
217,9,8,2005,Glandry,4749.885,6508.329,4749.881,6508.406,30,GA1,CI1,13,f,68,,0,0,0,0,1,,1,Simple,,,
218,9,8,2005,Glandry,4749.885,6508.329,4749.881,6508.406,30,GA1,CI1,14,,,,0,0,1,0,1,,1,Simple,,,
219,9,8,2005,Glandry,4749.885,6508.329,4749.881,6508.406,30,GA1,CI1,15,m,66,,0,0,0,0,1,,1,Simple,LS,,
220,9,8,2005,Glandry,4749.885,6508.329,4749.881,6508.406,30,GA1,CI1,15,m,62,,0,0,0,0,1,,1,Simple,,,
221,9,8,2005,Glandry,4749.885,6508.329,4749.881,6508.406,30,GA1,CI1,16,m,68,,0,0,0,0,1,,1,Simple,,,
222,9,8,2005,Glandry,4749.885,6508.329,4749.881,6508.406,30,GA1,CI1,17,,,,0,0,0,0,1,,1,Simple,,,
223,9,8,2005,Glandry,4749.885,6508.329,4749.881,6508.406,30,GA1,CI1,18,m,20,,0,0,0,0,1,,1,Simple,LS,,
224,9,8,2005,Glandry,4749.885,6508.329,4749.881,6508.406,30,GA1,CI1,19,,,,0,0,0,0,1,,1,Simple,LS,,
225,9,8,2005,Glandry,4749.885,6508.329,4749.881,6508.406,30,GA1,CI1,20,m,26,,0,0,0,0,1,,1,Simple,LS,,
226,9,8,2005,Glandry,4749.885,6508.329,4749.881,6508.406,30,GA1,CI1,20,f,59,,0,0,0,0,1,,1,Simple,,,
227,9,8,2005,Glandry,4749.885,6508.329,4749.881,6508.406,30,GA1,CI1,20,f,35,,0,0,0,0,1,,1,Simple,,,
228,9,8,2005,Elandry,4749.885,6508.329,4749.881,6508.406,30,GA1,CI1,1,f,43,,0,0,0,0,1,,1,Simple,,,
229,9,8,2005,Elandry,4749.885,6508.329,4749.881,6508.406,30,GA1,CI1,1,f,22,,0,0,0,0,1,,1,Simple,,,
230,9,8,2005,Elandry,4749.885,6508.329,4749.881,6508.406,30,GA1,CI1,1,f,61,,0,0,0,0,1,,1,Simple,,,
231,9,8,2005,Elandry,4749.885,6508.329,4749.881,6508.406,30,GA1,CI1,2,b,76,,0,0,0,0,1,,1,Simple,,,
232,9,8,2005,Elandry,4749.885,6508.329,4749.881,6508.406,30,GA1,CI1,2,f,28,,0,0,0,0,1,,1,Simple,,,
233,9,8,2005,Elandry,4749.885,6508.329,4749.881,6508.406,30,GA1,CI1,2,m,14,,0,0,0,0,1,,1,Simple,,,
234,9,8,2005,Elandry,4749.885,6508.329,4749.881,6508.406,30,GA1,CI1,2,m,46,,0,0,0,0,1,,1,Simple,,,
235,9,8,2005,Elandry,4749.885,6508.329,4749.881,6508.406,30,GA1,CI1,3,m,40,,0,0,0,0,1,,1,Simple,,,
236,9,8,2005,Elandry,4749.885,6508.329,4749.881,6508.406,30,GA1,CI1,3,m,12,,0,0,0,0,1,,1,Simple,,,
237,9,8,2005,Elandry,4749.885,6508.329,4749.881,6508.406,30,GA1,CI1,4,f,27,,0,0,0,0,1,,1,Simple,,,
238,9,8,2005,Elandry,4749.885,6508.329,4749.881,6508.406,30,GA1,CI1,5,m,17,,0,0,0,0,1,,1,Simple,,,
239,9,8,2005,Elandry,4749.885,6508.329,4749.881,6508.406,30,GA1,CI1,5,m,35,,0,0,0,0,1,,1,Simple,,,
240,9,8,2005,Elandry,4749.885,6508.329,4749.881,6508.406,30,GA1,CI1,6,m,95,,0,0,0,0,1,,1,Simple,,,
241,9,8,2005,Elandry,4749.885,6508.329,4749.881,6508.406,30,GA1,CI1,7,m,105,,0,0,0,0,1,,1,Simple,2LS,,
242,9,8,2005,Elandry,4749.885,6508.329,4749.881,6508.406,30,GA1,CI1,8,m,10,,0,0,0,0,1,,1,Simple,,,
243,9,8,2005,Elandry,4749.885,6508.329,4749.881,6508.406,30,GA1,CI1,8,m,33,,0,0,0,0,1,,1,Simple,,,
244,9,8,2005,Elandry,4749.885,6508.329,4749.881,6508.406,30,GA1,CI1,8,f,42,,0,0,0,0,1,,1,Simple,,,
245,9,8,2005,Elandry,4749.885,6508.329,4749.881,6508.406,30,GA1,CI1,9,m,12,,0,0,0,0,1,,1,Simple,,,
246,9,8,2005,Elandry,4749.885,6508.329,4749.881,6508.406,30,GA1,CI1,9,f,74,,0,0,0,0,1,,1,Simple,,,
247,9,8,2005,Elandry,4749.885,6508.329,4749.881,6508.406,30,GA1,CI1,9,m,33,,0,0,0,0,1,,1,Simple,,,
248,9,8,2005,Elandry,4749.885,6508.329,4749.881,6508.406,30,GA1,CI1,9,m,46,,0,0,0,0,1,,1,Simple,,,
249,9,8,2005,Elandry,4749.885,6508.329,4749.881,6508.406,30,GA1,CI1,10,,,,0,0,0,0,1,,1,Simple,,,
250,9,8,2005,Elandry,4749.885,6508.329,4749.881,6508.406,30,GA1,CI1,11,,,,1,0,0,0,1,,1,Simple,,,
251,9,8,2005,Elandry,4749.885,6508.329,4749.881,6508.406,30,GA1,CI1,12,f,51,,1,0,0,0,1,,0,Simple,,,
252,9,8,2005,Elandry,4749.885,6508.329,4749.881,6508.406,30,GA1,CI1,15,f,53,,1,0,0,0,1,,0,Simple,,,
253,9,8,2005,Elandry,4749.885,6508.329,4749.881,6508.406,30,GA1,CI1,16,f,55,,1,0,0,0,1,,0,Simple,,,
254,9,8,2005,Elandry,4749.885,6508.329,4749.881,6508.406,30,GA1,CI1,18,f,60,,1,0,0,0,1,,1,Simple,,,
255,9,8,2005,Elandry,4749.885,6508.329,4749.881,6508.406,30,GA1,CI1,18,f,22,,1,0,0,0,1,,1,Simple,,,
256,9,8,2005,Elandry,4749.885,6508.329,4749.881,6508.406,30,GA1,CI1,19,m,10,,1,0,0,0,1,,0,Simple,,,
257,9,8,2005,Elandry,4749.885,6508.329,4749.881,6508.406,30,GA1,CI1,19,f,46,,1,0,0,0,1,,0,Simple,,,
258,9,8,2005,Elandry,4749.885,6508.329,4749.881,6508.406,30,GA1,CI1,19,m,12,,1,0,0,0,1,,0,Simple,,,
259,9,8,2005,Elandry,4749.885,6508.329,4749.881,6508.406,30,GA1,CI1,20,f,52,,1,0,0,0,1,,0,Simple,,,
260,9,8,2005,Elandry,4749.839,6508.376,4749.838,6508.454,27,GA1,CI2,1,,,,0,0,1,0,0,,1,Simple,,,
261,9,8,2005,Elandry,4749.839,6508.376,4749.838,6508.454,27,GA1,CI2,2,m,57,,0,0,1,0,1,,1,Simple,,,
262,9,8,2005,Elandry,4749.839,6508.376,4749.838,6508.454,27,GA1,CI2,2,m,14,,0,0,1,0,1,,1,Simple,,,
263,9,8,2005,Elandry,4749.839,6508.376,4749.838,6508.454,27,GA1,CI2,2,f,29,,0,0,1,0,1,,1,Simple,,,
264,9,8,2005,Elandry,4749.839,6508.376,4749.838,6508.454,27,GA1,CI2,4,m,59,,0,0,1,0,1,,0,Simple,,,
265,9,8,2005,Elandry,4749.839,6508.376,4749.838,6508.454,27,GA1,CI2,4,b,77,,0,0,1,0,1,,0,Simple,,,
266,9,8,2005,Elandry,4749.839,6508.376,4749.838,6508.454,27,GA1,CI2,5,f,47,,0,0,0,0,1,,1,Simple,,,
267,9,8,2005,Elandry,4749.839,6508.376,4749.838,6508.454,27,GA1,CI2,6,f,24,,0,0,0,0,1,,1,Simple,,,
268,9,8,2005,Elandry,4749.839,6508.376,4749.838,6508.454,27,GA1,CI2,6,m,52,,0,0,0,0,1,,1,Simple,,,
269,9,8,2005,Elandry,4749.839,6508.376,4749.838,6508.454,27,GA1,CI2,7,,,,0,0,0,0,1,,1,Simple,,,
270,9,8,2005,Elandry,4749.839,6508.376,4749.838,6508.454,27,GA1,CI2,8,m,59,,0,0,0,0,1,,1,Simple,,,
271,9,8,2005,Elandry,4749.839,6508.376,4749.838,6508.454,27,GA1,CI2,8,f,43,,0,0,0,0,1,,1,Simple,,,
272,9,8,2005,Elandry,4749.839,6508.376,4749.838,6508.454,27,GA1,CI2,9,f,23,,0,0,0,0,1,,1,Simple,,,
273,9,8,2005,Elandry,4749.839,6508.376,4749.838,6508.454,27,GA1,CI2,9,m,63,,0,0,0,0,1,,1,Simple,,,
274,9,8,2005,Elandry,4749.839,6508.376,4749.838,6508.454,27,GA1,CI2,9,m,14,,0,0,0,0,1,,1,Simple,LS,,
275,9,8,2005,Elandry,4749.839,6508.376,4749.838,6508.454,27,GA1,CI2,10,,,,0,0,0,0,1,,1,Simple,LS,,
276,9,8,2005,Elandry,4749.839,6508.376,4749.838,6508.454,27,GA1,CI2,11,m,69,,0,0,0,0,1,,1,Simple,,,
277,9,8,2005,Elandry,4749.839,6508.376,4749.838,6508.454,27,GA1,CI2,13,f,53,,0,0,1,0,1,,1,Simple,,,
278,9,8,2005,Elandry,4749.839,6508.376,4749.838,6508.454,27,GA1,CI2,14,f,52,,0,0,1,0,1,,1,Simple,,,
279,9,8,2005,Elandry,4749.839,6508.376,4749.838,6508.454,27,GA1,CI2,14,f,41,,0,0,1,0,1,,1,Simple,,,
280,9,8,2005,Elandry,4749.839,6508.376,4749.838,6508.454,27,GA1,CI2,15,,,,0,0,1,0,1,,1,Simple,,,
281,9,8,2005,Elandry,4749.839,6508.376,4749.838,6508.454,27,GA1,CI2,16,,,,0,0,1,0,1,,1,Simple,,,
282,9,8,2005,Elandry,4749.839,6508.376,4749.838,6508.454,27,GA1,CI2,17,,,,0,0,1,0,1,,1,Simple,,,
283,9,8,2005,Elandry,4749.839,6508.376,4749.838,6508.454,27,GA1,CI2,18,f,80,,0,0,0,0,1,,1,Simple,,,
284,9,8,2005,Elandry,4749.839,6508.376,4749.838,6508.454,27,GA1,CI2,20,f,87,,0,0,1,0,1,,1,Simple,,,
285,9,8,2005,Elandry,4749.839,6508.376,4749.838,6508.454,27,GA1,CI2,20,m,110,,0,0,1,0,1,,1,Simple,,,
286,9,8,2005,Elandry,4749.839,6508.376,4749.838,6508.454,27,GA1,CI2,20,m,28,,0,0,1,0,1,,1,Simple,,,
287,9,8,2005,Elandry,4749.839,6508.376,4749.838,6508.454,27,GA1,CI2,20,m,38,,0,0,1,0,1,,1,Simple,,,
288,9,8,2005,Glandry,4749.839,6508.376,4749.838,6508.454,27,GA1,CI2,1,m,18,,0,0,0,0,1,,1,Simple,,,
289,9,8,2005,Glandry,4749.839,6508.376,4749.838,6508.454,27,GA1,CI2,1,f,50,,0,0,0,0,1,,1,Simple,,,
290,9,8,2005,Glandry,4749.839,6508.376,4749.838,6508.454,27,GA1,CI2,1,f,33,,0,0,0,0,1,,1,Simple,,,
291,9,8,2005,Glandry,4749.839,6508.376,4749.838,6508.454,27,GA1,CI2,2,f,55,,0,0,0,0,1,,1,Simple,,,
292,9,8,2005,Glandry,4749.839,6508.376,4749.838,6508.454,27,GA1,CI2,2,m,37,,0,0,0,0,1,,1,Simple,,,
293,9,8,2005,Glandry,4749.839,6508.376,4749.838,6508.454,27,GA1,CI2,4,f,44,,0,0,0,0,1,,1,Simple,,,
294,9,8,2005,Glandry,4749.839,6508.376,4749.838,6508.454,27,GA1,CI2,4,f,31,,0,0,0,0,1,,1,Simple,,,
295,9,8,2005,Glandry,4749.839,6508.376,4749.838,6508.454,27,GA1,CI2,4,m,18,,0,0,0,0,1,,1,Simple,,,
296,9,8,2005,Glandry,4749.839,6508.376,4749.838,6508.454,27,GA1,CI2,5,m,15,,0,0,0,0,1,,1,Simple,,,
297,9,8,2005,Glandry,4749.839,6508.376,4749.838,6508.454,27,GA1,CI2,6,f,64,,0,0,0,0,1,,1,Simple,,,
298,9,8,2005,Glandry,4749.839,6508.376,4749.838,6508.454,27,GA1,CI2,6,m,18,,0,0,0,0,1,,1,Simple,,,
299,9,8,2005,Glandry,4749.839,6508.376,4749.838,6508.454,27,GA1,CI2,6,m,39,,0,0,0,0,1,,1,Simple,,,
300,9,8,2005,Glandry,4749.839,6508.376,4749.838,6508.454,27,GA1,CI2,7,m,24,,0,0,0,0,1,,1,Simple,,,
301,9,8,2005,Glandry,4749.839,6508.376,4749.838,6508.454,27,GA1,CI2,7,f,46,,0,0,0,0,1,,1,Simple,,,
302,9,8,2005,Glandry,4749.839,6508.376,4749.838,6508.454,27,GA1,CI2,7,f,14,,0,0,0,0,1,,1,Simple,LS,,
303,9,8,2005,Glandry,4749.839,6508.376,4749.838,6508.454,27,GA1,CI2,8,f,19,,0,0,0,0,1,,1,Simple,,,
304,9,8,2005,Glandry,4749.839,6508.376,4749.838,6508.454,27,GA1,CI2,8,m,45,,0,0,0,0,1,,1,Simple,,,
305,9,8,2005,Glandry,4749.839,6508.376,4749.838,6508.454,27,GA1,CI2,8,m,14,,0,0,0,0,1,,1,Simple,,,
306,9,8,2005,Glandry,4749.839,6508.376,4749.838,6508.454,27,GA1,CI2,8,m,63,,0,0,0,0,1,,1,Simple,,,
307,9,8,2005,Glandry,4749.839,6508.376,4749.838,6508.454,27,GA1,CI2,9,m,41,,0,0,0,0,1,,1,Simple,LS,,
308,9,8,2005,Glandry,4749.839,6508.376,4749.838,6508.454,27,GA1,CI2,9,m,18,,0,0,0,0,1,,1,Simple,LS,,
309,9,8,2005,Glandry,4749.839,6508.376,4749.838,6508.454,27,GA1,CI2,9,m,15,,0,0,0,0,1,,1,Simple,,,
310,9,8,2005,Glandry,4749.839,6508.376,4749.838,6508.454,27,GA1,CI2,10,m,23,,0,0,0,0,1,,1,Simple,,,
311,9,8,2005,Glandry,4749.839,6508.376,4749.838,6508.454,27,GA1,CI2,10,f,17,,0,0,0,0,1,,1,Simple,,,
312,9,8,2005,Glandry,4749.839,6508.376,4749.838,6508.454,27,GA1,CI2,11,b,73,,0,0,0,0,1,,1,Simple,,,
313,9,8,2005,Glandry,4749.839,6508.376,4749.838,6508.454,27,GA1,CI2,12,f,70,,0,0,0,0,1,,1,Simple,2LS,,
314,9,8,2005,Glandry,4749.839,6508.376,4749.838,6508.454,27,GA1,CI2,13,,,,0,0,0,0,1,,1,Simple,LS,,
315,9,8,2005,Glandry,4749.839,6508.376,4749.838,6508.454,27,GA1,CI2,14,b,70,,0,0,0,0,1,,1,Simple,LS,,
316,9,8,2005,Glandry,4749.839,6508.376,4749.838,6508.454,27,GA1,CI2,15,m,28,,0,0,0,0,1,,1,Simple,LS,,
317,9,8,2005,Glandry,4749.839,6508.376,4749.838,6508.454,27,GA1,CI2,16,,,,0,0,0,0,1,,1,Simple,,,
318,9,8,2005,Elandry,4749.849,6508.397,4749.844,6508.478,25,GA1,CI3,1,f,39,,0,0,0,0,1,,1,Simple,,,
319,9,8,2005,Elandry,4749.849,6508.397,4749.844,6508.478,25,GA1,CI3,1,f,34,,0,0,0,0,1,,1,Simple,,,
320,9,8,2005,Elandry,4749.849,6508.397,4749.844,6508.478,25,GA1,CI3,1,m,21,,0,0,0,0,1,,1,Simple,,,
321,9,8,2005,Elandry,4749.849,6508.397,4749.844,6508.478,25,GA1,CI3,2,f,36,,0,0,0,0,1,,1,Simple,,,
322,9,8,2005,Elandry,4749.849,6508.397,4749.844,6508.478,25,GA1,CI3,2,m,74,,0,0,0,0,1,,1,Simple,,,
323,9,8,2005,Elandry,4749.849,6508.397,4749.844,6508.478,25,GA1,CI3,3,,,,0,0,0,0,1,,1,Simple,,,
324,9,8,2005,Elandry,4749.849,6508.397,4749.844,6508.478,25,GA1,CI3,4,m,42,,0,0,0,0,1,,1,Simple,,,
325,9,8,2005,Elandry,4749.849,6508.397,4749.844,6508.478,25,GA1,CI3,5,m,75,,0,0,0,0,1,,1,Simple,,,
326,9,8,2005,Elandry,4749.849,6508.397,4749.844,6508.478,25,GA1,CI3,5,f,68,,0,0,0,0,1,,1,Simple,,,
327,9,8,2005,Elandry,4749.849,6508.397,4749.844,6508.478,25,GA1,CI3,6,f,55,,0,0,0,0,1,,1,Simple,,,
328,9,8,2005,Elandry,4749.849,6508.397,4749.844,6508.478,25,GA1,CI3,6,m,52,,0,0,0,0,1,,1,Simple,,,
329,9,8,2005,Elandry,4749.849,6508.397,4749.844,6508.478,25,GA1,CI3,6,m,14,,0,0,0,0,1,,1,Simple,,,
330,9,8,2005,Elandry,4749.849,6508.397,4749.844,6508.478,25,GA1,CI3,7,m,57,,0,0,0,0,1,,1,Simple,,,
331,9,8,2005,Elandry,4749.849,6508.397,4749.844,6508.478,25,GA1,CI3,7,m,59,,0,0,0,0,1,,1,Simple,,,
332,9,8,2005,Elandry,4749.849,6508.397,4749.844,6508.478,25,GA1,CI3,8,f,79,,0,0,0,0,1,,1,Simple,,,
333,9,8,2005,Elandry,4749.849,6508.397,4749.844,6508.478,25,GA1,CI3,9,m,14,,0,0,0,0,1,,1,Simple,,,
334,9,8,2005,Elandry,4749.849,6508.397,4749.844,6508.478,25,GA1,CI3,9,m,40,,0,0,0,0,1,,1,Simple,,,
335,9,8,2005,Elandry,4749.849,6508.397,4749.844,6508.478,25,GA1,CI3,9,m,36,,0,0,0,0,1,,1,Simple,,,
336,9,8,2005,Elandry,4749.849,6508.397,4749.844,6508.478,25,GA1,CI3,10,,,,0,0,0,0,1,,1,Simple,,,
337,9,8,2005,Elandry,4749.849,6508.397,4749.844,6508.478,25,GA1,CI3,11,f,40,,0,0,0,0,1,,1,Simple,,,
338,9,8,2005,Elandry,4749.849,6508.397,4749.844,6508.478,25,GA1,CI3,12,m,35,,0,0,0,0,1,,1,Simple,,,
339,9,8,2005,Elandry,4749.849,6508.397,4749.844,6508.478,25,GA1,CI3,12,m,73,,0,0,0,0,1,,1,Simple,,,
340,9,8,2005,Elandry,4749.849,6508.397,4749.844,6508.478,25,GA1,CI3,13,f,43,,0,0,0,0,1,,1,Simple,,,
341,9,8,2005,Elandry,4749.849,6508.397,4749.844,6508.478,25,GA1,CI3,13,f,52,,0,0,0,0,1,,1,Simple,LS,,
342,9,8,2005,Elandry,4749.849,6508.397,4749.844,6508.478,25,GA1,CI3,14,f,36,,0,0,0,0,1,,1,Simple,,,
343,9,8,2005,Elandry,4749.849,6508.397,4749.844,6508.478,25,GA1,CI3,14,f,37,,0,0,0,0,1,,1,Simple,,,
344,9,8,2005,Elandry,4749.849,6508.397,4749.844,6508.478,25,GA1,CI3,15,f,62,,0,0,0,0,1,,1,Simple,,,
345,9,8,2005,Elandry,4749.849,6508.397,4749.844,6508.478,25,GA1,CI3,15,m,42,,0,0,0,0,1,,1,Simple,,,
346,9,8,2005,Elandry,4749.849,6508.397,4749.844,6508.478,25,GA1,CI3,16,m,25,,0,0,0,0,1,,1,Simple,,,
347,9,8,2005,Elandry,4749.849,6508.397,4749.844,6508.478,25,GA1,CI3,16,f,57,,0,0,0,0,1,,1,Simple,,,
348,9,8,2005,Elandry,4749.849,6508.397,4749.844,6508.478,25,GA1,CI3,17,m,14,,0,0,0,0,1,,1,Simple,,,
349,9,8,2005,Elandry,4749.849,6508.397,4749.844,6508.478,25,GA1,CI3,18,m,77,,0,0,0,0,1,,1,Simple,,,
350,9,8,2005,Elandry,4749.849,6508.397,4749.844,6508.478,25,GA1,CI3,19,m,45,,0,0,0,0,1,,1,Simple,,,
351,9,8,2005,Elandry,4749.849,6508.397,4749.844,6508.478,25,GA1,CI3,19,m,15,,0,0,0,0,1,,1,Simple,,,
352,9,8,2005,Elandry,4749.849,6508.397,4749.844,6508.478,25,GA1,CI3,20,m,90,,0,0,0,0,1,,1,Simple,,,
353,9,8,2005,Elandry,4749.849,6508.397,4749.844,6508.478,25,GA1,CI3,20,f,33,,0,0,0,0,1,,1,Simple,,,
354,9,8,2005,Glandry,4749.849,6508.397,4749.844,6508.478,25,GA1,CI3,1,f,62,,0,0,0,0,1,,1,Simple,,,
355,9,8,2005,Glandry,4749.849,6508.397,4749.844,6508.478,25,GA1,CI3,1,f,27,,0,0,0,0,1,,1,Simple,LS,,
356,9,8,2005,Glandry,4749.849,6508.397,4749.844,6508.478,25,GA1,CI3,2,b,75,,0,0,0,0,1,,1,Simple,,,
357,9,8,2005,Glandry,4749.849,6508.397,4749.844,6508.478,25,GA1,CI3,2,m,68,,0,0,0,0,1,,1,Simple,,,
358,9,8,2005,Glandry,4749.849,6508.397,4749.844,6508.478,25,GA1,CI3,3,m,18,,0,0,0,0,1,,1,Simple,,,
359,9,8,2005,Glandry,4749.849,6508.397,4749.844,6508.478,25,GA1,CI3,4,f,53,,0,0,0,0,1,,1,Simple,,,
360,9,8,2005,Glandry,4749.849,6508.397,4749.844,6508.478,25,GA1,CI3,6,f,30,,0,0,0,0,1,,1,Simple,,,
361,9,8,2005,Glandry,4749.849,6508.397,4749.844,6508.478,25,GA1,CI3,6,f,25,,0,0,0,0,1,,1,Simple,,,
362,9,8,2005,Glandry,4749.849,6508.397,4749.844,6508.478,25,GA1,CI3,6,m,18,,0,0,0,0,1,,1,Simple,,,
363,9,8,2005,Glandry,4749.849,6508.397,4749.844,6508.478,25,GA1,CI3,6,m,14,,0,0,0,0,1,,1,Simple,,,
364,9,8,2005,Glandry,4749.849,6508.397,4749.844,6508.478,25,GA1,CI3,7,f,23,,0,0,0,0,1,,1,Simple,,,
365,9,8,2005,Glandry,4749.849,6508.397,4749.844,6508.478,25,GA1,CI3,7,f,37,,0,0,0,0,1,,1,Simple,LS,,
366,9,8,2005,Glandry,4749.849,6508.397,4749.844,6508.478,25,GA1,CI3,8,f,49,,0,0,0,0,1,,1,Simple,LS,,
367,9,8,2005,Glandry,4749.849,6508.397,4749.844,6508.478,25,GA1,CI3,8,m,35,,0,0,0,0,1,,1,Simple,,,
368,9,8,2005,Glandry,4749.849,6508.397,4749.844,6508.478,25,GA1,CI3,8,m,39,,0,0,0,0,1,,1,Simple,,,
369,9,8,2005,Glandry,4749.849,6508.397,4749.844,6508.478,25,GA1,CI3,9,m,20,,0,0,0,0,1,,1,Simple,,,
370,9,8,2005,Glandry,4749.849,6508.397,4749.844,6508.478,25,GA1,CI3,11,f,63,,0,0,0,0,1,,1,Simple,,,
371,9,8,2005,Glandry,4749.849,6508.397,4749.844,6508.478,25,GA1,CI3,11,f,41,,0,0,0,0,1,,1,Simple,LS,,
372,9,8,2005,Glandry,4749.849,6508.397,4749.844,6508.478,25,GA1,CI3,14,,,,0,0,0,0,1,,1,Simple,,,
373,9,8,2005,Glandry,4749.849,6508.397,4749.844,6508.478,25,GA1,CI3,15,f,53,,0,0,0,0,1,,1,Simple,2LS,,
374,9,8,2005,Glandry,4749.849,6508.397,4749.844,6508.478,25,GA1,CI3,15,f,74,,0,0,0,0,1,,1,Simple,,,
375,9,8,2005,Glandry,4749.849,6508.397,4749.844,6508.478,25,GA1,CI3,15,m,43,,0,0,0,0,1,,1,Simple,,,
376,9,8,2005,Glandry,4749.849,6508.397,4749.844,6508.478,25,GA1,CI3,15,m,40,,0,0,0,0,1,,1,Simple,,,
377,9,8,2005,Glandry,4749.849,6508.397,4749.844,6508.478,25,GA1,CI3,16,m,35,,0,0,0,0,1,,1,Simple,,,
378,9,8,2005,Glandry,4749.849,6508.397,4749.844,6508.478,25,GA1,CI3,16,f,47,,0,0,0,0,1,,1,Simple,,,
379,9,8,2005,Glandry,4749.849,6508.397,4749.844,6508.478,25,GA1,CI3,17,m,65,,0,0,0,0,1,,1,Simple,,,
380,9,8,2005,Glandry,4749.849,6508.397,4749.844,6508.478,25,GA1,CI3,17,m,70,,0,0,0,0,1,,1,Simple,,,
381,9,8,2005,Glandry,4749.849,6508.397,4749.844,6508.478,25,GA1,CI3,18,m,15,,0,0,0,0,1,,1,Simple,,,
382,9,8,2005,Glandry,4749.849,6508.397,4749.844,6508.478,25,GA1,CI3,18,m,20,,0,0,0,0,1,,1,Simple,,,
383,9,8,2005,Glandry,4749.849,6508.397,4749.844,6508.478,25,GA1,CI3,19,,,,0,0,0,0,1,,1,Simple,,,
384,9,8,2005,Glandry,4749.849,6508.397,4749.844,6508.478,25,GA1,CI3,20,,,,0,0,0,0,1,,1,Simple,2LS,,
385,11,8,2005,Glandry,4749.784,6508.53,4749.787,6508.607,31,GA1,CI4,1,f,32,,0,0,0,0,1,,1,Simple,LS,,
386,11,8,2005,Glandry,4749.784,6508.53,4749.787,6508.607,31,GA1,CI4,1,f,42,,0,0,0,0,1,,1,Simple,,,
387,11,8,2005,Glandry,4749.784,6508.53,4749.787,6508.607,31,GA1,CI4,2,f,38,,0,0,0,0,1,,1,Simple,,,
388,11,8,2005,Glandry,4749.784,6508.53,4749.787,6508.607,31,GA1,CI4,2,m,12,,0,0,0,0,1,,1,Simple,LS,,
389,11,8,2005,Glandry,4749.784,6508.53,4749.787,6508.607,31,GA1,CI4,3,m,17,,0,0,0,0,1,,1,Simple,,,
390,11,8,2005,Glandry,4749.784,6508.53,4749.787,6508.607,31,GA1,CI4,3,f,75,,0,0,0,0,1,,1,Simple,LS,,
391,11,8,2005,Glandry,4749.784,6508.53,4749.787,6508.607,31,GA1,CI4,4,f,57,,0,0,0,0,1,,1,Simple,,,
392,11,8,2005,Glandry,4749.784,6508.53,4749.787,6508.607,31,GA1,CI4,5,m,35,,0,0,0,0,1,,1,Simple,,,
393,11,8,2005,Glandry,4749.784,6508.53,4749.787,6508.607,31,GA1,CI4,5,m,17,,0,0,0,0,1,,1,Simple,,,
394,11,8,2005,Glandry,4749.784,6508.53,4749.787,6508.607,31,GA1,CI4,5,m,19,,0,0,0,0,1,,1,Simple,,,
395,11,8,2005,Glandry,4749.784,6508.53,4749.787,6508.607,31,GA1,CI4,6,f,71,,0,0,0,0,1,,1,Simple,,,
396,11,8,2005,Glandry,4749.784,6508.53,4749.787,6508.607,31,GA1,CI4,6,f,39,,0,0,0,0,1,,1,Simple,,,
397,11,8,2005,Glandry,4749.784,6508.53,4749.787,6508.607,31,GA1,CI4,7,f,30,,0,0,0,0,1,,1,Simple,,,
398,11,8,2005,Glandry,4749.784,6508.53,4749.787,6508.607,31,GA1,CI4,8,f,20,,0,0,0,0,1,,1,Simple,,,
399,11,8,2005,Glandry,4749.784,6508.53,4749.787,6508.607,31,GA1,CI4,8,m,41,,0,0,0,0,1,,1,Simple,,,
400,11,8,2005,Glandry,4749.784,6508.53,4749.787,6508.607,31,GA1,CI4,9,m,15,,0,0,0,0,1,,1,Simple,LS,,
401,11,8,2005,Glandry,4749.784,6508.53,4749.787,6508.607,31,GA1,CI4,9,m,14,,0,0,0,0,1,,1,Simple,,,
402,11,8,2005,Glandry,4749.784,6508.53,4749.787,6508.607,31,GA1,CI4,9,f,25,,0,0,0,0,1,,1,Simple,,,
403,11,8,2005,Glandry,4749.784,6508.53,4749.787,6508.607,31,GA1,CI4,9,f,47,,0,0,0,0,1,,1,Simple,,,
404,11,8,2005,Glandry,4749.784,6508.53,4749.787,6508.607,31,GA1,CI4,10,f,68,,0,0,0,0,1,,1,Simple,,,
405,11,8,2005,Glandry,4749.784,6508.53,4749.787,6508.607,31,GA1,CI4,10,m,17,,0,0,0,0,1,,1,Simple,,,
406,11,8,2005,Glandry,4749.784,6508.53,4749.787,6508.607,31,GA1,CI4,10,m,15,,0,0,0,0,1,,1,Simple,,,
407,11,8,2005,Glandry,4749.784,6508.53,4749.787,6508.607,31,GA1,CI4,11,m,22,,0,0,0,0,1,,1,Simple,,,
408,11,8,2005,Glandry,4749.784,6508.53,4749.787,6508.607,31,GA1,CI4,12,m,70,,0,0,0,0,1,,1,Simple,LS,,
409,11,8,2005,Glandry,4749.784,6508.53,4749.787,6508.607,31,GA1,CI4,12,m,12,,0,0,0,0,1,,1,Simple,,,
410,11,8,2005,Glandry,4749.784,6508.53,4749.787,6508.607,31,GA1,CI4,13,m,16,,0,0,0,0,1,,1,Simple,,,
411,11,8,2005,Glandry,4749.784,6508.53,4749.787,6508.607,31,GA1,CI4,14,m,13,,0,0,0,0,1,,1,Simple,2LS,,
412,11,8,2005,Glandry,4749.784,6508.53,4749.787,6508.607,31,GA1,CI4,15,m,12,,0,0,0,0,1,,1,Simple,LS,,
413,11,8,2005,Glandry,4749.784,6508.53,4749.787,6508.607,31,GA1,CI4,15,b,75,,0,0,0,0,1,,1,Simple,,,
414,11,8,2005,Glandry,4749.784,6508.53,4749.787,6508.607,31,GA1,CI4,16,f,30,,0,0,0,0,1,,1,Simple,,,
415,11,8,2005,Glandry,4749.784,6508.53,4749.787,6508.607,31,GA1,CI4,16,m,16,,0,0,0,0,1,,1,Simple,,,
416,11,8,2005,Glandry,4749.784,6508.53,4749.787,6508.607,31,GA1,CI4,17,m,45,,0,0,0,0,1,,1,Simple,,,
417,11,8,2005,Glandry,4749.784,6508.53,4749.787,6508.607,31,GA1,CI4,18,m,20,,0,0,0,0,1,,1,Simple,2LS,,
418,11,8,2005,Glandry,4749.784,6508.53,4749.787,6508.607,31,GA1,CI4,19,m,13,,0,0,0,0,1,,1,Simple,LS,,
419,11,8,2005,Glandry,4749.784,6508.53,4749.787,6508.607,31,GA1,CI4,19,f,41,,0,0,0,0,1,,1,Simple,LS,,
420,11,8,2005,Glandry,4749.784,6508.53,4749.787,6508.607,31,GA1,CI4,20,m,29,,0,0,0,0,1,,1,Simple,LS,,
421,11,8,2005,Elandry,4749.784,6508.53,4749.787,6508.607,31,GA1,CI4,1,m,12,,0,0,0,0,1,,1,Simple,2LS,,
422,11,8,2005,Elandry,4749.784,6508.53,4749.787,6508.607,31,GA1,CI4,1,m,28,,0,0,0,0,1,,1,Simple,,,
423,11,8,2005,Elandry,4749.784,6508.53,4749.787,6508.607,31,GA1,CI4,1,f,22,,0,0,0,0,1,,1,Simple,,,
424,11,8,2005,Elandry,4749.784,6508.53,4749.787,6508.607,31,GA1,CI4,2,f,43,,0,0,0,0,1,,1,Simple,,,
425,11,8,2005,Elandry,4749.784,6508.53,4749.787,6508.607,31,GA1,CI4,2,f,51,,0,0,0,0,1,,1,Simple,,,
426,11,8,2005,Elandry,4749.784,6508.53,4749.787,6508.607,31,GA1,CI4,2,m,58,,0,0,0,0,1,,1,Simple,,,
427,11,8,2005,Elandry,4749.784,6508.53,4749.787,6508.607,31,GA1,CI4,3,m,14,,0,0,0,0,1,,1,Simple,,,
428,11,8,2005,Elandry,4749.784,6508.53,4749.787,6508.607,31,GA1,CI4,4,m,25,,0,0,1,0,1,,1,Simple,,,
429,11,8,2005,Elandry,4749.784,6508.53,4749.787,6508.607,31,GA1,CI4,4,f,70,,0,0,1,0,1,,1,Simple,,,
430,11,8,2005,Elandry,4749.784,6508.53,4749.787,6508.607,31,GA1,CI4,5,f,36,,0,0,1,0,1,,1,Simple,,,
431,11,8,2005,Elandry,4749.784,6508.53,4749.787,6508.607,31,GA1,CI4,8,f,43,,0,0,1,0,0,,1,Simple,,,
432,11,8,2005,Elandry,4749.784,6508.53,4749.787,6508.607,31,GA1,CI4,9,m,42,,0,0,0,0,1,,1,Simple,,,
433,11,8,2005,Elandry,4749.784,6508.53,4749.787,6508.607,31,GA1,CI4,9,f,55,,0,0,0,0,1,,1,Simple,,,
434,11,8,2005,Elandry,4749.784,6508.53,4749.787,6508.607,31,GA1,CI4,10,f,79,,0,0,0,0,1,,1,Simple,,,
435,11,8,2005,Elandry,4749.784,6508.53,4749.787,6508.607,31,GA1,CI4,10,f,80,,0,0,0,0,1,,1,Simple,,,
436,11,8,2005,Elandry,4749.784,6508.53,4749.787,6508.607,31,GA1,CI4,10,m,23,,0,0,0,0,1,,1,Simple,,,
437,11,8,2005,Elandry,4749.784,6508.53,4749.787,6508.607,31,GA1,CI4,10,m,37,,0,0,0,0,1,,1,Simple,,,
438,11,8,2005,Elandry,4749.784,6508.53,4749.787,6508.607,31,GA1,CI4,11,f,20,,0,0,1,0,1,,1,Simple,,,
439,11,8,2005,Elandry,4749.784,6508.53,4749.787,6508.607,31,GA1,CI4,12,f,45,,0,0,1,0,1,,1,Simple,,,
440,11,8,2005,Elandry,4749.784,6508.53,4749.787,6508.607,31,GA1,CI4,12,m,14,,0,0,1,0,1,,1,Simple,,,
441,11,8,2005,Elandry,4749.784,6508.53,4749.787,6508.607,31,GA1,CI4,13,,,,0,0,0,0,1,,1,Simple,,,
442,11,8,2005,Elandry,4749.784,6508.53,4749.787,6508.607,31,GA1,CI4,14,f,47,,0,0,0,0,1,,1,Simple,,,
443,11,8,2005,Elandry,4749.784,6508.53,4749.787,6508.607,31,GA1,CI4,14,f,58,,0,0,0,0,1,,1,Simple,,,
444,11,8,2005,Elandry,4749.784,6508.53,4749.787,6508.607,31,GA1,CI4,15,m,14,,0,0,0,0,1,,1,Simple,,,
445,11,8,2005,Elandry,4749.784,6508.53,4749.787,6508.607,31,GA1,CI4,15,f,48,,0,0,0,0,1,,1,Simple,,,
446,11,8,2005,Elandry,4749.784,6508.53,4749.787,6508.607,31,GA1,CI4,16,,,,0,0,0,0,1,,1,Simple,,,
447,11,8,2005,Elandry,4749.784,6508.53,4749.787,6508.607,31,GA1,CI4,17,f,52,,0,0,0,0,1,,0,Simple,,,
448,11,8,2005,Elandry,4749.784,6508.53,4749.787,6508.607,31,GA1,CI4,20,m,43,,0,0,0,0,1,,0,Simple,,,
449,11,8,2005,Elandry,4749.784,6508.53,4749.787,6508.607,31,GA1,CI4,20,f,14,,0,0,0,0,1,,0,Simple,,,
450,11,8,2005,Glandry,4749.833,6508.523,4749.815,6508.597,33,GA1,CI5,3,m,18,,0,0,0,0,1,,1,Simple,,,
451,11,8,2005,Glandry,4749.833,6508.523,4749.815,6508.597,33,GA1,CI5,3,m,26,,0,0,0,0,1,,1,Simple,LS,,
452,11,8,2005,Glandry,4749.833,6508.523,4749.815,6508.597,33,GA1,CI5,3,m,12,,0,0,0,0,1,,1,Simple,LS,,
453,11,8,2005,Glandry,4749.833,6508.523,4749.815,6508.597,33,GA1,CI5,4,m,28,,0,0,0,0,1,,1,Simple,,,
454,11,8,2005,Glandry,4749.833,6508.523,4749.815,6508.597,33,GA1,CI5,4,f,42,,0,0,0,0,1,,1,Simple,,,
455,11,8,2005,Glandry,4749.833,6508.523,4749.815,6508.597,33,GA1,CI5,5,m,14,,0,0,0,0,1,,1,Simple,,,
456,11,8,2005,Glandry,4749.833,6508.523,4749.815,6508.597,33,GA1,CI5,6,m,12,,0,0,0,0,1,,1,Simple,LS,,
457,11,8,2005,Glandry,4749.833,6508.523,4749.815,6508.597,33,GA1,CI5,6,m,28,,0,0,0,0,1,,1,Simple,LS,,
458,11,8,2005,Glandry,4749.833,6508.523,4749.815,6508.597,33,GA1,CI5,6,f,47,,0,0,0,0,1,,1,Simple,,,
459,11,8,2005,Glandry,4749.833,6508.523,4749.815,6508.597,33,GA1,CI5,7,f,42,,0,0,0,0,1,,1,Simple,,,
460,11,8,2005,Glandry,4749.833,6508.523,4749.815,6508.597,33,GA1,CI5,8,m,24,,0,0,0,0,1,,1,Simple,LS,,
461,11,8,2005,Glandry,4749.833,6508.523,4749.815,6508.597,33,GA1,CI5,9,f,45,,0,0,0,0,1,,1,Simple,LS,,
462,11,8,2005,Glandry,4749.833,6508.523,4749.815,6508.597,33,GA1,CI5,10,f,68,,0,0,0,0,1,,1,Simple,2LS,,
463,11,8,2005,Glandry,4749.833,6508.523,4749.815,6508.597,33,GA1,CI5,10,m,40,,0,0,0,0,1,,1,Simple,LS,,
464,11,8,2005,Glandry,4749.833,6508.523,4749.815,6508.597,33,GA1,CI5,11,m,20,,0,0,0,0,1,,1,Simple,,,
465,11,8,2005,Glandry,4749.833,6508.523,4749.815,6508.597,33,GA1,CI5,11,m,32,,0,0,0,0,1,,1,Simple,,,
466,11,8,2005,Glandry,4749.833,6508.523,4749.815,6508.597,33,GA1,CI5,12,m,48,,0,0,0,0,1,,1,Simple,,,
467,11,8,2005,Glandry,4749.833,6508.523,4749.815,6508.597,33,GA1,CI5,12,m,28,,0,0,0,0,1,,1,Simple,,,
468,11,8,2005,Glandry,4749.833,6508.523,4749.815,6508.597,33,GA1,CI5,13,m,35,,0,0,0,0,1,,1,Simple,,,
469,11,8,2005,Glandry,4749.833,6508.523,4749.815,6508.597,33,GA1,CI5,18,f,51,,0,0,0,0,1,,1,Simple,,,
470,11,8,2005,Glandry,4749.833,6508.523,4749.815,6508.597,33,GA1,CI5,19,,,,0,0,0,0,1,,1,Simple,LS,,
471,11,8,2005,Glandry,4749.833,6508.523,4749.815,6508.597,33,GA1,CI5,20,,,,0,0,0,0,1,,1,Simple,LS,,
472,11,8,2005,Elandry,4749.833,6508.523,4749.815,6508.597,33,GA1,CI5,1,m,45,,0,0,1,0,1,,1,Simple,,,
473,11,8,2005,Elandry,4749.833,6508.523,4749.815,6508.597,33,GA1,CI5,1,m,12,,0,0,1,0,1,,1,Simple,,,
474,11,8,2005,Elandry,4749.833,6508.523,4749.815,6508.597,33,GA1,CI5,1,f,20,,0,0,1,0,1,,1,Simple,,,
475,11,8,2005,Elandry,4749.833,6508.523,4749.815,6508.597,33,GA1,CI5,2,f,33,,0,0,1,0,1,,1,Simple,,,
476,11,8,2005,Elandry,4749.833,6508.523,4749.815,6508.597,33,GA1,CI5,2,m,14,,0,0,1,0,1,,1,Simple,,,
477,11,8,2005,Elandry,4749.833,6508.523,4749.815,6508.597,33,GA1,CI5,2,m,60,,0,0,1,0,1,,1,Simple,,,
478,11,8,2005,Elandry,4749.833,6508.523,4749.815,6508.597,33,GA1,CI5,2,m,13,,0,0,1,0,1,,1,Simple,,,
479,11,8,2005,Elandry,4749.833,6508.523,4749.815,6508.597,33,GA1,CI5,2,m,18,,0,0,1,0,1,,1,Simple,,,
480,11,8,2005,Elandry,4749.833,6508.523,4749.815,6508.597,33,GA1,CI5,2,m,12,,0,0,1,0,1,,1,Simple,,,
481,11,8,2005,Elandry,4749.833,6508.523,4749.815,6508.597,33,GA1,CI5,2,f,75,,0,0,1,0,1,,1,Simple,,,
482,11,8,2005,Elandry,4749.833,6508.523,4749.815,6508.597,33,GA1,CI5,3,,,,0,0,0,0,1,,1,Simple,,,
483,11,8,2005,Elandry,4749.833,6508.523,4749.815,6508.597,33,GA1,CI5,4,,,,0,0,0,0,1,,1,Simple,,,
484,11,8,2005,Elandry,4749.833,6508.523,4749.815,6508.597,33,GA1,CI5,5,,,,0,0,0,0,1,,1,Simple,,,
485,11,8,2005,Elandry,4749.833,6508.523,4749.815,6508.597,33,GA1,CI5,6,,,,0,0,0,0,1,,1,Simple,,,
486,11,8,2005,Elandry,4749.833,6508.523,4749.815,6508.597,33,GA1,CI5,7,f,30,,0,0,0,0,1,,1,Simple,,,
487,11,8,2005,Elandry,4749.833,6508.523,4749.815,6508.597,33,GA1,CI5,8,f,52,,0,0,0,0,1,,1,Simple,,,
488,11,8,2005,Elandry,4749.833,6508.523,4749.815,6508.597,33,GA1,CI5,8,m,57,,0,0,0,0,1,,1,Simple,,,
489,11,8,2005,Elandry,4749.833,6508.523,4749.815,6508.597,33,GA1,CI5,9,m,33,,0,0,0,0,1,,1,Simple,,,
490,11,8,2005,Elandry,4749.833,6508.523,4749.815,6508.597,33,GA1,CI5,10,f,59,,0,0,0,0,1,,1,Simple,,,
491,11,8,2005,Elandry,4749.833,6508.523,4749.815,6508.597,33,GA1,CI5,11,m,74,,0,0,0,0,1,,1,Simple,,,
492,11,8,2005,Elandry,4749.833,6508.523,4749.815,6508.597,33,GA1,CI5,12,m,70,,0,0,0,0,1,,1,Simple,,,
493,11,8,2005,Elandry,4749.833,6508.523,4749.815,6508.597,33,GA1,CI5,12,m,29,,0,0,0,0,1,,1,Simple,,,
494,11,8,2005,Elandry,4749.833,6508.523,4749.815,6508.597,33,GA1,CI5,13,,,,0,0,0,0,1,,1,Simple,,,
495,11,8,2005,Elandry,4749.833,6508.523,4749.815,6508.597,33,GA1,CI5,14,m,52,,0,0,0,0,1,,1,Simple,,,
496,11,8,2005,Elandry,4749.833,6508.523,4749.815,6508.597,33,GA1,CI5,15,m,14,,0,0,0,0,1,,1,Simple,,,
497,11,8,2005,Elandry,4749.833,6508.523,4749.815,6508.597,33,GA1,CI5,15,m,45,,0,0,0,0,1,,1,Simple,,,
498,11,8,2005,Elandry,4749.833,6508.523,4749.815,6508.597,33,GA1,CI5,16,f,85,,0,0,0,0,1,,1,Simple,,,
499,11,8,2005,Elandry,4749.833,6508.523,4749.815,6508.597,33,GA1,CI5,17,f,52,,0,0,0,0,1,,1,Simple,,,
500,11,8,2005,Elandry,4749.833,6508.523,4749.815,6508.597,33,GA1,CI5,17,f,42,,0,0,0,0,1,,1,Simple,,,
501,11,8,2005,Elandry,4749.833,6508.523,4749.815,6508.597,33,GA1,CI5,17,m,20,,0,0,0,0,1,,1,Simple,,,
502,11,8,2005,Elandry,4749.833,6508.523,4749.815,6508.597,33,GA1,CI5,19,f,32,,0,0,0,0,1,,1,Simple,,,
503,11,8,2005,Glandry,4749.878,6508.437,4749.86,6508.511,34,GA1,CI6,1,,,,0,0,0,0,1,,1,Simple,,,
504,11,8,2005,Glandry,4749.878,6508.437,4749.86,6508.511,34,GA1,CI6,2,,,,0,0,0,0,1,,1,Simple,,,
505,11,8,2005,Glandry,4749.878,6508.437,4749.86,6508.511,34,GA1,CI6,3,f,45,,0,0,0,0,1,,1,Simple,2LS,,
506,11,8,2005,Glandry,4749.878,6508.437,4749.86,6508.511,34,GA1,CI6,3,m,15,,0,0,0,0,1,,1,Simple,,,
507,11,8,2005,Glandry,4749.878,6508.437,4749.86,6508.511,34,GA1,CI6,3,m,19,,0,0,0,0,1,,1,Simple,,,
508,11,8,2005,Glandry,4749.878,6508.437,4749.86,6508.511,34,GA1,CI6,3,m,18,,0,0,0,0,1,,1,Simple,,,
509,11,8,2005,Glandry,4749.878,6508.437,4749.86,6508.511,34,GA1,CI6,4,m,10,,0,0,0,0,1,,1,Simple,,,
510,11,8,2005,Glandry,4749.878,6508.437,4749.86,6508.511,34,GA1,CI6,5,f,33,,0,0,0,0,1,,1,Simple,LS,,
511,11,8,2005,Glandry,4749.878,6508.437,4749.86,6508.511,34,GA1,CI6,5,f,95,,0,0,0,0,1,,1,Simple,LS,,
512,11,8,2005,Glandry,4749.878,6508.437,4749.86,6508.511,34,GA1,CI6,5,m,28,,0,0,0,0,1,,1,Simple,,,
513,11,8,2005,Glandry,4749.878,6508.437,4749.86,6508.511,34,GA1,CI6,5,m,36,,0,0,0,0,1,,1,Simple,,,
514,11,8,2005,Glandry,4749.878,6508.437,4749.86,6508.511,34,GA1,CI6,5,f,55,,0,0,0,0,1,,1,Simple,,,
515,11,8,2005,Glandry,4749.878,6508.437,4749.86,6508.511,34,GA1,CI6,6,f,70,,0,0,0,0,1,,1,Simple,,,
516,11,8,2005,Glandry,4749.878,6508.437,4749.86,6508.511,34,GA1,CI6,6,f,55,,0,0,0,0,1,,1,Simple,,,
517,11,8,2005,Glandry,4749.878,6508.437,4749.86,6508.511,34,GA1,CI6,6,f,50,,0,0,0,0,1,,1,Simple,,,
518,11,8,2005,Glandry,4749.878,6508.437,4749.86,6508.511,34,GA1,CI6,6,m,40,,0,0,0,0,1,,1,Simple,,,
519,11,8,2005,Glandry,4749.878,6508.437,4749.86,6508.511,34,GA1,CI6,6,m,25,,0,0,0,0,1,,1,Simple,,,
520,11,8,2005,Glandry,4749.878,6508.437,4749.86,6508.511,34,GA1,CI6,7,f,70,,0,0,0,0,1,,1,Simple,,,
521,11,8,2005,Glandry,4749.878,6508.437,4749.86,6508.511,34,GA1,CI6,7,f,63,,0,0,0,0,1,,1,Simple,,,
522,11,8,2005,Glandry,4749.878,6508.437,4749.86,6508.511,34,GA1,CI6,8,m,23,,0,0,0,0,1,,1,Simple,,,
523,11,8,2005,Glandry,4749.878,6508.437,4749.86,6508.511,34,GA1,CI6,8,m,42,,0,0,0,0,1,,1,Simple,,,
524,11,8,2005,Glandry,4749.878,6508.437,4749.86,6508.511,34,GA1,CI6,8,b,73,,0,0,0,0,1,,1,Simple,,,
525,11,8,2005,Glandry,4749.878,6508.437,4749.86,6508.511,34,GA1,CI6,9,f,25,,0,0,0,0,1,,1,Simple,,,
526,11,8,2005,Glandry,4749.878,6508.437,4749.86,6508.511,34,GA1,CI6,9,m,60,,0,0,0,0,1,,1,Simple,,,
527,11,8,2005,Glandry,4749.878,6508.437,4749.86,6508.511,34,GA1,CI6,9,m,25,,0,0,0,0,1,,1,Simple,,,
528,11,8,2005,Glandry,4749.878,6508.437,4749.86,6508.511,34,GA1,CI6,10,m,14,,0,0,0,0,1,,1,Simple,,,
529,11,8,2005,Glandry,4749.878,6508.437,4749.86,6508.511,34,GA1,CI6,10,m,70,,0,0,0,0,1,,1,Simple,,,
530,11,8,2005,Glandry,4749.878,6508.437,4749.86,6508.511,34,GA1,CI6,10,f,58,,0,0,0,0,1,,1,Simple,,,
531,11,8,2005,Glandry,4749.878,6508.437,4749.86,6508.511,34,GA1,CI6,11,f,62,,0,0,0,0,1,,1,Simple,,,
532,11,8,2005,Glandry,4749.878,6508.437,4749.86,6508.511,34,GA1,CI6,11,m,80,,0,0,0,0,1,,1,Simple,,,
533,11,8,2005,Glandry,4749.878,6508.437,4749.86,6508.511,34,GA1,CI6,12,m,48,,0,0,0,0,1,,1,Simple,,,
534,11,8,2005,Glandry,4749.878,6508.437,4749.86,6508.511,34,GA1,CI6,12,m,55,,0,0,0,0,1,,1,Simple,,,
535,11,8,2005,Glandry,4749.878,6508.437,4749.86,6508.511,34,GA1,CI6,12,f,74,,0,0,0,0,1,,1,Simple,,,
536,11,8,2005,Glandry,4749.878,6508.437,4749.86,6508.511,34,GA1,CI6,13,m,27,,0,0,0,0,1,,1,Simple,,,
537,11,8,2005,Glandry,4749.878,6508.437,4749.86,6508.511,34,GA1,CI6,14,m,10,,0,0,0,0,1,,1,Simple,2LS,,
538,11,8,2005,Glandry,4749.878,6508.437,4749.86,6508.511,34,GA1,CI6,14,m,50,,0,0,0,0,1,,1,Simple,2LS,,
539,11,8,2005,Glandry,4749.878,6508.437,4749.86,6508.511,34,GA1,CI6,14,f,34,,0,0,0,0,1,,1,Simple,,,
540,11,8,2005,Glandry,4749.878,6508.437,4749.86,6508.511,34,GA1,CI6,15,f,50,,0,0,0,0,1,,1,Simple,,,
541,11,8,2005,Glandry,4749.878,6508.437,4749.86,6508.511,34,GA1,CI6,15,b,81,,0,0,0,0,1,,1,Simple,,,
542,11,8,2005,Glandry,4749.878,6508.437,4749.86,6508.511,34,GA1,CI6,16,f,33,,0,0,0,0,1,,1,Simple,,,
543,11,8,2005,Glandry,4749.878,6508.437,4749.86,6508.511,34,GA1,CI6,17,f,36,,0,0,0,0,1,,1,Simple,LS,,
544,11,8,2005,Glandry,4749.878,6508.437,4749.86,6508.511,34,GA1,CI6,18,f,55,,0,0,0,0,1,,1,Simple,LS,,
545,11,8,2005,Glandry,4749.878,6508.437,4749.86,6508.511,34,GA1,CI6,18,m,38,,0,0,0,0,1,,1,Simple,,,
546,11,8,2005,Glandry,4749.878,6508.437,4749.86,6508.511,34,GA1,CI6,19,m,60,,0,0,0,0,1,,1,Simple,,,
547,11,8,2005,Glandry,4749.878,6508.437,4749.86,6508.511,34,GA1,CI6,19,m,40,,0,0,0,0,1,,1,Simple,,,
548,11,8,2005,Glandry,4749.878,6508.437,4749.86,6508.511,34,GA1,CI6,20,m,55,,0,0,0,0,1,,1,Simple,,,
549,11,8,2005,Glandry,4749.878,6508.437,4749.86,6508.511,34,GA1,CI6,20,f,31,,0,0,0,0,1,,1,Simple,,,
550,11,8,2005,Elandry,4749.878,6508.437,4749.86,6508.511,34,GA1,CI6,1,,,,0,0,0,0,1,,1,Simple,,,
551,11,8,2005,Elandry,4749.878,6508.437,4749.86,6508.511,34,GA1,CI6,2,,,,0,0,1,0,1,,1,Simple,,,
552,11,8,2005,Elandry,4749.878,6508.437,4749.86,6508.511,34,GA1,CI6,3,m,33,,0,0,1,0,1,,1,Simple,,,
553,11,8,2005,Elandry,4749.878,6508.437,4749.86,6508.511,34,GA1,CI6,3,m,43,,0,0,1,0,1,,1,Simple,,,
554,11,8,2005,Elandry,4749.878,6508.437,4749.86,6508.511,34,GA1,CI6,3,m,18,,0,0,1,0,1,,1,Simple,,,
555,11,8,2005,Elandry,4749.878,6508.437,4749.86,6508.511,34,GA1,CI6,4,m,90,,0,0,0,0,1,,1,Simple,,,
556,11,8,2005,Elandry,4749.878,6508.437,4749.86,6508.511,34,GA1,CI6,5,m,80,,0,0,0,0,1,,1,Simple,,,
557,11,8,2005,Elandry,4749.878,6508.437,4749.86,6508.511,34,GA1,CI6,6,m,40,,0,0,0,0,1,,1,Simple,LS,,
558,11,8,2005,Elandry,4749.878,6508.437,4749.86,6508.511,34,GA1,CI6,7,,,,0,0,0,0,1,,1,Simple,,,
559,11,8,2005,Elandry,4749.878,6508.437,4749.86,6508.511,34,GA1,CI6,8,f,65,,0,0,0,0,1,,1,Simple,,,
560,11,8,2005,Elandry,4749.878,6508.437,4749.86,6508.511,34,GA1,CI6,9,f,73,,0,0,0,0,1,,1,Simple,,,
561,11,8,2005,Elandry,4749.878,6508.437,4749.86,6508.511,34,GA1,CI6,9,m,56,,0,0,0,0,1,,1,Simple,,,
562,11,8,2005,Elandry,4749.878,6508.437,4749.86,6508.511,34,GA1,CI6,10,m,55,,0,0,0,0,1,,1,Simple,,,
563,11,8,2005,Elandry,4749.878,6508.437,4749.86,6508.511,34,GA1,CI6,10,f,69,,0,0,0,0,1,,1,Simple,,,
564,11,8,2005,Elandry,4749.878,6508.437,4749.86,6508.511,34,GA1,CI6,11,f,37,,0,0,0,0,1,,1,Simple,,,
565,11,8,2005,Elandry,4749.878,6508.437,4749.86,6508.511,34,GA1,CI6,12,m,75,,0,0,0,0,1,,1,Simple,,,
566,11,8,2005,Elandry,4749.878,6508.437,4749.86,6508.511,34,GA1,CI6,13,m,57,,0,0,0,0,1,,1,Simple,,,
567,11,8,2005,Elandry,4749.878,6508.437,4749.86,6508.511,34,GA1,CI6,14,f,36,,0,0,0,0,1,,1,Simple,LS,,
568,11,8,2005,Elandry,4749.878,6508.437,4749.86,6508.511,34,GA1,CI6,14,f,60,,0,0,0,0,1,,1,Simple,,,
569,11,8,2005,Elandry,4749.878,6508.437,4749.86,6508.511,34,GA1,CI6,14,f,65,,0,0,0,0,1,,1,Simple,,,
570,11,8,2005,Elandry,4749.878,6508.437,4749.86,6508.511,34,GA1,CI6,15,f,50,,0,0,0,0,1,,1,Simple,,,
571,11,8,2005,Elandry,4749.878,6508.437,4749.86,6508.511,34,GA1,CI6,15,f,120,,0,0,0,0,1,,1,Simple,,,
572,11,8,2005,Elandry,4749.878,6508.437,4749.86,6508.511,34,GA1,CI6,15,f,72,,0,0,0,0,1,,1,Simple,,,
573,11,8,2005,Elandry,4749.878,6508.437,4749.86,6508.511,34,GA1,CI6,16,m,46,,0,0,0,0,1,,1,Simple,,,
574,11,8,2005,Elandry,4749.878,6508.437,4749.86,6508.511,34,GA1,CI6,17,f,38,,0,0,0,0,1,,1,Simple,,,
575,11,8,2005,Elandry,4749.878,6508.437,4749.86,6508.511,34,GA1,CI6,17,f,53,,0,0,0,0,1,,1,Simple,,,
576,11,8,2005,Elandry,4749.878,6508.437,4749.86,6508.511,34,GA1,CI6,20,m,37,,0,0,0,0,1,,1,Simple,,,
577,11,8,2005,Elandry,4749.878,6508.437,4749.86,6508.511,34,GA1,CI6,20,m,58,,0,0,0,0,1,,1,Simple,,,
578,10,8,2005,Glandry,4749.714,6509.19,4749.701,6509.27,31,GA1,CII1,1,m,68,,0,0,1,0,0,,1,Simple,,,
579,10,8,2005,Glandry,4749.714,6509.19,4749.701,6509.27,31,GA1,CII1,1,m,87,,0,0,1,0,0,,1,Simple,,,
580,10,8,2005,Glandry,4749.714,6509.19,4749.701,6509.27,31,GA1,CII1,2,f,31,,0,0,1,0,0,,1,Simple,,,
581,10,8,2005,Glandry,4749.714,6509.19,4749.701,6509.27,31,GA1,CII1,3,m,40,,0,0,1,0,0,,1,Simple,LS,,
582,10,8,2005,Glandry,4749.714,6509.19,4749.701,6509.27,31,GA1,CII1,3,m,30,,0,0,1,0,0,,1,Simple,,,
583,10,8,2005,Glandry,4749.714,6509.19,4749.701,6509.27,31,GA1,CII1,4,m,90,,0,0,1,0,0,,1,Simple,,,
584,10,8,2005,Glandry,4749.714,6509.19,4749.701,6509.27,31,GA1,CII1,4,m,43,,0,0,1,0,0,,1,Simple,,,
585,10,8,2005,Glandry,4749.714,6509.19,4749.701,6509.27,31,GA1,CII1,4,f,69,,0,0,1,0,0,,1,Simple,,,
586,10,8,2005,Glandry,4749.714,6509.19,4749.701,6509.27,31,GA1,CII1,5,m,65,,0,0,1,0,1,,1,Simple,,,
587,10,8,2005,Glandry,4749.714,6509.19,4749.701,6509.27,31,GA1,CII1,6,f,40,,0,0,1,0,1,,1,Simple,,,
588,10,8,2005,Glandry,4749.714,6509.19,4749.701,6509.27,31,GA1,CII1,7,b,77,,0,0,1,0,1,,1,Simple,,,
589,10,8,2005,Glandry,4749.714,6509.19,4749.701,6509.27,31,GA1,CII1,7,m,15,,0,0,1,0,1,,1,Simple,,,
590,10,8,2005,Glandry,4749.714,6509.19,4749.701,6509.27,31,GA1,CII1,7,m,17,,0,0,1,0,1,,1,Simple,,,
591,10,8,2005,Glandry,4749.714,6509.19,4749.701,6509.27,31,GA1,CII1,7,m,18,,0,0,1,0,1,,1,Simple,,,
592,10,8,2005,Glandry,4749.714,6509.19,4749.701,6509.27,31,GA1,CII1,8,m,16,,0,0,0,0,1,,1,Simple,,,
593,10,8,2005,Glandry,4749.714,6509.19,4749.701,6509.27,31,GA1,CII1,8,f,42,,0,0,0,0,1,,1,Simple,,,
594,10,8,2005,Glandry,4749.714,6509.19,4749.701,6509.27,31,GA1,CII1,9,m,14,,0,0,0,0,1,,1,Simple,,,
595,10,8,2005,Glandry,4749.714,6509.19,4749.701,6509.27,31,GA1,CII1,9,m,21,,0,0,0,0,1,,1,Simple,,,
596,10,8,2005,Glandry,4749.714,6509.19,4749.701,6509.27,31,GA1,CII1,10,m,17,,0,0,0,0,1,,1,Simple,,,
597,10,8,2005,Glandry,4749.714,6509.19,4749.701,6509.27,31,GA1,CII1,11,m,79,,0,0,1,0,1,,1,Simple,LS,,
598,10,8,2005,Glandry,4749.714,6509.19,4749.701,6509.27,31,GA1,CII1,11,m,17,,0,0,1,0,1,,1,Simple,,,
599,10,8,2005,Glandry,4749.714,6509.19,4749.701,6509.27,31,GA1,CII1,11,m,24,,0,0,1,0,1,,1,Simple,,,
600,10,8,2005,Glandry,4749.714,6509.19,4749.701,6509.27,31,GA1,CII1,11,f,68,,0,0,1,0,1,,1,Simple,,,
601,10,8,2005,Glandry,4749.714,6509.19,4749.701,6509.27,31,GA1,CII1,12,f,62,,0,0,0,0,1,,1,Simple,,,
602,10,8,2005,Glandry,4749.714,6509.19,4749.701,6509.27,31,GA1,CII1,12,f,45,,0,0,0,0,1,,1,Simple,,,
603,10,8,2005,Glandry,4749.714,6509.19,4749.701,6509.27,31,GA1,CII1,13,f,49,,0,0,0,0,1,,1,Simple,,,
604,10,8,2005,Glandry,4749.714,6509.19,4749.701,6509.27,31,GA1,CII1,13,f,73,,0,0,0,0,1,,1,Simple,,,
605,10,8,2005,Glandry,4749.714,6509.19,4749.701,6509.27,31,GA1,CII1,14,f,75,,0,0,0,0,1,,1,Simple,,,
606,10,8,2005,Glandry,4749.714,6509.19,4749.701,6509.27,31,GA1,CII1,14,f,47,,0,0,0,0,1,,1,Simple,LS,,
607,10,8,2005,Glandry,4749.714,6509.19,4749.701,6509.27,31,GA1,CII1,15,f,63,,0,0,0,0,1,,1,Simple,,,
608,10,8,2005,Glandry,4749.714,6509.19,4749.701,6509.27,31,GA1,CII1,16,f,50,,0,0,1,0,1,,1,Simple,,,
609,10,8,2005,Glandry,4749.714,6509.19,4749.701,6509.27,31,GA1,CII1,17,f,124,,0,0,0,0,1,,1,Simple,LS,,
610,10,8,2005,Glandry,4749.714,6509.19,4749.701,6509.27,31,GA1,CII1,17,m,114,,0,0,0,0,1,,1,Simple,,,
611,10,8,2005,Glandry,4749.714,6509.19,4749.701,6509.27,31,GA1,CII1,17,m,78,,0,0,0,0,1,,1,Simple,,,
612,10,8,2005,Glandry,4749.714,6509.19,4749.701,6509.27,31,GA1,CII1,18,m,48,,0,0,1,0,0,,1,Simple,,,
613,10,8,2005,Glandry,4749.714,6509.19,4749.701,6509.27,31,GA1,CII1,18,m,28,,0,0,1,0,0,,1,Simple,,,
614,10,8,2005,Glandry,4749.714,6509.19,4749.701,6509.27,31,GA1,CII1,19,m,99,,0,0,1,0,0,,1,Simple,,,
615,10,8,2005,Glandry,4749.714,6509.19,4749.701,6509.27,31,GA1,CII1,19,f,38,,0,0,1,0,0,,1,Simple,,,
616,10,8,2005,Glandry,4749.714,6509.19,4749.701,6509.27,31,GA1,CII1,20,m,21,,0,0,1,0,0,,1,Simple,,,
617,10,8,2005,Elandry,4749.714,6509.19,4749.701,6509.27,31,GA1,CII1,4,f,60,,0,0,1,0,0,,1,Simple,,,
618,10,8,2005,Elandry,4749.714,6509.19,4749.701,6509.27,31,GA1,CII1,5,m,70,,0,0,1,0,0,,1,Simple,,,
619,10,8,2005,Elandry,4749.714,6509.19,4749.701,6509.27,31,GA1,CII1,6,f,25,,0,0,0,0,1,,1,Simple,,,
620,10,8,2005,Elandry,4749.714,6509.19,4749.701,6509.27,31,GA1,CII1,6,m,18,,0,0,0,0,1,,1,Simple,,,
621,10,8,2005,Elandry,4749.714,6509.19,4749.701,6509.27,31,GA1,CII1,7,m,45,,0,0,0,0,1,,1,Simple,,,
622,10,8,2005,Elandry,4749.714,6509.19,4749.701,6509.27,31,GA1,CII1,8,f,41,,0,0,0,0,1,,1,Simple,,,
623,10,8,2005,Elandry,4749.714,6509.19,4749.701,6509.27,31,GA1,CII1,8,f,37,,0,0,0,0,1,,1,Simple,,,
624,10,8,2005,Elandry,4749.714,6509.19,4749.701,6509.27,31,GA1,CII1,8,f,26,,0,0,0,0,1,,1,Simple,,,
625,10,8,2005,Elandry,4749.714,6509.19,4749.701,6509.27,31,GA1,CII1,9,m,20,,0,0,1,0,1,,1,Simple,,,
626,10,8,2005,Elandry,4749.714,6509.19,4749.701,6509.27,31,GA1,CII1,11,m,40,,0,0,1,0,1,,1,Simple,,,
627,10,8,2005,Elandry,4749.714,6509.19,4749.701,6509.27,31,GA1,CII1,12,m,58,,0,0,1,0,1,,0,Simple,,,
628,10,8,2005,Elandry,4749.714,6509.19,4749.701,6509.27,31,GA1,CII1,13,m,14,,0,0,0,0,1,,1,Simple,,,
629,10,8,2005,Elandry,4749.714,6509.19,4749.701,6509.27,31,GA1,CII1,14,m,85,,0,0,0,0,1,,1,Simple,,,
630,10,8,2005,Elandry,4749.714,6509.19,4749.701,6509.27,31,GA1,CII1,14,f,65,,0,0,0,0,1,,1,Simple,,,
631,10,8,2005,Elandry,4749.714,6509.19,4749.701,6509.27,31,GA1,CII1,14,f,53,,0,0,0,0,1,,1,Simple,,,
632,10,8,2005,Elandry,4749.714,6509.19,4749.701,6509.27,31,GA1,CII1,15,f,23,,0,0,0,0,1,,1,Simple,,,
633,10,8,2005,Elandry,4749.714,6509.19,4749.701,6509.27,31,GA1,CII1,15,f,52,,0,0,0,0,1,,1,Simple,,,
634,10,8,2005,Elandry,4749.714,6509.19,4749.701,6509.27,31,GA1,CII1,15,m,18,,0,0,0,0,1,,1,Simple,,,
635,10,8,2005,Elandry,4749.714,6509.19,4749.701,6509.27,31,GA1,CII1,15,m,44,,0,0,0,0,1,,1,Simple,,,
636,10,8,2005,Elandry,4749.714,6509.19,4749.701,6509.27,31,GA1,CII1,16,,,,0,0,1,0,1,,1,Simple,,,
637,10,8,2005,Elandry,4749.714,6509.19,4749.701,6509.27,31,GA1,CII1,17,f,28,,0,0,0,0,1,,1,Simple,,,
638,10,8,2005,Elandry,4749.714,6509.19,4749.701,6509.27,31,GA1,CII1,18,f,25,,0,0,0,0,1,,1,Simple,,,
639,10,8,2005,Elandry,4749.714,6509.19,4749.701,6509.27,31,GA1,CII1,18,m,45,,0,0,0,0,1,,1,Simple,,,
640,10,8,2005,Elandry,4749.714,6509.19,4749.701,6509.27,31,GA1,CII1,18,m,34,,0,0,0,0,1,,1,Simple,,,
641,10,8,2005,Elandry,4749.714,6509.19,4749.701,6509.27,31,GA1,CII1,20,m,33,,0,0,1,0,0,,0,Simple,,,
642,10,8,2005,Elandry,4749.714,6509.19,4749.701,6509.27,31,GA1,CII1,20,m,35,,0,0,1,0,0,,0,Simple,,,
643,10,8,2005,Glandry,4749.716,6509.271,4749.704,6509.337,32,GA1,CII2,1,m,20,,0,0,1,0,0,,1,Simple,,,
644,10,8,2005,Glandry,4749.716,6509.271,4749.704,6509.337,32,GA1,CII2,1,m,73,,0,0,1,0,0,,1,Simple,LS,,
645,10,8,2005,Glandry,4749.716,6509.271,4749.704,6509.337,32,GA1,CII2,3,f,68,,0,0,1,0,0,,0,Simple,,,
646,10,8,2005,Glandry,4749.716,6509.271,4749.704,6509.337,32,GA1,CII2,4,f,27,,0,0,1,0,0,,1,Simple,,,
647,10,8,2005,Glandry,4749.716,6509.271,4749.704,6509.337,32,GA1,CII2,4,f,83,,0,0,1,0,0,,1,Simple,,,
648,10,8,2005,Glandry,4749.716,6509.271,4749.704,6509.337,32,GA1,CII2,5,m,24,,0,0,1,0,1,,1,Simple,,,
649,10,8,2005,Glandry,4749.716,6509.271,4749.704,6509.337,32,GA1,CII2,5,m,36,,0,0,1,0,1,,1,Simple,LS,,
650,10,8,2005,Glandry,4749.716,6509.271,4749.704,6509.337,32,GA1,CII2,5,m,14,,0,0,1,0,1,,1,Simple,,,
651,10,8,2005,Glandry,4749.716,6509.271,4749.704,6509.337,32,GA1,CII2,5,m,60,,0,0,1,0,1,,1,Simple,,,
652,10,8,2005,Glandry,4749.716,6509.271,4749.704,6509.337,32,GA1,CII2,6,,,,0,0,1,0,1,,1,Simple,,,
653,10,8,2005,Glandry,4749.716,6509.271,4749.704,6509.337,32,GA1,CII2,7,f,55,,0,0,1,0,1,,1,Simple,,,
654,10,8,2005,Glandry,4749.716,6509.271,4749.704,6509.337,32,GA1,CII2,7,f,38,,0,0,1,0,1,,1,Simple,,,
655,10,8,2005,Glandry,4749.716,6509.271,4749.704,6509.337,32,GA1,CII2,8,f,51,,0,0,1,0,1,,1,Simple,,,
656,10,8,2005,Glandry,4749.716,6509.271,4749.704,6509.337,32,GA1,CII2,9,m,21,,0,0,1,0,1,,1,Simple,LS,,
657,10,8,2005,Glandry,4749.716,6509.271,4749.704,6509.337,32,GA1,CII2,10,m,18,,0,0,0,0,1,,1,Simple,LS,,
658,10,8,2005,Glandry,4749.716,6509.271,4749.704,6509.337,32,GA1,CII2,11,m,28,,0,0,0,0,1,,1,Simple,2LS,,
659,10,8,2005,Glandry,4749.716,6509.271,4749.704,6509.337,32,GA1,CII2,11,m,14,,0,0,0,0,1,,1,Simple,,,
660,10,8,2005,Glandry,4749.716,6509.271,4749.704,6509.337,32,GA1,CII2,11,m,16,,0,0,0,0,1,,1,Simple,,,
661,10,8,2005,Glandry,4749.716,6509.271,4749.704,6509.337,32,GA1,CII2,12,m,59,,0,0,0,0,1,,1,Simple,,,
662,10,8,2005,Glandry,4749.716,6509.271,4749.704,6509.337,32,GA1,CII2,13,f,33,,0,0,0,0,1,,1,Simple,,,
663,10,8,2005,Glandry,4749.716,6509.271,4749.704,6509.337,32,GA1,CII2,14,m,41,,0,0,0,0,1,,1,Simple,LS,,
664,10,8,2005,Glandry,4749.716,6509.271,4749.704,6509.337,32,GA1,CII2,14,m,14,,0,0,0,0,1,,1,Simple,,,
665,10,8,2005,Glandry,4749.716,6509.271,4749.704,6509.337,32,GA1,CII2,15,m,31,,0,0,0,0,1,,1,Simple,,,
666,10,8,2005,Glandry,4749.716,6509.271,4749.704,6509.337,32,GA1,CII2,15,m,10,,0,0,0,0,1,,1,Simple,,,
667,10,8,2005,Glandry,4749.716,6509.271,4749.704,6509.337,32,GA1,CII2,15,f,24,,0,0,0,0,1,,1,Simple,,,
668,10,8,2005,Glandry,4749.716,6509.271,4749.704,6509.337,32,GA1,CII2,16,m,17,,0,0,0,0,1,,1,Simple,,,
669,10,8,2005,Glandry,4749.716,6509.271,4749.704,6509.337,32,GA1,CII2,16,m,20,,0,0,0,0,1,,1,Simple,,,
670,10,8,2005,Glandry,4749.716,6509.271,4749.704,6509.337,32,GA1,CII2,16,m,16,,0,0,0,0,1,,1,Simple,,,
671,10,8,2005,Glandry,4749.716,6509.271,4749.704,6509.337,32,GA1,CII2,17,,,,0,0,0,0,1,,1,Simple,,,
672,10,8,2005,Glandry,4749.716,6509.271,4749.704,6509.337,32,GA1,CII2,18,f,29,,0,0,1,0,0,,1,Simple,,,
673,10,8,2005,Glandry,4749.716,6509.271,4749.704,6509.337,32,GA1,CII2,18,f,55,,0,0,1,0,0,,1,Simple,,,
674,10,8,2005,Glandry,4749.716,6509.271,4749.704,6509.337,32,GA1,CII2,19,,,,0,0,0,0,1,,1,Simple,,,
675,10,8,2005,Elandry,4749.716,6509.271,4749.704,6509.337,32,GA1,CII2,1,f,20,,0,0,0,0,1,,1,Simple,,,
676,10,8,2005,Elandry,4749.716,6509.271,4749.704,6509.337,32,GA1,CII2,1,f,30,,0,0,0,0,1,,1,Simple,,,
677,10,8,2005,Elandry,4749.716,6509.271,4749.704,6509.337,32,GA1,CII2,1,f,39,,0,0,0,0,1,,1,Simple,,,
678,10,8,2005,Elandry,4749.716,6509.271,4749.704,6509.337,32,GA1,CII2,2,f,62,,0,0,1,0,0,,1,Simple,,,
679,10,8,2005,Elandry,4749.716,6509.271,4749.704,6509.337,32,GA1,CII2,2,f,25,,0,0,1,0,0,,1,Simple,,,
680,10,8,2005,Elandry,4749.716,6509.271,4749.704,6509.337,32,GA1,CII2,4,b,69,,0,0,1,0,1,,1,Simple,,,
681,10,8,2005,Elandry,4749.716,6509.271,4749.704,6509.337,32,GA1,CII2,4,m,38,,0,0,1,0,1,,1,Simple,,,
682,10,8,2005,Elandry,4749.716,6509.271,4749.704,6509.337,32,GA1,CII2,4,m,15,,0,0,1,0,1,,1,Simple,,,
683,10,8,2005,Elandry,4749.716,6509.271,4749.704,6509.337,32,GA1,CII2,4,m,13,,0,0,1,0,1,,1,Simple,,,
684,10,8,2005,Elandry,4749.716,6509.271,4749.704,6509.337,32,GA1,CII2,4,m,22,,0,0,1,0,1,,1,Simple,,,
685,10,8,2005,Elandry,4749.716,6509.271,4749.704,6509.337,32,GA1,CII2,4,m,35,,0,0,1,0,1,,1,Simple,,,
686,10,8,2005,Elandry,4749.716,6509.271,4749.704,6509.337,32,GA1,CII2,5,m,13,,0,0,1,0,1,,1,Simple,,,
687,10,8,2005,Elandry,4749.716,6509.271,4749.704,6509.337,32,GA1,CII2,6,m,18,,0,0,1,0,1,,1,Simple,,,
688,10,8,2005,Elandry,4749.716,6509.271,4749.704,6509.337,32,GA1,CII2,6,f,70,,0,0,1,0,1,,1,Simple,,,
689,10,8,2005,Elandry,4749.716,6509.271,4749.704,6509.337,32,GA1,CII2,6,f,57,,0,0,1,0,1,,1,Simple,,,
690,10,8,2005,Elandry,4749.716,6509.271,4749.704,6509.337,32,GA1,CII2,9,f,66,,0,0,1,0,1,,0,Simple,,,
691,10,8,2005,Elandry,4749.716,6509.271,4749.704,6509.337,32,GA1,CII2,10,f,42,,0,0,0,0,1,,1,Simple,,,
692,10,8,2005,Elandry,4749.716,6509.271,4749.704,6509.337,32,GA1,CII2,11,f,56,,0,0,0,0,1,,1,Simple,,,
693,10,8,2005,Elandry,4749.716,6509.271,4749.704,6509.337,32,GA1,CII2,11,f,23,,0,0,0,0,1,,1,Simple,,,
694,10,8,2005,Elandry,4749.716,6509.271,4749.704,6509.337,32,GA1,CII2,11,f,65,,0,0,0,0,1,,1,Simple,,,
695,10,8,2005,Elandry,4749.716,6509.271,4749.704,6509.337,32,GA1,CII2,11,f,32,,0,0,0,0,1,,1,Simple,,,
696,10,8,2005,Elandry,4749.716,6509.271,4749.704,6509.337,32,GA1,CII2,12,f,34,,0,0,0,0,1,,1,Simple,,,
697,10,8,2005,Elandry,4749.716,6509.271,4749.704,6509.337,32,GA1,CII2,12,f,47,,0,0,0,0,1,,1,Simple,,,
698,10,8,2005,Elandry,4749.716,6509.271,4749.704,6509.337,32,GA1,CII2,13,f,62,,0,0,0,0,1,,1,Simple,,,
699,10,8,2005,Elandry,4749.716,6509.271,4749.704,6509.337,32,GA1,CII2,13,f,37,,0,0,0,0,1,,1,Simple,,,
700,10,8,2005,Elandry,4749.716,6509.271,4749.704,6509.337,32,GA1,CII2,14,m,18,,0,0,0,0,1,,1,Simple,,,
701,10,8,2005,Elandry,4749.716,6509.271,4749.704,6509.337,32,GA1,CII2,15,m,62,,0,0,0,0,1,,1,Simple,,,
702,10,8,2005,Elandry,4749.716,6509.271,4749.704,6509.337,32,GA1,CII2,15,f,62,,0,0,0,0,1,,1,Simple,,,
703,10,8,2005,Elandry,4749.716,6509.271,4749.704,6509.337,32,GA1,CII2,15,f,39,,0,0,0,0,1,,1,Simple,,,
704,10,8,2005,Elandry,4749.716,6509.271,4749.704,6509.337,32,GA1,CII2,16,,,,0,0,0,0,1,,1,Simple,,,
705,10,8,2005,Elandry,4749.716,6509.271,4749.704,6509.337,32,GA1,CII2,17,f,55,,0,0,0,0,1,,1,Simple,,,
706,10,8,2005,Elandry,4749.716,6509.271,4749.704,6509.337,32,GA1,CII2,17,m,14,,0,0,0,0,1,,1,Simple,,,
707,10,8,2005,Elandry,4749.716,6509.271,4749.704,6509.337,32,GA1,CII2,17,m,27,,0,0,0,0,1,,1,Simple,,,
708,10,8,2005,Elandry,4749.716,6509.271,4749.704,6509.337,32,GA1,CII2,17,m,31,,0,0,0,0,1,,1,Simple,,,
709,10,8,2005,Elandry,4749.716,6509.271,4749.704,6509.337,32,GA1,CII2,18,m,75,,0,0,0,0,1,,1,Simple,,,
710,10,8,2005,Elandry,4749.716,6509.271,4749.704,6509.337,32,GA1,CII2,18,m,30,,0,0,0,0,1,,1,Simple,,,
711,10,8,2005,Elandry,4749.716,6509.271,4749.704,6509.337,32,GA1,CII2,19,f,57,,0,0,0,0,1,,1,Simple,,,
712,10,8,2005,Glandry,4749.658,6509.453,4749.64,6509.528,31,GA1,CII3,1,f,64,,0,0,0,0,1,,1,Simple,,,
713,10,8,2005,Glandry,4749.658,6509.453,4749.64,6509.528,31,GA1,CII3,1,f,41,,0,0,0,0,1,,1,Simple,,,
714,10,8,2005,Glandry,4749.658,6509.453,4749.64,6509.528,31,GA1,CII3,2,m,25,,0,0,0,0,1,,1,Simple,,,
715,10,8,2005,Glandry,4749.658,6509.453,4749.64,6509.528,31,GA1,CII3,3,m,18,,0,0,1,0,1,,1,Simple,,,
716,10,8,2005,Glandry,4749.658,6509.453,4749.64,6509.528,31,GA1,CII3,4,m,36,,0,0,0,0,1,,1,Simple,,,
717,10,8,2005,Glandry,4749.658,6509.453,4749.64,6509.528,31,GA1,CII3,4,m,75,,0,0,0,0,1,,1,Simple,,,
718,10,8,2005,Glandry,4749.658,6509.453,4749.64,6509.528,31,GA1,CII3,5,m,15,,0,0,0,0,1,,1,Simple,,,
719,10,8,2005,Glandry,4749.658,6509.453,4749.64,6509.528,31,GA1,CII3,5,m,17,,0,0,0,0,1,,1,Simple,LS,,
720,10,8,2005,Glandry,4749.658,6509.453,4749.64,6509.528,31,GA1,CII3,6,m,45,,0,0,0,0,1,,1,Simple,,,
721,10,8,2005,Glandry,4749.658,6509.453,4749.64,6509.528,31,GA1,CII3,6,f,22,,0,0,0,0,1,,1,Simple,,,
722,10,8,2005,Glandry,4749.658,6509.453,4749.64,6509.528,31,GA1,CII3,7,f,22,,0,0,0,0,1,,1,Simple,,,
723,10,8,2005,Glandry,4749.658,6509.453,4749.64,6509.528,31,GA1,CII3,7,m,75,,0,0,0,0,1,,1,Simple,LS,,
724,10,8,2005,Glandry,4749.658,6509.453,4749.64,6509.528,31,GA1,CII3,8,m,14,,0,0,1,0,1,,1,Simple,,,
725,10,8,2005,Glandry,4749.658,6509.453,4749.64,6509.528,31,GA1,CII3,8,m,19,,0,0,1,0,1,,1,Simple,,,
726,10,8,2005,Glandry,4749.658,6509.453,4749.64,6509.528,31,GA1,CII3,8,m,50,,0,0,1,0,1,,1,Simple,,,
727,10,8,2005,Glandry,4749.658,6509.453,4749.64,6509.528,31,GA1,CII3,8,m,27,,0,0,1,0,1,,1,Simple,,,
728,10,8,2005,Glandry,4749.658,6509.453,4749.64,6509.528,31,GA1,CII3,8,f,31,,0,0,1,0,1,,1,Simple,,,
729,10,8,2005,Glandry,4749.658,6509.453,4749.64,6509.528,31,GA1,CII3,9,m,40,,0,0,0,0,1,,1,Simple,,,
730,10,8,2005,Glandry,4749.658,6509.453,4749.64,6509.528,31,GA1,CII3,9,f,65,,0,0,0,0,1,,1,Simple,LS,,
731,10,8,2005,Glandry,4749.658,6509.453,4749.64,6509.528,31,GA1,CII3,9,f,22,,0,0,0,0,1,,1,Simple,,,
732,10,8,2005,Glandry,4749.658,6509.453,4749.64,6509.528,31,GA1,CII3,10,m,19,,0,0,0,0,1,,1,Simple,,,
733,10,8,2005,Glandry,4749.658,6509.453,4749.64,6509.528,31,GA1,CII3,10,m,29,,0,0,0,0,1,,1,Simple,LS,,
734,10,8,2005,Glandry,4749.658,6509.453,4749.64,6509.528,31,GA1,CII3,17,m,20,,0,0,0,0,1,,1,Simple,,,
735,10,8,2005,Glandry,4749.658,6509.453,4749.64,6509.528,31,GA1,CII3,17,m,35,,0,0,0,0,1,,1,Simple,,,
736,10,8,2005,Glandry,4749.658,6509.453,4749.64,6509.528,31,GA1,CII3,18,m,38,,0,0,0,0,1,,1,Simple,,,
737,10,8,2005,Glandry,4749.658,6509.453,4749.64,6509.528,31,GA1,CII3,19,f,80,,0,0,0,0,1,,1,Simple,LS,,
738,10,8,2005,Glandry,4749.658,6509.453,4749.64,6509.528,31,GA1,CII3,19,f,44,,0,0,0,0,1,,1,Simple,LS,,
739,10,8,2005,Glandry,4749.658,6509.453,4749.64,6509.528,31,GA1,CII3,20,f,20,,0,0,0,0,1,,1,Simple,,,
740,10,8,2005,Glandry,4749.658,6509.453,4749.64,6509.528,31,GA1,CII3,20,m,61,,0,0,0,0,1,,1,Simple,LS,,
741,10,8,2005,Elandry,4749.658,6509.453,4749.64,6509.528,31,GA1,CII3,1,m,12,,0,0,1,0,1,,1,Simple,,,
742,10,8,2005,Elandry,4749.658,6509.453,4749.64,6509.528,31,GA1,CII3,3,m,18,,0,0,0,0,1,,1,Simple,,,
743,10,8,2005,Elandry,4749.658,6509.453,4749.64,6509.528,31,GA1,CII3,3,f,42,,0,0,0,0,1,,1,Simple,,,
744,10,8,2005,Elandry,4749.658,6509.453,4749.64,6509.528,31,GA1,CII3,3,f,55,,0,0,0,0,1,,1,Simple,,,
745,10,8,2005,Elandry,4749.658,6509.453,4749.64,6509.528,31,GA1,CII3,4,f,45,,0,0,0,0,1,,1,Simple,,,
746,10,8,2005,Elandry,4749.658,6509.453,4749.64,6509.528,31,GA1,CII3,4,m,14,,0,0,0,0,1,,1,Simple,,,
747,10,8,2005,Elandry,4749.658,6509.453,4749.64,6509.528,31,GA1,CII3,4,m,76,,0,0,0,0,1,,1,Simple,,,
748,10,8,2005,Elandry,4749.658,6509.453,4749.64,6509.528,31,GA1,CII3,5,m,14,,0,0,0,0,1,,1,Simple,,,
749,10,8,2005,Elandry,4749.658,6509.453,4749.64,6509.528,31,GA1,CII3,5,m,18,,0,0,0,0,1,,1,Simple,,,
750,10,8,2005,Elandry,4749.658,6509.453,4749.64,6509.528,31,GA1,CII3,5,m,24,,0,0,0,0,1,,1,Simple,,,
751,10,8,2005,Elandry,4749.658,6509.453,4749.64,6509.528,31,GA1,CII3,5,f,47,,0,0,0,0,1,,1,Simple,,,
752,10,8,2005,Elandry,4749.658,6509.453,4749.64,6509.528,31,GA1,CII3,5,f,25,,0,0,0,0,1,,1,Simple,,,
753,10,8,2005,Elandry,4749.658,6509.453,4749.64,6509.528,31,GA1,CII3,6,f,28,,0,0,1,0,1,,1,Simple,,,
754,10,8,2005,Elandry,4749.658,6509.453,4749.64,6509.528,31,GA1,CII3,6,m,16,,0,0,1,0,1,,1,Simple,,,
755,10,8,2005,Elandry,4749.658,6509.453,4749.64,6509.528,31,GA1,CII3,7,m,26,,0,0,1,0,1,,1,Simple,,,
756,10,8,2005,Elandry,4749.658,6509.453,4749.64,6509.528,31,GA1,CII3,8,m,50,,0,0,1,0,1,,1,Simple,,,
757,10,8,2005,Elandry,4749.658,6509.453,4749.64,6509.528,31,GA1,CII3,8,m,61,,0,0,1,0,1,,1,Simple,,,
758,10,8,2005,Elandry,4749.658,6509.453,4749.64,6509.528,31,GA1,CII3,8,f,41,,0,0,1,0,1,,1,Simple,,,
759,10,8,2005,Elandry,4749.658,6509.453,4749.64,6509.528,31,GA1,CII3,9,m,28,,0,0,1,0,1,,1,Simple,,,
760,10,8,2005,Elandry,4749.658,6509.453,4749.64,6509.528,31,GA1,CII3,9,m,44,,0,0,1,0,1,,1,Simple,,,
761,10,8,2005,Elandry,4749.658,6509.453,4749.64,6509.528,31,GA1,CII3,10,,,,0,0,1,0,1,,1,Simple,,,
762,10,8,2005,Elandry,4749.658,6509.453,4749.64,6509.528,31,GA1,CII3,11,,,,0,0,1,0,1,,1,Simple,,,
763,10,8,2005,Elandry,4749.658,6509.453,4749.64,6509.528,31,GA1,CII3,12,,,,0,0,1,0,1,,1,Simple,,,
764,10,8,2005,Elandry,4749.658,6509.453,4749.64,6509.528,31,GA1,CII3,13,m,41,,0,0,1,0,1,,0,Simple,,,
765,10,8,2005,Elandry,4749.658,6509.453,4749.64,6509.528,31,GA1,CII3,18,,,,0,0,0,0,1,,1,Simple,,,
766,10,8,2005,Elandry,4749.658,6509.453,4749.64,6509.528,31,GA1,CII3,19,m,14,,0,0,0,0,1,,1,Simple,,,
767,10,8,2005,Elandry,4749.658,6509.453,4749.64,6509.528,31,GA1,CII3,20,m,45,,0,0,0,0,1,,1,Simple,,,
768,24,8,2005,Glandry,4749.603,6510.153,4749.601,6510.236,35,GA1,CII4,1,f,71,,0,0,1,0,1,,1,Simple,,,
769,24,8,2005,Glandry,4749.603,6510.153,4749.601,6510.236,35,GA1,CII4,2,f,51,,0,0,0,0,1,,1,Simple,,,
770,24,8,2005,Glandry,4749.603,6510.153,4749.601,6510.236,35,GA1,CII4,2,m,35,,0,0,0,0,1,,1,Simple,,,
771,24,8,2005,Glandry,4749.603,6510.153,4749.601,6510.236,35,GA1,CII4,2,m,42,,0,0,0,0,1,,1,Simple,,,
772,24,8,2005,Glandry,4749.603,6510.153,4749.601,6510.236,35,GA1,CII4,2,m,85,,0,0,0,0,1,,1,Simple,,,
773,24,8,2005,Glandry,4749.603,6510.153,4749.601,6510.236,35,GA1,CII4,4,m,15,,0,0,0,0,1,,1,Simple,LS,,
774,24,8,2005,Glandry,4749.603,6510.153,4749.601,6510.236,35,GA1,CII4,5,m,15,,0,0,0,0,1,,1,Simple,,,
775,24,8,2005,Glandry,4749.603,6510.153,4749.601,6510.236,35,GA1,CII4,6,,,,0,0,0,0,1,,1,Simple,,,
776,24,8,2005,Glandry,4749.603,6510.153,4749.601,6510.236,35,GA1,CII4,8,m,22,,0,0,0,0,1,,1,Simple,,,
777,24,8,2005,Glandry,4749.603,6510.153,4749.601,6510.236,35,GA1,CII4,8,m,33,,0,0,0,0,1,,1,Simple,,,
778,24,8,2005,Glandry,4749.603,6510.153,4749.601,6510.236,35,GA1,CII4,8,f,43,,0,0,0,0,1,,1,Simple,,,
779,24,8,2005,Glandry,4749.603,6510.153,4749.601,6510.236,35,GA1,CII4,9,m,26,,0,0,0,0,1,,1,Simple,,,
780,24,8,2005,Glandry,4749.603,6510.153,4749.601,6510.236,35,GA1,CII4,10,f,43,,0,0,0,0,1,,1,Simple,LS,,
781,24,8,2005,Glandry,4749.603,6510.153,4749.601,6510.236,35,GA1,CII4,10,f,27,,0,0,0,0,1,,1,Simple,LS,,
782,24,8,2005,Glandry,4749.603,6510.153,4749.601,6510.236,35,GA1,CII4,11,f,81,,0,0,0,0,1,,1,Simple,,,
783,24,8,2005,Glandry,4749.603,6510.153,4749.601,6510.236,35,GA1,CII4,12,f,47,,0,0,0,0,1,,1,Simple,LS,,
784,24,8,2005,Glandry,4749.603,6510.153,4749.601,6510.236,35,GA1,CII4,15,f,50,,0,0,1,0,0,,1,Simple,,,
785,24,8,2005,Glandry,4749.603,6510.153,4749.601,6510.236,35,GA1,CII4,15,m,15,,0,0,1,0,0,,1,Simple,,,
786,24,8,2005,Glandry,4749.603,6510.153,4749.601,6510.236,35,GA1,CII4,15,m,33,,0,0,1,0,0,,1,Simple,,,
787,24,8,2005,Glandry,4749.603,6510.153,4749.601,6510.236,35,GA1,CII4,16,m,18,,0,0,0,0,1,,1,Simple,,,
788,24,8,2005,Glandry,4749.603,6510.153,4749.601,6510.236,35,GA1,CII4,16,f,65,,0,0,0,0,1,,1,Simple,,,
789,24,8,2005,Glandry,4749.603,6510.153,4749.601,6510.236,35,GA1,CII4,17,f,85,,0,0,0,0,1,,1,Simple,,,
790,24,8,2005,Glandry,4749.603,6510.153,4749.601,6510.236,35,GA1,CII4,18,f,22,,0,0,0,0,1,,1,Simple,LS,,
791,24,8,2005,Glandry,4749.603,6510.153,4749.601,6510.236,35,GA1,CII4,18,m,70,,0,0,0,0,1,,1,Simple,,,
792,24,8,2005,Elandry,4749.603,6510.153,4749.601,6510.236,35,GA1,CII4,1,m,52,,0,0,1,0,1,,1,Simple,,,
793,24,8,2005,Elandry,4749.603,6510.153,4749.601,6510.236,35,GA1,CII4,1,m,35,,0,0,1,0,1,,1,Simple,,,
794,24,8,2005,Elandry,4749.603,6510.153,4749.601,6510.236,35,GA1,CII4,1,f,72,,0,0,1,0,1,,1,Simple,,,
795,24,8,2005,Elandry,4749.603,6510.153,4749.601,6510.236,35,GA1,CII4,1,f,55,,0,0,1,0,1,,1,Simple,,,
796,24,8,2005,Elandry,4749.603,6510.153,4749.601,6510.236,35,GA1,CII4,2,f,52,,0,0,1,0,1,,1,Simple,,,
797,24,8,2005,Elandry,4749.603,6510.153,4749.601,6510.236,35,GA1,CII4,5,f,45,,0,0,1,0,1,,1,Simple,,,
798,24,8,2005,Elandry,4749.603,6510.153,4749.601,6510.236,35,GA1,CII4,5,f,26,,0,0,1,0,1,,1,Simple,,,
799,24,8,2005,Elandry,4749.603,6510.153,4749.601,6510.236,35,GA1,CII4,5,m,63,,0,0,1,0,1,,1,Simple,,,
800,24,8,2005,Elandry,4749.603,6510.153,4749.601,6510.236,35,GA1,CII4,5,m,47,,0,0,1,0,1,,1,Simple,,,
801,24,8,2005,Elandry,4749.603,6510.153,4749.601,6510.236,35,GA1,CII4,6,f,62,,0,0,1,0,1,,1,Simple,,,
802,24,8,2005,Elandry,4749.603,6510.153,4749.601,6510.236,35,GA1,CII4,7,m,93,,0,0,1,0,1,,1,Simple,,,
803,24,8,2005,Elandry,4749.603,6510.153,4749.601,6510.236,35,GA1,CII4,7,m,12,,0,0,1,0,1,,1,Simple,,,
804,24,8,2005,Elandry,4749.603,6510.153,4749.601,6510.236,35,GA1,CII4,7,f,30,,0,0,1,0,1,,1,Simple,,,
805,24,8,2005,Elandry,4749.603,6510.153,4749.601,6510.236,35,GA1,CII4,7,f,29,,0,0,1,0,1,,1,Simple,,,
806,24,8,2005,Elandry,4749.603,6510.153,4749.601,6510.236,35,GA1,CII4,8,f,74,,0,0,1,0,1,,1,Simple,,,
807,24,8,2005,Elandry,4749.603,6510.153,4749.601,6510.236,35,GA1,CII4,8,m,42,,0,0,1,0,1,,1,Simple,,,
808,24,8,2005,Elandry,4749.603,6510.153,4749.601,6510.236,35,GA1,CII4,9,f,42,,0,0,1,0,1,,1,Simple,,,
809,24,8,2005,Elandry,4749.603,6510.153,4749.601,6510.236,35,GA1,CII4,9,f,49,,0,0,1,0,1,,1,Simple,,,
810,24,8,2005,Elandry,4749.603,6510.153,4749.601,6510.236,35,GA1,CII4,10,f,56,,0,0,0,0,1,,1,Simple,,,
811,24,8,2005,Elandry,4749.603,6510.153,4749.601,6510.236,35,GA1,CII4,11,m,82,,0,0,0,0,1,,1,Simple,,,
812,24,8,2005,Elandry,4749.603,6510.153,4749.601,6510.236,35,GA1,CII4,12,f,42,,0,0,1,0,1,,1,Simple,,,
813,24,8,2005,Elandry,4749.603,6510.153,4749.601,6510.236,35,GA1,CII4,12,f,62,,0,0,1,0,1,,1,Simple,,,
814,24,8,2005,Elandry,4749.603,6510.153,4749.601,6510.236,35,GA1,CII4,12,f,37,,0,0,1,0,1,,1,Simple,,,
815,24,8,2005,Elandry,4749.603,6510.153,4749.601,6510.236,35,GA1,CII4,15,f,36,,0,0,1,0,1,,1,Simple,,,
816,24,8,2005,Elandry,4749.603,6510.153,4749.601,6510.236,35,GA1,CII4,15,f,68,,0,0,1,0,1,,1,Simple,,,
817,24,8,2005,Elandry,4749.603,6510.153,4749.601,6510.236,35,GA1,CII4,15,f,33,,0,0,1,0,1,,1,Simple,,,
818,24,8,2005,Elandry,4749.603,6510.153,4749.601,6510.236,35,GA1,CII4,15,m,22,,0,0,1,0,1,,1,Simple,,,
819,24,8,2005,Elandry,4749.603,6510.153,4749.601,6510.236,35,GA1,CII4,16,m,10,,0,0,0,0,1,,1,Simple,,,
820,24,8,2005,Elandry,4749.603,6510.153,4749.601,6510.236,35,GA1,CII4,16,m,14,,0,0,0,0,1,,1,Simple,,,
821,24,8,2005,Elandry,4749.603,6510.153,4749.601,6510.236,35,GA1,CII4,16,m,16,,0,0,0,0,1,,1,Simple,,,
822,24,8,2005,Elandry,4749.603,6510.153,4749.601,6510.236,35,GA1,CII4,16,f,67,,0,0,0,0,1,,1,Simple,,,
823,24,8,2005,Elandry,4749.603,6510.153,4749.601,6510.236,35,GA1,CII4,16,f,68,,0,0,0,0,1,,1,Simple,,,
824,24,8,2005,Elandry,4749.603,6510.153,4749.601,6510.236,35,GA1,CII4,16,f,38,,0,0,0,0,1,,1,Simple,,,
825,24,8,2005,Elandry,4749.603,6510.153,4749.601,6510.236,35,GA1,CII4,17,f,122,,0,0,0,0,1,,1,Simple,,,
826,24,8,2005,Elandry,4749.603,6510.153,4749.601,6510.236,35,GA1,CII4,17,f,73,,0,0,0,0,1,,1,Simple,,,
827,24,8,2005,Elandry,4749.603,6510.153,4749.601,6510.236,35,GA1,CII4,17,f,24,,0,0,0,0,1,,1,Simple,,,
828,24,8,2005,Elandry,4749.603,6510.153,4749.601,6510.236,35,GA1,CII4,18,f,54,,0,0,0,0,1,,1,Simple,,,
829,24,8,2005,Elandry,4749.603,6510.153,4749.601,6510.236,35,GA1,CII4,19,f,64,,0,0,0,0,1,,1,Simple,,,
830,24,8,2005,Elandry,4749.603,6510.153,4749.601,6510.236,35,GA1,CII4,19,f,59,,0,0,0,0,1,,1,Simple,,,
831,24,8,2005,Glandry,4749.578,6510.222,4749.565,6510.293,31,GA1,CII5,1,m,55,,0,0,1,0,1,,1,Simple,,,
832,24,8,2005,Glandry,4749.578,6510.222,4749.565,6510.293,31,GA1,CII5,4,m,47,,0,0,1,0,1,,1,Simple,,,
833,24,8,2005,Glandry,4749.578,6510.222,4749.565,6510.293,31,GA1,CII5,4,m,60,,0,0,1,0,1,,1,Simple,,,
834,24,8,2005,Glandry,4749.578,6510.222,4749.565,6510.293,31,GA1,CII5,5,f,50,,0,0,1,0,1,,1,Simple,,,
835,24,8,2005,Glandry,4749.578,6510.222,4749.565,6510.293,31,GA1,CII5,5,f,21,,0,0,1,0,1,,1,Simple,,,
836,24,8,2005,Glandry,4749.578,6510.222,4749.565,6510.293,31,GA1,CII5,6,m,28,,0,0,0,0,1,,1,Simple,,,
837,24,8,2005,Glandry,4749.578,6510.222,4749.565,6510.293,31,GA1,CII5,7,m,46,,0,0,0,0,1,,1,Simple,,,
838,24,8,2005,Glandry,4749.578,6510.222,4749.565,6510.293,31,GA1,CII5,7,f,67,,0,0,0,0,1,,1,Simple,,,
839,24,8,2005,Glandry,4749.578,6510.222,4749.565,6510.293,31,GA1,CII5,10,f,21,,0,0,1,0,0,,0,Simple,,,
840,24,8,2005,Glandry,4749.578,6510.222,4749.565,6510.293,31,GA1,CII5,11,f,80,,0,0,1,0,1,,1,Simple,,,
841,24,8,2005,Glandry,4749.578,6510.222,4749.565,6510.293,31,GA1,CII5,11,f,27,,0,0,1,0,1,,1,Simple,,,
842,24,8,2005,Glandry,4749.578,6510.222,4749.565,6510.293,31,GA1,CII5,11,f,40,,0,0,1,0,1,,1,Simple,,,
843,24,8,2005,Glandry,4749.578,6510.222,4749.565,6510.293,31,GA1,CII5,12,f,24,,0,0,1,0,0,,0,Simple,,,
844,24,8,2005,Glandry,4749.578,6510.222,4749.565,6510.293,31,GA1,CII5,14,m,67,,0,0,0,0,1,,1,Simple,,,
845,24,8,2005,Glandry,4749.578,6510.222,4749.565,6510.293,31,GA1,CII5,15,m,63,,0,0,1,0,1,,1,Simple,,,
846,24,8,2005,Glandry,4749.578,6510.222,4749.565,6510.293,31,GA1,CII5,16,m,50,,0,0,1,0,1,,1,Simple,,,
847,24,8,2005,Glandry,4749.578,6510.222,4749.565,6510.293,31,GA1,CII5,17,m,50,,0,0,1,0,0,,0,Simple,,,
848,24,8,2005,Elandry,4749.578,6510.222,4749.565,6510.293,31,GA1,CII5,1,m,55,,0,0,0,0,1,,1,Simple,,,
849,24,8,2005,Elandry,4749.578,6510.222,4749.565,6510.293,31,GA1,CII5,1,m,38,,0,0,0,0,1,,1,Simple,,,
850,24,8,2005,Elandry,4749.578,6510.222,4749.565,6510.293,31,GA1,CII5,1,f,49,,0,0,0,0,1,,1,Simple,,,
851,24,8,2005,Elandry,4749.578,6510.222,4749.565,6510.293,31,GA1,CII5,2,m,52,,0,0,1,0,1,,1,Simple,,,
852,24,8,2005,Elandry,4749.578,6510.222,4749.565,6510.293,31,GA1,CII5,3,,,,0,0,0,0,1,,1,Simple,LS,,
853,24,8,2005,Elandry,4749.578,6510.222,4749.565,6510.293,31,GA1,CII5,4,m,30,,0,0,1,0,1,,1,Simple,LS,,
854,24,8,2005,Elandry,4749.578,6510.222,4749.565,6510.293,31,GA1,CII5,5,m,100,,0,0,0,0,1,,1,Simple,LS,,
855,24,8,2005,Elandry,4749.578,6510.222,4749.565,6510.293,31,GA1,CII5,5,m,51,,0,0,0,0,1,,1,Simple,,,
856,24,8,2005,Elandry,4749.578,6510.222,4749.565,6510.293,31,GA1,CII5,6,,,,0,0,0,0,1,,1,Simple,,,
857,24,8,2005,Elandry,4749.578,6510.222,4749.565,6510.293,31,GA1,CII5,9,,,,0,0,1,0,1,,1,Simple,,,
858,24,8,2005,Elandry,4749.578,6510.222,4749.565,6510.293,31,GA1,CII5,10,f,66,,0,0,0,0,1,,1,Simple,,,
859,24,8,2005,Elandry,4749.578,6510.222,4749.565,6510.293,31,GA1,CII5,10,m,25,,0,0,0,0,1,,1,Simple,,,
860,24,8,2005,Elandry,4749.578,6510.222,4749.565,6510.293,31,GA1,CII5,11,f,66,,0,0,1,0,1,,1,Simple,,,
861,24,8,2005,Elandry,4749.578,6510.222,4749.565,6510.293,31,GA1,CII5,11,f,76,,0,0,1,0,1,,1,Simple,,,
862,24,8,2005,Elandry,4749.578,6510.222,4749.565,6510.293,31,GA1,CII5,12,f,49,,0,0,0,0,1,,1,Simple,,,
863,24,8,2005,Elandry,4749.578,6510.222,4749.565,6510.293,31,GA1,CII5,12,f,25,,0,0,0,0,1,,1,Simple,,,
864,24,8,2005,Elandry,4749.578,6510.222,4749.565,6510.293,31,GA1,CII5,12,f,24,,0,0,0,0,1,,1,Simple,,,
865,24,8,2005,Elandry,4749.578,6510.222,4749.565,6510.293,31,GA1,CII5,12,f,33,,0,0,0,0,1,,1,Simple,,,
866,24,8,2005,Elandry,4749.578,6510.222,4749.565,6510.293,31,GA1,CII5,12,m,69,,0,0,0,0,1,,1,Simple,,,
867,24,8,2005,Elandry,4749.578,6510.222,4749.565,6510.293,31,GA1,CII5,12,m,43,,0,0,0,0,1,,1,Simple,,,
868,24,8,2005,Elandry,4749.578,6510.222,4749.565,6510.293,31,GA1,CII5,13,m,42,,0,0,0,0,1,,1,Simple,,,
869,24,8,2005,Elandry,4749.578,6510.222,4749.565,6510.293,31,GA1,CII5,14,m,60,,0,0,1,0,1,,1,Simple,LS,,
870,24,8,2005,Elandry,4749.578,6510.222,4749.565,6510.293,31,GA1,CII5,14,m,39,,0,0,1,0,1,,1,Simple,LS,,
871,24,8,2005,Elandry,4749.578,6510.222,4749.565,6510.293,31,GA1,CII5,15,,,,0,0,1,0,1,,1,Simple,,,
872,24,8,2005,Elandry,4749.578,6510.222,4749.565,6510.293,31,GA1,CII5,18,f,43,,0,0,1,0,1,,1,Simple,,,
873,24,8,2005,Elandry,4749.578,6510.222,4749.565,6510.293,31,GA1,CII5,19,m,24,,0,0,1,0,1,,1,Simple,,,
874,24,8,2005,Elandry,4749.578,6510.222,4749.565,6510.293,31,GA1,CII5,19,m,38,,0,0,1,0,1,,1,Simple,LS,,
875,24,8,2005,Glandry,4749.599,6510.266,4749.583,6510.34,35,GA1,CII6,1,m,19,,0,0,0,0,1,,1,Simple,,,
876,24,8,2005,Glandry,4749.599,6510.266,4749.583,6510.34,35,GA1,CII6,2,m,40,,0,0,0,0,1,,1,Simple,LS,,
877,24,8,2005,Glandry,4749.599,6510.266,4749.583,6510.34,35,GA1,CII6,2,f,82,,0,0,0,0,1,,1,Simple,,,
878,24,8,2005,Glandry,4749.599,6510.266,4749.583,6510.34,35,GA1,CII6,2,f,24,,0,0,0,0,1,,1,Simple,,,
879,24,8,2005,Glandry,4749.599,6510.266,4749.583,6510.34,35,GA1,CII6,2,f,65,,0,0,0,0,1,,1,Simple,,,
880,24,8,2005,Glandry,4749.599,6510.266,4749.583,6510.34,35,GA1,CII6,3,f,46,,0,0,0,0,1,,1,Simple,,,
881,24,8,2005,Glandry,4749.599,6510.266,4749.583,6510.34,35,GA1,CII6,3,f,26,,0,0,0,0,1,,1,Simple,,,
882,24,8,2005,Glandry,4749.599,6510.266,4749.583,6510.34,35,GA1,CII6,3,f,65,,0,0,0,0,1,,1,Simple,,,
883,24,8,2005,Glandry,4749.599,6510.266,4749.583,6510.34,35,GA1,CII6,3,m,82,,0,0,0,0,1,,1,Simple,,,
884,24,8,2005,Glandry,4749.599,6510.266,4749.583,6510.34,35,GA1,CII6,4,m,12,,0,0,0,0,1,,1,Simple,,,
885,24,8,2005,Glandry,4749.599,6510.266,4749.583,6510.34,35,GA1,CII6,4,m,13,,0,0,0,0,1,,1,Simple,,,
886,24,8,2005,Glandry,4749.599,6510.266,4749.583,6510.34,35,GA1,CII6,4,m,71,,0,0,0,0,1,,1,Simple,,,
887,24,8,2005,Glandry,4749.599,6510.266,4749.583,6510.34,35,GA1,CII6,4,f,52,,0,0,0,0,1,,1,Simple,,,
888,24,8,2005,Glandry,4749.599,6510.266,4749.583,6510.34,35,GA1,CII6,5,m,12,,0,0,0,0,1,,1,Simple,,,
889,24,8,2005,Glandry,4749.599,6510.266,4749.583,6510.34,35,GA1,CII6,5,m,80,,0,0,0,0,1,,1,Simple,,,
890,24,8,2005,Glandry,4749.599,6510.266,4749.583,6510.34,35,GA1,CII6,5,m,61,,0,0,0,0,1,,1,Simple,,,
891,24,8,2005,Glandry,4749.599,6510.266,4749.583,6510.34,35,GA1,CII6,6,f,26,,0,0,0,0,1,,1,Simple,,,
892,24,8,2005,Glandry,4749.599,6510.266,4749.583,6510.34,35,GA1,CII6,7,f,64,,0,0,0,0,1,,1,Simple,LS,,
893,24,8,2005,Glandry,4749.599,6510.266,4749.583,6510.34,35,GA1,CII6,7,m,58,,0,0,0,0,1,,1,Simple,,,
894,24,8,2005,Glandry,4749.599,6510.266,4749.583,6510.34,35,GA1,CII6,7,m,36,,0,0,0,0,1,,1,Simple,,,
895,24,8,2005,Glandry,4749.599,6510.266,4749.583,6510.34,35,GA1,CII6,8,m,72,,0,0,0,0,1,,1,Simple,,,
896,24,8,2005,Glandry,4749.599,6510.266,4749.583,6510.34,35,GA1,CII6,8,f,48,,0,0,0,0,1,,1,Simple,,,
897,24,8,2005,Glandry,4749.599,6510.266,4749.583,6510.34,35,GA1,CII6,9,m,51,,0,0,0,0,1,,1,Simple,,,
898,24,8,2005,Glandry,4749.599,6510.266,4749.583,6510.34,35,GA1,CII6,9,m,15,,0,0,0,0,1,,1,Simple,,,
899,24,8,2005,Glandry,4749.599,6510.266,4749.583,6510.34,35,GA1,CII6,10,m,18,,0,0,0,0,1,,1,Simple,LS,,
900,24,8,2005,Glandry,4749.599,6510.266,4749.583,6510.34,35,GA1,CII6,10,m,14,,0,0,0,0,1,,1,Simple,LS,,
901,24,8,2005,Glandry,4749.599,6510.266,4749.583,6510.34,35,GA1,CII6,11,,,,0,0,1,0,0,,1,Simple,,,
902,24,8,2005,Glandry,4749.599,6510.266,4749.583,6510.34,35,GA1,CII6,12,m,33,,0,0,0,0,1,,1,Simple,LS,,
903,24,8,2005,Glandry,4749.599,6510.266,4749.583,6510.34,35,GA1,CII6,12,f,42,,0,0,0,0,1,,1,Simple,,,
904,24,8,2005,Glandry,4749.599,6510.266,4749.583,6510.34,35,GA1,CII6,13,m,22,,0,0,0,0,1,,1,Simple,,,
905,24,8,2005,Glandry,4749.599,6510.266,4749.583,6510.34,35,GA1,CII6,14,,,,0,0,0,0,1,,1,Simple,LS,,
906,24,8,2005,Glandry,4749.599,6510.266,4749.583,6510.34,35,GA1,CII6,15,f,62,,0,0,1,0,0,,0,Simple,LS,,
907,24,8,2005,Elandry,4749.599,6510.266,4749.583,6510.34,35,GA1,CII6,1,f,46,,0,0,0,0,1,,1,Simple,,,
908,24,8,2005,Elandry,4749.599,6510.266,4749.583,6510.34,35,GA1,CII6,2,m,55,,0,0,0,0,1,,1,Simple,,,
909,24,8,2005,Elandry,4749.599,6510.266,4749.583,6510.34,35,GA1,CII6,2,m,36,,0,0,0,0,1,,1,Simple,,,
910,24,8,2005,Elandry,4749.599,6510.266,4749.583,6510.34,35,GA1,CII6,2,m,34,,0,0,0,0,1,,1,Simple,,,
911,24,8,2005,Elandry,4749.599,6510.266,4749.583,6510.34,35,GA1,CII6,3,m,16,,0,0,0,0,1,,1,Simple,,,
912,24,8,2005,Elandry,4749.599,6510.266,4749.583,6510.34,35,GA1,CII6,3,f,63,,0,0,0,0,1,,1,Simple,,,
913,24,8,2005,Elandry,4749.599,6510.266,4749.583,6510.34,35,GA1,CII6,3,f,37,,0,0,0,0,1,,1,Simple,,,
914,24,8,2005,Elandry,4749.599,6510.266,4749.583,6510.34,35,GA1,CII6,4,f,25,,0,0,0,0,1,,1,Simple,,,
915,24,8,2005,Elandry,4749.599,6510.266,4749.583,6510.34,35,GA1,CII6,4,f,32,,0,0,0,0,1,,1,Simple,,,
916,24,8,2005,Elandry,4749.599,6510.266,4749.583,6510.34,35,GA1,CII6,4,m,45,,0,0,0,0,1,,1,Simple,,,
917,24,8,2005,Elandry,4749.599,6510.266,4749.583,6510.34,35,GA1,CII6,5,m,26,,0,0,0,0,1,,1,Simple,,,
918,24,8,2005,Elandry,4749.599,6510.266,4749.583,6510.34,35,GA1,CII6,5,m,75,,0,0,0,0,1,,1,Simple,,,
919,24,8,2005,Elandry,4749.599,6510.266,4749.583,6510.34,35,GA1,CII6,5,f,40,,0,0,0,0,1,,1,Simple,,,
920,24,8,2005,Elandry,4749.599,6510.266,4749.583,6510.34,35,GA1,CII6,6,m,80,,0,0,0,0,1,,1,Simple,,,
921,24,8,2005,Elandry,4749.599,6510.266,4749.583,6510.34,35,GA1,CII6,7,,,,0,0,0,0,1,,1,Simple,,,
922,24,8,2005,Elandry,4749.599,6510.266,4749.583,6510.34,35,GA1,CII6,8,f,50,,0,0,0,0,1,,1,Simple,,,
923,24,8,2005,Elandry,4749.599,6510.266,4749.583,6510.34,35,GA1,CII6,9,f,70,,0,0,0,0,1,,1,Simple,,,
924,24,8,2005,Elandry,4749.599,6510.266,4749.583,6510.34,35,GA1,CII6,9,m,25,,0,0,0,0,1,,1,Simple,,,
925,24,8,2005,Elandry,4749.599,6510.266,4749.583,6510.34,35,GA1,CII6,10,m,25,,0,0,0,0,1,,1,Simple,,,
926,24,8,2005,Elandry,4749.599,6510.266,4749.583,6510.34,35,GA1,CII6,10,m,42,,0,0,0,0,1,,1,Simple,,,
927,24,8,2005,Elandry,4749.599,6510.266,4749.583,6510.34,35,GA1,CII6,10,f,23,,0,0,0,0,1,,1,Simple,,,
928,24,8,2005,Elandry,4749.599,6510.266,4749.583,6510.34,35,GA1,CII6,11,f,55,,0,0,0,0,1,,1,Simple,,,
929,24,8,2005,Elandry,4749.599,6510.266,4749.583,6510.34,35,GA1,CII6,12,,,,0,0,1,0,1,,1,Simple,,,
930,24,8,2005,Elandry,4749.599,6510.266,4749.583,6510.34,35,GA1,CII6,13,m,25,,0,0,1,0,1,,1,Simple,,,
931,24,8,2005,Elandry,4749.599,6510.266,4749.583,6510.34,35,GA1,CII6,14,f,33,,0,0,0,0,1,,1,Simple,,,
932,24,8,2005,Elandry,4749.599,6510.266,4749.583,6510.34,35,GA1,CII6,14,f,21,,0,0,0,0,1,,1,Simple,,,
933,24,8,2005,Elandry,4749.599,6510.266,4749.583,6510.34,35,GA1,CII6,15,,,,0,0,1,0,1,,1,Simple,,,
934,24,8,2005,Elandry,4749.599,6510.266,4749.583,6510.34,35,GA1,CII6,16,,,,0,0,1,0,1,,1,Simple,,,
